hour,day,speed,free_speed,speed_ratio,is_weekend,is_rush_hour,is_night,congestion
6,4,62.4,100,0.624,0,0,0,1
6,2,48.3,50,0.966,0,0,0,0
3,3,20.7,30,0.69,0,0,1,1
5,2,41.3,50,0.826,0,0,1,0
21,5,54.2,60,0.9033333333333334,0,0,0,0
9,4,47.6,100,0.47600000000000003,0,1,0,1
18,4,6.9,60,0.115,0,1,0,2
18,7,49.4,50,0.988,1,1,0,0
13,2,48.5,60,0.8083333333333333,0,0,0,0
14,4,23.0,50,0.46,0,0,0,1
13,1,27.0,50,0.54,0,0,0,1
5,6,59.5,60,0.9916666666666667,1,0,1,0
11,2,20.8,60,0.3466666666666667,0,0,0,2
14,6,41.6,50,0.8320000000000001,1,0,0,0
15,5,27.7,50,0.5539999999999999,0,0,0,1
12,1,37.7,50,0.754,0,0,0,0
8,1,47.7,50,0.9540000000000001,0,1,0,0
16,3,57.5,80,0.71875,0,0,0,1
8,4,17.0,80,0.2125,0,1,0,2
15,7,39.7,60,0.6616666666666667,1,0,0,1
7,6,62.4,80,0.78,1,1,0,0
13,3,53.9,80,0.67375,0,0,0,1
6,3,45.4,60,0.7566666666666666,0,0,0,0
12,3,16.2,30,0.5399999999999999,0,0,0,1
3,6,44.2,50,0.884,1,0,1,0
3,5,23.7,30,0.7899999999999999,0,0,1,0
1,2,77.4,80,0.9675,0,0,1,0
11,4,12.6,60,0.21,0,0,0,2
22,4,31.7,60,0.5283333333333333,0,0,1,1
19,5,70.2,80,0.8775000000000001,0,1,0,0
8,6,41.7,50,0.8340000000000001,1,1,0,0
14,3,39.2,60,0.6533333333333334,0,0,0,1
16,6,18.6,100,0.18600000000000003,1,0,0,2
1,3,45.6,60,0.76,0,0,1,0
16,2,49.2,60,0.8200000000000001,0,0,0,0
0,1,43.6,50,0.872,0,0,1,0
5,7,31.1,60,0.5183333333333333,1,0,1,1
5,5,53.0,60,0.8833333333333333,0,0,1,0
15,1,46.2,50,0.924,0,0,0,0
2,4,55.7,60,0.9283333333333333,0,0,1,0
18,4,39.0,60,0.65,0,1,0,1
6,2,53.1,80,0.6637500000000001,0,0,0,1
17,7,31.0,60,0.5166666666666667,1,1,0,1
15,2,81.5,100,0.815,0,0,0,0
0,6,25.2,80,0.315,1,0,1,2
8,1,24.3,60,0.405,0,1,0,2
23,6,61.7,80,0.77125,1,0,1,0
7,4,8.3,80,0.10375000000000001,0,1,0,2
2,1,26.6,30,0.8866666666666667,0,0,1,0
21,3,55.7,60,0.9283333333333333,0,0,0,0
0,6,38.3,60,0.6383333333333333,1,0,1,1
6,3,28.6,60,0.4766666666666667,0,0,0,1
18,6,49.7,50,0.9940000000000001,1,1,0,0
12,3,54.4,80,0.6799999999999999,0,0,0,1
0,4,31.0,60,0.5166666666666667,0,0,1,1
15,3,27.8,60,0.4633333333333333,0,0,0,1
11,4,58.3,60,0.9716666666666666,0,0,0,0
8,5,42.9,100,0.429,0,1,0,2
2,4,67.7,80,0.8462500000000001,0,0,1,0
22,1,53.4,60,0.89,0,0,1,0
21,2,80.2,100,0.802,0,0,0,0
14,6,49.4,60,0.8233333333333334,1,0,0,0
16,1,30.5,50,0.61,0,0,0,1
9,7,54.2,60,0.9033333333333334,1,1,0,0
6,1,46.1,60,0.7683333333333333,0,0,0,0
13,6,44.7,80,0.5587500000000001,1,0,0,1
1,7,47.3,60,0.7883333333333333,1,0,1,0
21,2,60.8,80,0.76,0,0,0,0
14,6,41.4,60,0.69,1,0,0,1
11,4,45.8,60,0.7633333333333333,0,0,0,0
19,6,39.6,60,0.66,1,1,0,1
12,2,56.9,60,0.9483333333333334,0,0,0,0
18,4,40.3,80,0.5037499999999999,0,1,0,1
22,7,47.6,60,0.7933333333333333,1,0,1,0
0,7,46.4,50,0.9279999999999999,1,0,1,0
7,5,17.5,50,0.35,0,1,0,2
4,6,71.3,80,0.89125,1,0,1,0
18,5,23.8,50,0.47600000000000003,0,1,0,1
14,1,9.6,60,0.16,0,0,0,2
15,2,44.0,80,0.55,0,0,0,1
4,7,12.0,30,0.4,1,0,1,2
19,7,8.1,30,0.26999999999999996,1,1,0,2
23,5,59.2,60,0.9866666666666667,0,0,1,0
1,1,76.0,80,0.95,0,0,1,0
11,2,57.2,60,0.9533333333333334,0,0,0,0
10,5,38.3,60,0.6383333333333333,0,0,0,1
10,4,42.2,50,0.8440000000000001,0,0,0,0
18,2,49.8,60,0.83,0,1,0,0
9,2,35.6,60,0.5933333333333334,0,1,0,1
20,2,21.0,60,0.35,0,0,0,2
20,5,46.9,50,0.938,0,0,0,0
2,1,65.0,80,0.8125,0,0,1,0
23,7,57.4,100,0.574,1,0,1,1
12,7,78.1,80,0.97625,1,0,0,0
19,1,13.9,60,0.23166666666666666,0,1,0,2
11,5,83.0,100,0.83,0,0,0,0
13,7,63.3,100,0.633,1,0,0,1
20,5,45.9,50,0.9179999999999999,0,0,0,0
3,5,61.8,80,0.7725,0,0,1,0
9,2,7.5,30,0.25,0,1,0,2
22,5,47.1,60,0.785,0,0,1,0
9,2,28.5,60,0.475,0,1,0,1
12,2,9.0,60,0.15,0,0,0,2
4,6,84.3,100,0.843,1,0,1,0
19,1,35.6,100,0.35600000000000004,0,1,0,2
5,4,26.7,30,0.89,0,0,1,0
9,2,11.2,60,0.18666666666666665,0,1,0,2
17,4,21.7,60,0.36166666666666664,0,1,0,2
8,7,79.2,80,0.99,1,1,0,0
16,1,79.3,80,0.99125,0,0,0,0
11,5,97.3,100,0.973,0,0,0,0
21,5,88.8,100,0.888,0,0,0,0
19,1,20.2,60,0.33666666666666667,0,1,0,2
0,5,56.1,60,0.935,0,0,1,0
10,4,84.9,100,0.8490000000000001,0,0,0,0
23,4,54.7,60,0.9116666666666667,0,0,1,0
7,2,27.7,50,0.5539999999999999,0,1,0,1
3,3,49.6,60,0.8266666666666667,0,0,1,0
19,5,42.9,60,0.715,0,1,0,1
5,2,58.8,60,0.98,0,0,1,0
9,6,60.5,80,0.75625,1,1,0,0
0,6,12.1,80,0.15125,1,0,1,2
20,2,23.2,60,0.38666666666666666,0,0,0,2
12,1,31.8,60,0.53,0,0,0,1
15,7,35.2,80,0.44000000000000006,1,0,0,2
5,3,59.2,60,0.9866666666666667,0,0,1,0
9,3,7.2,50,0.14400000000000002,0,1,0,2
18,5,38.7,60,0.645,0,1,0,1
1,4,43.7,50,0.8740000000000001,0,0,1,0
21,6,76.3,80,0.95375,1,0,0,0
11,5,18.6,30,0.62,0,0,0,1
14,7,52.3,80,0.6537499999999999,1,0,0,1
18,7,41.9,50,0.838,1,1,0,0
1,2,58.6,60,0.9766666666666667,0,0,1,0
19,1,14.1,60,0.235,0,1,0,2
22,2,39.4,80,0.4925,0,0,1,1
23,1,51.9,60,0.865,0,0,1,0
1,6,54.5,60,0.9083333333333333,1,0,1,0
15,3,23.5,30,0.7833333333333333,0,0,0,0
10,6,55.4,60,0.9233333333333333,1,0,0,0
2,3,18.3,60,0.305,0,0,1,2
18,3,44.1,80,0.55125,0,1,0,1
21,5,50.3,60,0.8383333333333333,0,0,0,0
13,2,41.5,50,0.83,0,0,0,0
14,1,29.7,60,0.495,0,0,0,1
15,5,3.9,30,0.13,0,0,0,2
2,5,98.1,100,0.981,0,0,1,0
13,2,52.7,80,0.6587500000000001,0,0,0,1
13,3,35.5,50,0.71,0,0,0,1
13,3,51.7,60,0.8616666666666667,0,0,0,0
2,3,42.2,50,0.8440000000000001,0,0,1,0
9,7,49.9,60,0.8316666666666667,1,1,0,0
11,1,51.8,80,0.6475,0,0,0,1
2,1,53.1,60,0.885,0,0,1,0
1,7,62.6,80,0.7825,1,0,1,0
8,5,17.6,60,0.29333333333333333,0,1,0,2
23,3,80.9,100,0.809,0,0,1,0
21,5,39.5,50,0.79,0,0,0,0
10,6,48.7,50,0.9740000000000001,1,0,0,0
22,3,59.7,60,0.995,0,0,1,0
5,2,27.1,60,0.4516666666666667,0,0,1,1
21,1,41.3,60,0.6883333333333332,0,0,0,1
1,7,57.6,60,0.9600000000000001,1,0,1,0
4,6,50.8,100,0.508,1,0,1,1
19,1,21.7,60,0.36166666666666664,0,1,0,2
5,5,32.6,60,0.5433333333333333,0,0,1,1
2,1,53.2,60,0.8866666666666667,0,0,1,0
9,4,6.5,50,0.13,0,1,0,2
4,1,69.4,80,0.8675,0,0,1,0
22,3,41.5,60,0.6916666666666667,0,0,1,1
11,2,36.1,50,0.722,0,0,0,1
11,3,18.5,30,0.6166666666666667,0,0,0,1
7,3,39.8,80,0.49749999999999994,0,1,0,1
20,5,48.1,80,0.6012500000000001,0,0,0,1
3,1,76.3,80,0.95375,0,0,1,0
6,6,70.8,80,0.885,1,0,0,0
14,1,11.5,50,0.23,0,0,0,2
13,5,48.4,100,0.484,0,0,0,1
5,3,47.1,60,0.785,0,0,1,0
14,7,42.6,60,0.7100000000000001,1,0,0,1
3,5,40.6,50,0.812,0,0,1,0
22,1,28.2,30,0.94,0,0,1,0
9,1,11.4,50,0.228,0,1,0,2
12,4,29.6,60,0.49333333333333335,0,0,0,1
14,4,50.9,80,0.63625,0,0,0,1
18,4,33.0,60,0.55,0,1,0,1
10,6,56.6,100,0.5660000000000001,1,0,0,1
14,2,89.7,100,0.897,0,0,0,0
17,1,15.1,50,0.302,0,1,0,2
11,4,45.7,100,0.457,0,0,0,1
9,1,14.7,60,0.245,0,1,0,2
13,1,48.3,100,0.483,0,0,0,1
20,2,78.4,80,0.9800000000000001,0,0,0,0
21,7,42.2,50,0.8440000000000001,1,0,0,0
20,1,31.3,50,0.626,0,0,0,1
2,7,43.1,60,0.7183333333333334,1,0,1,1
6,2,18.0,60,0.3,0,0,0,2
11,3,43.7,50,0.8740000000000001,0,0,0,0
5,5,89.5,100,0.895,0,0,1,0
21,2,15.0,30,0.5,0,0,0,1
19,1,6.5,50,0.13,0,1,0,2
7,1,28.3,50,0.5660000000000001,0,1,0,1
18,3,46.9,80,0.5862499999999999,0,1,0,1
16,5,37.2,60,0.62,0,0,0,1
0,6,70.7,80,0.88375,1,0,1,0
16,2,28.8,60,0.48000000000000004,0,0,0,1
7,5,5.8,30,0.19333333333333333,0,1,0,2
18,6,26.0,60,0.43333333333333335,1,1,0,2
17,7,48.3,60,0.8049999999999999,1,1,0,0
23,7,46.6,60,0.7766666666666667,1,0,1,0
14,5,26.0,50,0.52,0,0,0,1
1,3,48.2,50,0.9640000000000001,0,0,1,0
10,4,85.2,100,0.852,0,0,0,0
22,2,24.1,30,0.8033333333333333,0,0,1,0
18,5,27.1,80,0.33875,0,1,0,2
0,7,57.4,60,0.9566666666666667,1,0,1,0
2,7,16.5,30,0.55,1,0,1,1
8,2,58.6,80,0.7325,0,1,0,1
11,1,56.8,80,0.71,0,0,0,1
16,2,26.6,30,0.8866666666666667,0,0,0,0
12,1,47.9,50,0.958,0,0,0,0
3,2,49.1,60,0.8183333333333334,0,0,1,0
10,6,89.4,100,0.894,1,0,0,0
5,2,57.4,60,0.9566666666666667,0,0,1,0
22,5,29.3,30,0.9766666666666667,0,0,1,0
5,3,55.0,60,0.9166666666666666,0,0,1,0
6,2,84.6,100,0.846,0,0,0,0
13,2,23.7,50,0.474,0,0,0,1
3,3,41.1,50,0.8220000000000001,0,0,1,0
3,1,79.0,80,0.9875,0,0,1,0
22,7,87.1,100,0.871,1,0,1,0
3,7,38.1,50,0.762,1,0,1,0
12,3,28.9,60,0.48166666666666663,0,0,0,1
8,1,18.2,60,0.30333333333333334,0,1,0,2
6,3,52.1,80,0.65125,0,0,0,1
5,2,47.6,50,0.9520000000000001,0,0,1,0
16,5,48.1,80,0.6012500000000001,0,0,0,1
11,6,31.7,100,0.317,1,0,0,2
16,7,58.7,80,0.73375,1,0,0,1
17,1,7.1,60,0.11833333333333333,0,1,0,2
14,2,17.3,60,0.28833333333333333,0,0,0,2
21,2,56.0,60,0.9333333333333333,0,0,0,0
18,2,21.2,60,0.35333333333333333,0,1,0,2
19,7,38.2,60,0.6366666666666667,1,1,0,1
13,7,35.4,60,0.59,1,0,0,1
2,5,51.1,60,0.8516666666666667,0,0,1,0
6,7,73.2,80,0.915,1,0,0,0
12,2,42.3,60,0.705,0,0,0,1
1,7,6.0,60,0.1,1,0,1,2
12,5,7.4,60,0.12333333333333334,0,0,0,2
13,4,22.8,30,0.76,0,0,0,0
11,1,51.0,60,0.85,0,0,0,0
6,4,62.2,80,0.7775000000000001,0,0,0,0
13,6,24.0,80,0.3,1,0,0,2
15,1,77.7,100,0.777,0,0,0,0
23,4,33.9,50,0.6779999999999999,0,0,1,1
10,4,25.3,60,0.4216666666666667,0,0,0,2
10,6,59.9,60,0.9983333333333333,1,0,0,0
7,4,55.3,80,0.6912499999999999,0,1,0,1
13,2,22.8,30,0.76,0,0,0,0
2,6,64.3,80,0.80375,1,0,1,0
8,3,11.3,60,0.18833333333333335,0,1,0,2
2,2,24.3,60,0.405,0,0,1,2
2,6,27.6,60,0.46,1,0,1,1
3,6,67.8,80,0.8474999999999999,1,0,1,0
8,3,37.5,100,0.375,0,1,0,2
7,1,51.1,60,0.8516666666666667,0,1,0,0
14,6,13.4,50,0.268,1,0,0,2
5,5,38.5,50,0.77,0,0,1,0
16,2,53.9,60,0.8983333333333333,0,0,0,0
2,2,39.8,60,0.6633333333333333,0,0,1,1
23,3,63.1,80,0.7887500000000001,0,0,1,0
15,1,59.0,60,0.9833333333333333,0,0,0,0
3,7,58.2,60,0.9700000000000001,1,0,1,0
12,2,6.1,60,0.10166666666666666,0,0,0,2
10,5,76.4,80,0.9550000000000001,0,0,0,0
13,5,49.3,60,0.8216666666666667,0,0,0,0
13,3,52.5,100,0.525,0,0,0,1
23,5,75.2,80,0.9400000000000001,0,0,1,0
9,1,63.3,100,0.633,0,1,0,1
4,5,75.4,80,0.9425000000000001,0,0,1,0
3,3,46.4,50,0.9279999999999999,0,0,1,0
21,1,28.9,30,0.9633333333333333,0,0,0,0
13,7,14.4,100,0.14400000000000002,1,0,0,2
11,7,6.8,30,0.22666666666666666,1,0,0,2
18,3,11.6,60,0.19333333333333333,0,1,0,2
3,1,30.1,50,0.602,0,0,1,1
10,4,41.3,80,0.51625,0,0,0,1
10,3,8.9,80,0.11125,0,0,0,2
20,7,33.9,60,0.565,1,0,0,1
4,3,55.9,60,0.9316666666666666,0,0,1,0
1,5,32.9,50,0.6579999999999999,0,0,1,1
17,7,29.8,60,0.4966666666666667,1,1,0,1
16,5,55.6,80,0.6950000000000001,0,0,0,1
19,7,45.5,60,0.7583333333333333,1,1,0,0
2,4,62.3,80,0.7787499999999999,0,0,1,0
16,6,30.5,60,0.5083333333333333,1,0,0,1
21,6,51.5,60,0.8583333333333333,1,0,0,0
12,1,25.4,30,0.8466666666666666,0,0,0,0
13,7,55.4,60,0.9233333333333333,1,0,0,0
0,4,69.6,80,0.8699999999999999,0,0,1,0
23,1,7.4,50,0.14800000000000002,0,0,1,2
15,6,17.4,60,0.29,1,0,0,2
17,4,12.0,30,0.4,0,1,0,2
0,5,23.5,30,0.7833333333333333,0,0,1,0
6,2,30.5,60,0.5083333333333333,0,0,0,1
22,4,46.3,50,0.9259999999999999,0,0,1,0
5,1,88.5,100,0.885,0,0,1,0
17,4,29.8,80,0.3725,0,1,0,2
14,3,36.6,60,0.61,0,0,0,1
5,2,60.8,80,0.76,0,0,1,0
9,6,24.4,30,0.8133333333333332,1,1,0,0
12,1,79.5,80,0.99375,0,0,0,0
3,5,45.7,50,0.914,0,0,1,0
18,4,10.7,60,0.17833333333333332,0,1,0,2
23,1,51.0,60,0.85,0,0,1,0
21,7,25.0,50,0.5,1,0,0,1
20,7,18.8,60,0.31333333333333335,1,0,0,2
11,6,96.7,100,0.9670000000000001,1,0,0,0
8,4,18.8,30,0.6266666666666667,0,1,0,1
14,2,59.0,80,0.7375,0,0,0,1
21,5,31.7,50,0.634,0,0,0,1
14,1,35.7,50,0.7140000000000001,0,0,0,1
22,2,8.1,50,0.162,0,0,1,2
4,6,58.1,60,0.9683333333333334,1,0,1,0
14,6,37.3,60,0.6216666666666666,1,0,0,1
5,1,31.5,60,0.525,0,0,1,1
4,5,47.0,60,0.7833333333333333,0,0,1,0
12,7,46.1,60,0.7683333333333333,1,0,0,0
13,2,29.5,60,0.49166666666666664,0,0,0,1
4,4,31.4,60,0.5233333333333333,0,0,1,1
21,4,33.2,60,0.5533333333333333,0,0,0,1
11,5,46.4,80,0.58,0,0,0,1
14,7,27.6,60,0.46,1,0,0,1
13,2,38.1,50,0.762,0,0,0,0
0,7,38.6,50,0.772,1,0,1,0
0,1,51.0,60,0.85,0,0,1,0
17,3,9.5,30,0.31666666666666665,0,1,0,2
6,7,41.8,50,0.836,1,0,0,0
5,4,39.3,50,0.7859999999999999,0,0,1,0
17,2,40.4,80,0.505,0,1,0,1
22,5,30.1,60,0.5016666666666667,0,0,1,1
1,1,51.9,80,0.6487499999999999,0,0,1,1
17,2,17.6,60,0.29333333333333333,0,1,0,2
11,3,64.6,100,0.6459999999999999,0,0,0,1
18,7,38.3,60,0.6383333333333333,1,1,0,1
1,2,58.0,60,0.9666666666666667,0,0,1,0
15,5,53.1,80,0.6637500000000001,0,0,0,1
3,2,55.0,60,0.9166666666666666,0,0,1,0
5,2,68.7,80,0.85875,0,0,1,0
10,1,37.6,50,0.752,0,0,0,0
14,1,55.4,60,0.9233333333333333,0,0,0,0
0,1,45.2,60,0.7533333333333334,0,0,1,0
10,3,33.5,50,0.67,0,0,0,1
8,3,23.3,60,0.38833333333333336,0,1,0,2
20,5,51.0,60,0.85,0,0,0,0
4,7,56.5,60,0.9416666666666667,1,0,1,0
5,6,8.5,80,0.10625,1,0,1,2
22,3,29.2,30,0.9733333333333333,0,0,1,0
3,3,52.2,60,0.87,0,0,1,0
18,2,13.9,50,0.278,0,1,0,2
13,3,61.8,100,0.618,0,0,0,1
9,4,58.7,80,0.73375,0,1,0,1
10,7,52.9,60,0.8816666666666666,1,0,0,0
6,7,40.7,50,0.8140000000000001,1,0,0,0
3,4,53.3,60,0.8883333333333333,0,0,1,0
23,5,37.5,60,0.625,0,0,1,1
21,5,64.2,80,0.8025,0,0,0,0
9,2,21.7,60,0.36166666666666664,0,1,0,2
16,2,46.6,50,0.932,0,0,0,0
3,4,56.5,60,0.9416666666666667,0,0,1,0
9,1,31.1,60,0.5183333333333333,0,1,0,1
11,2,30.1,60,0.5016666666666667,0,0,0,1
4,7,45.5,50,0.91,1,0,1,0
8,6,47.1,60,0.785,1,1,0,0
2,7,51.4,60,0.8566666666666667,1,0,1,0
6,1,8.6,60,0.14333333333333334,0,0,0,2
18,4,15.5,80,0.19375,0,1,0,2
13,4,5.0,30,0.16666666666666666,0,0,0,2
7,1,23.5,50,0.47,0,1,0,1
16,4,15.5,30,0.5166666666666667,0,0,0,1
20,6,31.0,60,0.5166666666666667,1,0,0,1
2,6,19.5,60,0.325,1,0,1,2
16,3,61.2,80,0.765,0,0,0,0
11,2,92.3,100,0.9229999999999999,0,0,0,0
22,2,28.2,30,0.94,0,0,1,0
16,4,84.6,100,0.846,0,0,0,0
22,4,93.4,100,0.934,0,0,1,0
23,4,38.7,50,0.774,0,0,1,0
21,2,24.6,80,0.3075,0,0,0,2
11,6,39.0,50,0.78,1,0,0,0
22,2,50.2,60,0.8366666666666667,0,0,1,0
8,1,34.8,60,0.58,0,1,0,1
3,2,35.6,60,0.5933333333333334,0,0,1,1
21,4,78.6,80,0.9824999999999999,0,0,0,0
9,6,77.6,80,0.97,1,1,0,0
13,6,47.7,50,0.9540000000000001,1,0,0,0
14,5,24.2,30,0.8066666666666666,0,0,0,0
13,4,17.7,60,0.295,0,0,0,2
21,1,90.2,100,0.902,0,0,0,0
21,6,42.5,50,0.85,1,0,0,0
12,5,29.8,50,0.596,0,0,0,1
14,4,14.6,30,0.48666666666666664,0,0,0,1
12,7,28.8,60,0.48000000000000004,1,0,0,1
5,5,25.2,30,0.84,0,0,1,0
18,5,9.6,80,0.12,0,1,0,2
10,2,22.1,30,0.7366666666666667,0,0,0,1
18,1,26.9,50,0.5379999999999999,0,1,0,1
18,7,52.6,60,0.8766666666666667,1,1,0,0
6,1,39.7,50,0.794,0,0,0,0
3,4,75.8,80,0.9475,0,0,1,0
2,7,47.7,60,0.795,1,0,1,0
21,5,26.1,30,0.87,0,0,0,0
21,6,24.5,50,0.49,1,0,0,1
6,5,40.5,50,0.81,0,0,0,0
20,5,21.3,80,0.26625,0,0,0,2
2,1,57.7,60,0.9616666666666667,0,0,1,0
22,5,49.9,60,0.8316666666666667,0,0,1,0
17,3,15.4,60,0.25666666666666665,0,1,0,2
20,2,29.4,80,0.3675,0,0,0,2
8,1,11.2,60,0.18666666666666665,0,1,0,2
9,2,7.7,30,0.25666666666666665,0,1,0,2
10,7,19.0,60,0.31666666666666665,1,0,0,2
14,1,14.8,30,0.49333333333333335,0,0,0,1
11,1,45.6,60,0.76,0,0,0,0
22,3,46.6,60,0.7766666666666667,0,0,1,0
16,5,51.9,60,0.865,0,0,0,0
3,3,67.7,100,0.677,0,0,1,1
18,3,22.9,60,0.38166666666666665,0,1,0,2
7,2,29.8,30,0.9933333333333334,0,1,0,0
7,1,10.4,100,0.10400000000000001,0,1,0,2
3,6,49.5,50,0.99,1,0,1,0
22,6,62.5,80,0.78125,1,0,1,0
7,2,21.3,60,0.35500000000000004,0,1,0,2
1,3,27.0,30,0.9,0,0,1,0
8,1,13.9,60,0.23166666666666666,0,1,0,2
17,6,16.5,50,0.33,1,1,0,2
18,6,9.8,30,0.3266666666666667,1,1,0,2
22,7,14.9,80,0.18625,1,0,1,2
12,6,20.9,60,0.34833333333333333,1,0,0,2
6,7,53.2,60,0.8866666666666667,1,0,0,0
10,1,79.1,100,0.7909999999999999,0,0,0,0
20,7,8.0,30,0.26666666666666666,1,0,0,2
22,4,71.8,80,0.8975,0,0,1,0
23,3,46.1,50,0.922,0,0,1,0
6,4,29.8,60,0.4966666666666667,0,0,0,1
9,2,19.8,30,0.66,0,1,0,1
0,4,28.5,30,0.95,0,0,1,0
10,1,37.7,60,0.6283333333333334,0,0,0,1
1,1,52.9,60,0.8816666666666666,0,0,1,0
9,2,8.3,80,0.10375000000000001,0,1,0,2
1,5,47.2,60,0.7866666666666667,0,0,1,0
22,6,18.0,80,0.225,1,0,1,2
3,4,62.8,80,0.7849999999999999,0,0,1,0
5,5,22.7,30,0.7566666666666666,0,0,1,0
13,4,42.5,50,0.85,0,0,0,0
6,4,28.8,60,0.48000000000000004,0,0,0,1
22,4,55.1,60,0.9183333333333333,0,0,1,0
17,3,13.5,50,0.27,0,1,0,2
13,3,28.4,30,0.9466666666666667,0,0,0,0
5,5,68.8,80,0.86,0,0,1,0
3,6,46.3,60,0.7716666666666666,1,0,1,0
19,1,26.4,60,0.44,0,1,0,2
21,5,29.7,50,0.594,0,0,0,1
14,3,21.2,60,0.35333333333333333,0,0,0,2
6,1,89.1,100,0.8909999999999999,0,0,0,0
9,2,15.0,50,0.3,0,1,0,2
21,5,22.0,60,0.36666666666666664,0,0,0,2
18,2,44.7,80,0.5587500000000001,0,1,0,1
4,4,69.7,80,0.8712500000000001,0,0,1,0
5,2,26.2,30,0.8733333333333333,0,0,1,0
0,1,24.2,30,0.8066666666666666,0,0,1,0
11,4,15.6,60,0.26,0,0,0,2
20,6,38.0,50,0.76,1,0,0,0
6,3,36.6,50,0.732,0,0,0,1
15,6,11.5,60,0.19166666666666668,1,0,0,2
8,5,72.4,80,0.905,0,1,0,0
10,1,56.6,60,0.9433333333333334,0,0,0,0
5,7,30.5,50,0.61,1,0,1,1
23,7,76.6,80,0.9574999999999999,1,0,1,0
23,6,15.0,80,0.1875,1,0,1,2
2,7,43.3,50,0.866,1,0,1,0
20,4,47.3,60,0.7883333333333333,0,0,0,0
3,7,30.6,50,0.612,1,0,1,1
16,5,44.3,50,0.8859999999999999,0,0,0,0
6,6,48.4,60,0.8066666666666666,1,0,0,0
1,1,55.0,60,0.9166666666666666,0,0,1,0
1,2,54.8,60,0.9133333333333333,0,0,1,0
21,4,28.5,30,0.95,0,0,0,0
9,3,5.1,30,0.16999999999999998,0,1,0,2
6,5,47.0,50,0.94,0,0,0,0
21,7,35.3,50,0.706,1,0,0,1
13,3,66.8,100,0.6679999999999999,0,0,0,1
16,7,50.2,60,0.8366666666666667,1,0,0,0
11,1,33.5,60,0.5583333333333333,0,0,0,1
22,1,51.6,60,0.86,0,0,1,0
10,4,56.9,60,0.9483333333333334,0,0,0,0
3,5,50.9,60,0.8483333333333333,0,0,1,0
15,6,55.4,60,0.9233333333333333,1,0,0,0
11,2,24.5,60,0.4083333333333333,0,0,0,2
17,3,50.9,100,0.509,0,1,0,1
7,5,16.5,80,0.20625,0,1,0,2
5,6,20.5,30,0.6833333333333333,1,0,1,1
13,7,73.5,100,0.735,1,0,0,1
20,6,58.2,60,0.9700000000000001,1,0,0,0
22,3,45.4,60,0.7566666666666666,0,0,1,0
19,2,21.5,50,0.43,0,1,0,2
8,4,67.0,100,0.67,0,1,0,1
10,2,67.2,80,0.8400000000000001,0,0,0,0
1,6,63.5,80,0.79375,1,0,1,0
20,4,64.8,80,0.8099999999999999,0,0,0,0
19,2,21.3,60,0.35500000000000004,0,1,0,2
22,6,55.6,80,0.6950000000000001,1,0,1,1
2,1,41.6,50,0.8320000000000001,0,0,1,0
7,4,38.4,60,0.64,0,1,0,1
0,7,46.2,50,0.924,1,0,1,0
14,6,56.4,60,0.94,1,0,0,0
20,6,14.3,80,0.17875000000000002,1,0,0,2
8,3,9.6,30,0.32,0,1,0,2
5,3,25.4,30,0.8466666666666666,0,0,1,0
13,6,24.4,50,0.488,1,0,0,1
18,6,36.4,80,0.45499999999999996,1,1,0,1
7,6,96.5,100,0.965,1,1,0,0
18,6,37.4,100,0.374,1,1,0,2
19,5,20.4,100,0.204,0,1,0,2
22,1,24.1,50,0.48200000000000004,0,0,1,1
5,5,48.6,60,0.81,0,0,1,0
0,4,49.5,60,0.825,0,0,1,0
13,6,58.2,60,0.9700000000000001,1,0,0,0
1,1,59.8,60,0.9966666666666666,0,0,1,0
22,5,68.6,80,0.8574999999999999,0,0,1,0
10,6,37.5,80,0.46875,1,0,0,1
19,5,28.6,60,0.4766666666666667,0,1,0,1
8,4,79.1,80,0.9887499999999999,0,1,0,0
7,5,58.7,60,0.9783333333333334,0,1,0,0
13,7,24.9,50,0.498,1,0,0,1
21,5,39.2,60,0.6533333333333334,0,0,0,1
3,7,50.8,60,0.8466666666666666,1,0,1,0
12,3,18.3,60,0.305,0,0,0,2
22,1,46.1,60,0.7683333333333333,0,0,1,0
17,1,12.3,30,0.41000000000000003,0,1,0,2
18,4,15.6,60,0.26,0,1,0,2
2,6,48.1,60,0.8016666666666666,1,0,1,0
12,5,24.1,30,0.8033333333333333,0,0,0,0
10,4,47.5,50,0.95,0,0,0,0
16,6,49.2,60,0.8200000000000001,1,0,0,0
23,5,44.1,50,0.882,0,0,1,0
6,7,74.0,80,0.925,1,0,0,0
18,3,28.2,50,0.564,0,1,0,1
11,3,20.6,60,0.3433333333333334,0,0,0,2
11,5,25.5,60,0.425,0,0,0,2
4,1,48.9,60,0.815,0,0,1,0
22,1,46.7,60,0.7783333333333334,0,0,1,0
0,7,53.9,60,0.8983333333333333,1,0,1,0
7,4,20.9,100,0.209,0,1,0,2
8,7,54.7,60,0.9116666666666667,1,1,0,0
18,3,8.8,60,0.14666666666666667,0,1,0,2
8,1,31.7,50,0.634,0,1,0,1
20,2,44.2,60,0.7366666666666667,0,0,0,1
1,1,51.7,60,0.8616666666666667,0,0,1,0
22,5,41.1,60,0.685,0,0,1,1
22,1,28.9,30,0.9633333333333333,0,0,1,0
3,3,29.0,30,0.9666666666666667,0,0,1,0
11,2,37.1,60,0.6183333333333334,0,0,0,1
8,7,13.6,30,0.4533333333333333,1,1,0,1
21,4,52.7,60,0.8783333333333334,0,0,0,0
4,7,27.5,50,0.55,1,0,1,1
19,3,9.5,30,0.31666666666666665,0,1,0,2
10,7,16.2,30,0.5399999999999999,1,0,0,1
5,5,53.7,60,0.895,0,0,1,0
5,1,49.7,50,0.9940000000000001,0,0,1,0
23,3,46.5,60,0.775,0,0,1,0
13,6,56.5,100,0.565,1,0,0,1
5,3,39.1,50,0.782,0,0,1,0
4,2,51.7,60,0.8616666666666667,0,0,1,0
17,4,54.1,60,0.9016666666666667,0,1,0,0
19,1,36.4,60,0.6066666666666667,0,1,0,1
4,1,56.4,60,0.94,0,0,1,0
22,3,55.6,60,0.9266666666666666,0,0,1,0
16,5,59.5,60,0.9916666666666667,0,0,0,0
6,4,29.4,60,0.49,0,0,0,1
2,5,51.0,60,0.85,0,0,1,0
16,3,49.2,80,0.615,0,0,0,1
18,5,55.8,80,0.6975,0,1,0,1
4,4,89.8,100,0.898,0,0,1,0
1,3,45.6,60,0.76,0,0,1,0
21,3,55.2,60,0.92,0,0,0,0
8,6,12.7,30,0.4233333333333333,1,1,0,2
15,4,18.0,60,0.3,0,0,0,2
3,6,51.6,60,0.86,1,0,1,0
10,1,42.6,60,0.7100000000000001,0,0,0,1
17,4,23.6,80,0.29500000000000004,0,1,0,2
12,3,48.2,50,0.9640000000000001,0,0,0,0
16,1,9.7,80,0.12125,0,0,0,2
5,3,54.4,60,0.9066666666666666,0,0,1,0
22,2,55.8,60,0.9299999999999999,0,0,1,0
21,2,42.0,50,0.84,0,0,0,0
1,1,49.5,50,0.99,0,0,1,0
14,3,69.0,100,0.69,0,0,0,1
6,6,20.8,30,0.6933333333333334,1,0,0,1
0,7,33.6,50,0.672,1,0,1,1
8,7,38.4,80,0.48,1,1,0,1
22,1,73.7,80,0.92125,0,0,1,0
5,3,57.1,60,0.9516666666666667,0,0,1,0
12,2,29.0,30,0.9666666666666667,0,0,0,0
1,1,55.6,60,0.9266666666666666,0,0,1,0
1,2,64.2,80,0.8025,0,0,1,0
1,7,47.3,60,0.7883333333333333,1,0,1,0
22,3,28.8,30,0.9600000000000001,0,0,1,0
16,1,40.2,50,0.804,0,0,0,0
18,1,52.7,80,0.6587500000000001,0,1,0,1
9,2,25.3,80,0.31625000000000003,0,1,0,2
17,6,49.5,60,0.825,1,1,0,0
14,6,58.8,60,0.98,1,0,0,0
7,2,42.3,60,0.705,0,1,0,1
23,2,68.0,80,0.85,0,0,1,0
16,2,49.8,80,0.6224999999999999,0,0,0,1
16,7,32.9,60,0.5483333333333333,1,0,0,1
11,1,11.4,30,0.38,0,0,0,2
10,3,17.7,60,0.295,0,0,0,2
17,7,55.9,100,0.5589999999999999,1,1,0,1
23,4,45.6,60,0.76,0,0,1,0
0,4,45.1,60,0.7516666666666667,0,0,1,0
22,5,79.3,80,0.99125,0,0,1,0
11,3,53.6,100,0.536,0,0,0,1
20,4,37.1,80,0.46375,0,0,0,1
4,6,85.8,100,0.858,1,0,1,0
14,2,27.1,60,0.4516666666666667,0,0,0,1
6,1,28.5,50,0.57,0,0,0,1
1,1,58.2,60,0.9700000000000001,0,0,1,0
0,4,49.4,60,0.8233333333333334,0,0,1,0
23,7,36.6,50,0.732,1,0,1,1
11,5,37.1,60,0.6183333333333334,0,0,0,1
20,4,20.7,30,0.69,0,0,0,1
21,2,55.3,60,0.9216666666666666,0,0,0,0
12,5,34.1,100,0.341,0,0,0,2
13,2,16.4,30,0.5466666666666666,0,0,0,1
11,6,19.9,50,0.39799999999999996,1,0,0,2
5,1,56.6,60,0.9433333333333334,0,0,1,0
7,4,45.5,100,0.455,0,1,0,1
14,6,51.5,60,0.8583333333333333,1,0,0,0
20,1,67.0,80,0.8375,0,0,0,0
11,3,42.3,60,0.705,0,0,0,1
18,1,18.4,60,0.30666666666666664,0,1,0,2
23,5,46.0,60,0.7666666666666667,0,0,1,0
8,5,17.7,50,0.354,0,1,0,2
22,4,21.7,30,0.7233333333333333,0,0,1,1
4,4,28.3,60,0.4716666666666667,0,0,1,1
8,1,24.5,50,0.49,0,1,0,1
9,3,41.1,60,0.685,0,1,0,1
7,4,11.3,60,0.18833333333333335,0,1,0,2
16,7,86.7,100,0.867,1,0,0,0
14,7,62.9,80,0.78625,1,0,0,0
4,4,47.0,60,0.7833333333333333,0,0,1,0
17,6,52.5,60,0.875,1,1,0,0
20,6,28.6,30,0.9533333333333334,1,0,0,0
17,6,27.8,60,0.4633333333333333,1,1,0,1
5,5,38.7,60,0.645,0,0,1,1
16,3,14.6,80,0.1825,0,0,0,2
5,1,36.9,50,0.738,0,0,1,1
11,3,9.6,60,0.16,0,0,0,2
5,6,28.7,30,0.9566666666666667,1,0,1,0
1,1,99.4,100,0.9940000000000001,0,0,1,0
22,5,66.2,80,0.8275,0,0,1,0
0,3,53.5,60,0.8916666666666667,0,0,1,0
21,5,45.1,60,0.7516666666666667,0,0,0,0
4,4,90.9,100,0.909,0,0,1,0
23,2,55.9,60,0.9316666666666666,0,0,1,0
21,5,48.7,50,0.9740000000000001,0,0,0,0
12,2,99.8,100,0.998,0,0,0,0
1,3,52.2,60,0.87,0,0,1,0
2,4,22.9,30,0.7633333333333333,0,0,1,0
6,3,36.9,50,0.738,0,0,0,1
19,5,10.9,60,0.18166666666666667,0,1,0,2
12,4,25.7,50,0.514,0,0,0,1
8,5,21.0,30,0.7,0,1,0,1
12,1,57.7,100,0.5770000000000001,0,0,0,1
18,5,11.8,60,0.19666666666666668,0,1,0,2
6,7,56.6,100,0.5660000000000001,1,0,0,1
13,4,22.8,80,0.28500000000000003,0,0,0,2
12,5,44.9,50,0.898,0,0,0,0
13,4,49.4,60,0.8233333333333334,0,0,0,0
2,5,57.4,60,0.9566666666666667,0,0,1,0
3,2,76.5,80,0.95625,0,0,1,0
1,1,49.4,60,0.8233333333333334,0,0,1,0
12,5,36.3,60,0.605,0,0,0,1
21,6,5.3,30,0.17666666666666667,1,0,0,2
5,5,45.0,60,0.75,0,0,1,0
14,4,91.6,100,0.9159999999999999,0,0,0,0
14,1,43.0,80,0.5375,0,0,0,1
4,1,39.1,50,0.782,0,0,1,0
15,3,80.5,100,0.805,0,0,0,0
21,5,50.7,60,0.8450000000000001,0,0,0,0
22,7,65.4,80,0.8175000000000001,1,0,1,0
8,1,81.6,100,0.816,0,1,0,0
3,4,53.4,60,0.89,0,0,1,0
16,1,79.4,80,0.9925,0,0,0,0
23,2,51.9,60,0.865,0,0,1,0
0,7,42.0,60,0.7,1,0,1,1
16,2,66.9,80,0.83625,0,0,0,0
5,4,65.3,100,0.653,0,0,1,1
11,7,32.4,60,0.5399999999999999,1,0,0,1
14,4,44.9,80,0.56125,0,0,0,1
18,3,74.1,80,0.9262499999999999,0,1,0,0
13,2,55.6,60,0.9266666666666666,0,0,0,0
18,6,7.1,60,0.11833333333333333,1,1,0,2
0,5,40.2,80,0.5025000000000001,0,0,1,1
2,3,58.0,60,0.9666666666666667,0,0,1,0
19,7,58.1,60,0.9683333333333334,1,1,0,0
18,1,50.5,80,0.63125,0,1,0,1
2,2,36.3,80,0.45375,0,0,1,1
15,4,42.4,50,0.848,0,0,0,0
4,3,34.5,60,0.575,0,0,1,1
13,5,16.0,30,0.5333333333333333,0,0,0,1
15,1,45.8,60,0.7633333333333333,0,0,0,0
14,7,64.5,100,0.645,1,0,0,1
14,7,33.4,50,0.6679999999999999,1,0,0,1
23,4,42.9,50,0.858,0,0,1,0
7,2,8.1,60,0.13499999999999998,0,1,0,2
4,4,55.6,60,0.9266666666666666,0,0,1,0
8,1,31.6,60,0.5266666666666667,0,1,0,1
9,2,32.0,60,0.5333333333333333,0,1,0,1
9,6,76.9,100,0.769,1,1,0,0
14,6,19.6,30,0.6533333333333334,1,0,0,1
18,4,9.5,30,0.31666666666666665,0,1,0,2
21,3,34.8,60,0.58,0,0,0,1
15,6,54.0,60,0.9,1,0,0,0
3,1,45.2,50,0.904,0,0,1,0
21,3,71.8,80,0.8975,0,0,0,0
1,6,45.2,60,0.7533333333333334,1,0,1,0
3,7,49.5,50,0.99,1,0,1,0
3,1,73.4,80,0.9175000000000001,0,0,1,0
15,6,42.9,50,0.858,1,0,0,0
2,4,46.1,80,0.57625,0,0,1,1
14,4,27.2,60,0.4533333333333333,0,0,0,1
23,4,48.6,60,0.81,0,0,1,0
19,5,21.1,30,0.7033333333333334,0,1,0,1
19,7,13.6,30,0.4533333333333333,1,1,0,1
10,2,28.0,30,0.9333333333333333,0,0,0,0
0,3,50.0,60,0.8333333333333334,0,0,1,0
17,6,31.9,60,0.5316666666666666,1,1,0,1
23,6,48.8,60,0.8133333333333332,1,0,1,0
13,3,40.8,80,0.51,0,0,0,1
10,1,24.7,60,0.4116666666666667,0,0,0,2
4,1,25.6,30,0.8533333333333334,0,0,1,0
10,3,68.9,80,0.8612500000000001,0,0,0,0
10,5,70.0,80,0.875,0,0,0,0
10,2,26.3,30,0.8766666666666667,0,0,0,0
10,6,24.6,30,0.8200000000000001,1,0,0,0
2,6,29.4,30,0.98,1,0,1,0
20,5,27.5,30,0.9166666666666666,0,0,0,0
6,3,38.6,80,0.48250000000000004,0,0,0,1
4,1,52.7,60,0.8783333333333334,0,0,1,0
22,1,57.4,60,0.9566666666666667,0,0,1,0
12,7,18.4,50,0.368,1,0,0,2
13,2,48.5,60,0.8083333333333333,0,0,0,0
16,5,95.7,100,0.9570000000000001,0,0,0,0
6,6,42.4,60,0.7066666666666667,1,0,0,1
11,7,27.2,60,0.4533333333333333,1,0,0,1
8,5,20.7,60,0.345,0,1,0,2
19,7,39.9,60,0.6649999999999999,1,1,0,1
20,2,32.2,60,0.5366666666666667,0,0,0,1
21,1,56.0,60,0.9333333333333333,0,0,0,0
18,6,30.9,50,0.618,1,1,0,1
1,1,39.6,50,0.792,0,0,1,0
14,6,33.4,50,0.6679999999999999,1,0,0,1
23,3,51.4,60,0.8566666666666667,0,0,1,0
18,3,9.5,60,0.15833333333333333,0,1,0,2
17,2,18.9,60,0.315,0,1,0,2
15,7,24.2,50,0.484,1,0,0,1
6,2,56.5,60,0.9416666666666667,0,0,0,0
2,7,29.1,80,0.36375,1,0,1,2
16,3,26.7,30,0.89,0,0,0,0
20,3,45.1,60,0.7516666666666667,0,0,0,0
8,1,10.2,60,0.16999999999999998,0,1,0,2
11,3,29.9,50,0.598,0,0,0,1
18,2,6.3,60,0.105,0,1,0,2
13,6,49.2,60,0.8200000000000001,1,0,0,0
1,6,56.1,60,0.935,1,0,1,0
14,4,15.2,60,0.2533333333333333,0,0,0,2
12,5,98.6,100,0.986,0,0,0,0
9,5,55.9,60,0.9316666666666666,0,1,0,0
7,3,44.6,80,0.5575,0,1,0,1
10,2,13.7,60,0.22833333333333333,0,0,0,2
1,6,72.6,80,0.9075,1,0,1,0
1,5,44.8,50,0.8959999999999999,0,0,1,0
8,2,13.1,60,0.21833333333333332,0,1,0,2
19,1,19.7,30,0.6566666666666666,0,1,0,1
6,4,17.7,50,0.354,0,0,0,2
16,7,40.5,60,0.675,1,0,0,1
9,5,12.3,60,0.20500000000000002,0,1,0,2
12,3,41.4,50,0.828,0,0,0,0
7,5,20.4,50,0.408,0,1,0,2
11,3,46.2,50,0.924,0,0,0,0
11,3,54.5,80,0.68125,0,0,0,1
5,1,31.7,50,0.634,0,0,1,1
0,6,46.2,50,0.924,1,0,1,0
12,3,54.9,60,0.9149999999999999,0,0,0,0
14,7,13.1,80,0.16375,1,0,0,2
19,2,14.8,60,0.24666666666666667,0,1,0,2
0,5,48.5,50,0.97,0,0,1,0
2,7,55.0,60,0.9166666666666666,1,0,1,0
5,1,43.5,80,0.54375,0,0,1,1
6,5,41.8,80,0.5225,0,0,0,1
21,5,30.0,30,1.0,0,0,0,0
10,5,55.9,80,0.69875,0,0,0,1
12,3,42.6,50,0.852,0,0,0,0
16,3,28.4,30,0.9466666666666667,0,0,0,0
10,6,31.0,60,0.5166666666666667,1,0,0,1
5,7,75.2,80,0.9400000000000001,1,0,1,0
22,7,59.1,60,0.985,1,0,1,0
4,5,46.0,60,0.7666666666666667,0,0,1,0
18,3,37.1,60,0.6183333333333334,0,1,0,1
15,3,67.4,80,0.8425,0,0,0,0
4,7,21.7,50,0.434,1,0,1,2
3,6,49.8,80,0.6224999999999999,1,0,1,1
10,3,77.3,80,0.9662499999999999,0,0,0,0
23,7,76.4,100,0.764,1,0,1,0
8,6,45.4,50,0.9079999999999999,1,1,0,0
3,1,43.2,50,0.8640000000000001,0,0,1,0
14,1,60.4,80,0.755,0,0,0,0
15,1,41.6,60,0.6933333333333334,0,0,0,1
21,4,87.2,100,0.872,0,0,0,0
12,5,19.1,60,0.31833333333333336,0,0,0,2
21,2,71.9,80,0.89875,0,0,0,0
19,5,54.1,60,0.9016666666666667,0,1,0,0
19,7,40.9,80,0.51125,1,1,0,1
12,3,74.7,80,0.9337500000000001,0,0,0,0
23,7,40.2,50,0.804,1,0,1,0
16,7,43.4,60,0.7233333333333333,1,0,0,1
20,6,28.8,50,0.5760000000000001,1,0,0,1
11,1,12.2,60,0.2033333333333333,0,0,0,2
13,3,39.9,80,0.49874999999999997,0,0,0,1
19,2,24.9,50,0.498,0,1,0,1
4,4,99.2,100,0.992,0,0,1,0
7,4,10.5,50,0.21,0,1,0,2
7,5,26.2,50,0.524,0,1,0,1
16,4,48.2,60,0.8033333333333333,0,0,0,0
21,4,48.3,50,0.966,0,0,0,0
23,7,19.6,30,0.6533333333333334,1,0,1,1
13,6,29.8,50,0.596,1,0,0,1
13,3,29.1,30,0.9700000000000001,0,0,0,0
0,7,92.9,100,0.929,1,0,1,0
20,2,37.0,60,0.6166666666666667,0,0,0,1
18,4,16.5,80,0.20625,0,1,0,2
22,7,43.4,60,0.7233333333333333,1,0,1,1
20,2,36.7,60,0.6116666666666667,0,0,0,1
5,3,57.0,60,0.95,0,0,1,0
15,7,35.9,60,0.5983333333333333,1,0,0,1
7,5,21.9,80,0.27375,0,1,0,2
12,1,14.2,60,0.23666666666666666,0,0,0,2
6,1,62.6,80,0.7825,0,0,0,0
23,4,29.6,50,0.5920000000000001,0,0,1,1
21,2,61.7,100,0.617,0,0,0,1
22,6,47.5,50,0.95,1,0,1,0
2,3,53.6,60,0.8933333333333333,0,0,1,0
4,6,81.3,100,0.813,1,0,1,0
20,2,40.1,60,0.6683333333333333,0,0,0,1
12,7,50.6,60,0.8433333333333334,1,0,0,0
16,6,25.4,50,0.508,1,0,0,1
23,2,36.2,50,0.7240000000000001,0,0,1,1
7,3,13.0,50,0.26,0,1,0,2
16,4,69.7,80,0.8712500000000001,0,0,0,0
17,7,21.7,60,0.36166666666666664,1,1,0,2
13,6,40.3,60,0.6716666666666666,1,0,0,1
15,7,55.1,60,0.9183333333333333,1,0,0,0
19,2,50.5,80,0.63125,0,1,0,1
0,1,47.4,60,0.7899999999999999,0,0,1,0
2,3,45.7,60,0.7616666666666667,0,0,1,0
0,5,41.0,50,0.82,0,0,1,0
11,1,45.8,60,0.7633333333333333,0,0,0,0
6,3,53.3,60,0.8883333333333333,0,0,0,0
20,5,18.0,80,0.225,0,0,0,2
5,5,61.8,80,0.7725,0,0,1,0
16,3,50.0,60,0.8333333333333334,0,0,0,0
1,7,27.0,30,0.9,1,0,1,0
5,3,45.2,50,0.904,0,0,1,0
4,3,58.7,60,0.9783333333333334,0,0,1,0
3,2,53.1,60,0.885,0,0,1,0
3,7,31.8,60,0.53,1,0,1,1
13,3,79.8,80,0.9974999999999999,0,0,0,0
0,7,25.4,100,0.254,1,0,1,2
5,4,46.4,50,0.9279999999999999,0,0,1,0
23,7,87.5,100,0.875,1,0,1,0
23,6,9.6,30,0.32,1,0,1,2
7,2,24.2,50,0.484,0,1,0,1
15,1,27.5,30,0.9166666666666666,0,0,0,0
14,2,75.1,80,0.93875,0,0,0,0
3,7,43.0,50,0.86,1,0,1,0
1,6,96.6,100,0.966,1,0,1,0
19,6,24.2,50,0.484,1,1,0,1
14,2,28.8,50,0.5760000000000001,0,0,0,1
20,1,45.7,60,0.7616666666666667,0,0,0,0
11,7,14.4,30,0.48000000000000004,1,0,0,1
2,6,51.2,60,0.8533333333333334,1,0,1,0
9,1,81.3,100,0.813,0,1,0,0
4,2,46.8,60,0.7799999999999999,0,0,1,0
12,6,44.9,50,0.898,1,0,0,0
0,4,30.9,60,0.515,0,0,1,1
6,2,49.0,80,0.6125,0,0,0,1
21,4,99.2,100,0.992,0,0,0,0
20,7,37.8,50,0.7559999999999999,1,0,0,0
0,7,14.8,50,0.29600000000000004,1,0,1,2
9,6,37.8,80,0.4725,1,1,0,1
2,5,61.0,80,0.7625,0,0,1,0
21,2,27.7,50,0.5539999999999999,0,0,0,1
12,6,47.1,60,0.785,1,0,0,0
14,6,15.5,80,0.19375,1,0,0,2
23,3,23.1,30,0.77,0,0,1,0
22,1,32.4,60,0.5399999999999999,0,0,1,1
5,6,50.0,60,0.8333333333333334,1,0,1,0
13,6,14.5,30,0.48333333333333334,1,0,0,1
18,7,47.2,100,0.47200000000000003,1,1,0,1
18,4,23.0,60,0.38333333333333336,0,1,0,2
7,5,25.6,60,0.4266666666666667,0,1,0,2
2,4,54.9,60,0.9149999999999999,0,0,1,0
15,7,47.4,60,0.7899999999999999,1,0,0,0
15,6,44.0,50,0.88,1,0,0,0
1,7,29.8,30,0.9933333333333334,1,0,1,0
8,7,36.0,50,0.72,1,1,0,1
18,7,34.0,60,0.5666666666666667,1,1,0,1
9,6,51.4,60,0.8566666666666667,1,1,0,0
1,3,60.2,80,0.7525000000000001,0,0,1,0
23,2,47.1,50,0.9420000000000001,0,0,1,0
5,2,70.3,80,0.8787499999999999,0,0,1,0
4,2,45.6,60,0.76,0,0,1,0
2,2,12.9,30,0.43,0,0,1,2
3,1,73.4,80,0.9175000000000001,0,0,1,0
5,3,94.6,100,0.946,0,0,1,0
10,5,90.1,100,0.9009999999999999,0,0,0,0
22,6,59.1,60,0.985,1,0,1,0
22,2,49.6,60,0.8266666666666667,0,0,1,0
22,6,71.3,80,0.89125,1,0,1,0
14,1,52.0,80,0.65,0,0,0,1
22,7,27.0,30,0.9,1,0,1,0
1,2,47.9,50,0.958,0,0,1,0
12,7,48.4,50,0.968,1,0,0,0
11,1,45.6,60,0.76,0,0,0,0
16,3,53.7,60,0.895,0,0,0,0
5,1,60.8,80,0.76,0,0,1,0
11,4,17.1,60,0.28500000000000003,0,0,0,2
14,7,70.3,80,0.8787499999999999,1,0,0,0
7,4,22.4,60,0.3733333333333333,0,1,0,2
16,4,10.6,80,0.1325,0,0,0,2
21,5,49.2,60,0.8200000000000001,0,0,0,0
13,2,21.5,60,0.35833333333333334,0,0,0,2
2,7,47.4,60,0.7899999999999999,1,0,1,0
9,5,12.2,80,0.1525,0,1,0,2
19,1,11.9,50,0.23800000000000002,0,1,0,2
15,2,25.4,30,0.8466666666666666,0,0,0,0
22,2,40.7,50,0.8140000000000001,0,0,1,0
21,4,64.6,80,0.8074999999999999,0,0,0,0
18,6,34.5,50,0.69,1,1,0,1
8,4,45.7,50,0.914,0,1,0,0
10,5,29.9,30,0.9966666666666666,0,0,0,0
12,2,29.0,60,0.48333333333333334,0,0,0,1
9,6,35.8,60,0.5966666666666666,1,1,0,1
18,7,34.2,60,0.5700000000000001,1,1,0,1
1,2,57.8,60,0.9633333333333333,0,0,1,0
13,7,68.9,100,0.6890000000000001,1,0,0,1
22,5,76.4,80,0.9550000000000001,0,0,1,0
16,1,54.8,60,0.9133333333333333,0,0,0,0
20,2,47.9,80,0.59875,0,0,0,1
18,2,49.5,50,0.99,0,1,0,0
2,4,36.2,50,0.7240000000000001,0,0,1,1
16,2,49.1,60,0.8183333333333334,0,0,0,0
9,4,64.2,100,0.642,0,1,0,1
21,2,25.6,50,0.512,0,0,0,1
19,2,6.5,30,0.21666666666666667,0,1,0,2
1,4,45.2,60,0.7533333333333334,0,0,1,0
1,4,55.1,60,0.9183333333333333,0,0,1,0
3,6,49.6,50,0.992,1,0,1,0
14,4,45.4,60,0.7566666666666666,0,0,0,0
20,2,29.2,60,0.48666666666666664,0,0,0,1
1,2,55.7,60,0.9283333333333333,0,0,1,0
3,6,58.5,60,0.975,1,0,1,0
0,5,32.1,60,0.535,0,0,1,1
12,3,6.3,30,0.21,0,0,0,2
18,6,55.3,60,0.9216666666666666,1,1,0,0
16,5,62.5,80,0.78125,0,0,0,0
14,4,59.5,100,0.595,0,0,0,1
4,5,65.8,80,0.8225,0,0,1,0
13,7,66.5,80,0.83125,1,0,0,0
18,6,20.9,30,0.6966666666666667,1,1,0,1
19,3,30.1,80,0.37625000000000003,0,1,0,2
21,2,48.6,60,0.81,0,0,0,0
22,1,47.7,60,0.795,0,0,1,0
14,6,42.2,60,0.7033333333333334,1,0,0,1
2,4,49.9,60,0.8316666666666667,0,0,1,0
14,1,38.9,60,0.6483333333333333,0,0,0,1
15,3,38.6,60,0.6433333333333333,0,0,0,1
11,4,57.1,60,0.9516666666666667,0,0,0,0
18,6,94.5,100,0.945,1,1,0,0
12,4,69.8,80,0.8724999999999999,0,0,0,0
12,6,44.4,50,0.888,1,0,0,0
15,3,36.4,60,0.6066666666666667,0,0,0,1
19,3,20.9,80,0.26125,0,1,0,2
22,6,29.5,30,0.9833333333333333,1,0,1,0
1,3,45.0,50,0.9,0,0,1,0
16,2,14.3,50,0.28600000000000003,0,0,0,2
19,6,78.2,80,0.9775,1,1,0,0
3,1,66.7,80,0.83375,0,0,1,0
18,5,24.9,60,0.415,0,1,0,2
12,1,79.3,80,0.99125,0,0,0,0
3,3,82.7,100,0.8270000000000001,0,0,1,0
21,1,44.8,50,0.8959999999999999,0,0,0,0
14,1,50.1,60,0.8350000000000001,0,0,0,0
3,6,50.0,50,1.0,1,0,1,0
15,6,29.0,60,0.48333333333333334,1,0,0,1
23,1,54.9,60,0.9149999999999999,0,0,1,0
21,4,51.2,60,0.8533333333333334,0,0,0,0
6,6,39.8,50,0.7959999999999999,1,0,0,0
6,5,10.1,50,0.20199999999999999,0,0,0,2
11,5,54.3,60,0.9049999999999999,0,0,0,0
21,2,42.0,50,0.84,0,0,0,0
2,5,44.1,50,0.882,0,0,1,0
10,3,47.6,60,0.7933333333333333,0,0,0,0
15,3,44.9,50,0.898,0,0,0,0
16,7,29.9,100,0.299,1,0,0,2
3,6,27.2,30,0.9066666666666666,1,0,1,0
3,2,55.2,60,0.92,0,0,1,0
22,2,38.0,50,0.76,0,0,1,0
21,3,43.3,60,0.7216666666666666,0,0,0,1
9,1,15.5,50,0.31,0,1,0,2
6,1,64.5,80,0.80625,0,0,0,0
10,6,27.4,60,0.45666666666666667,1,0,0,1
11,6,43.2,50,0.8640000000000001,1,0,0,0
5,5,79.9,100,0.799,0,0,1,0
10,4,43.8,50,0.8759999999999999,0,0,0,0
23,6,12.9,50,0.258,1,0,1,2
22,1,29.0,30,0.9666666666666667,0,0,1,0
6,4,52.2,60,0.87,0,0,0,0
12,6,20.1,30,0.67,1,0,0,1
9,3,51.6,60,0.86,0,1,0,0
14,3,42.3,50,0.846,0,0,0,0
5,4,52.2,60,0.87,0,0,1,0
7,7,37.6,50,0.752,1,1,0,0
2,5,59.9,60,0.9983333333333333,0,0,1,0
8,4,35.8,50,0.716,0,1,0,1
6,6,22.3,80,0.27875,1,0,0,2
11,1,34.9,60,0.5816666666666667,0,0,0,1
16,1,37.1,100,0.371,0,0,0,2
13,6,36.8,50,0.736,1,0,0,1
14,5,84.6,100,0.846,0,0,0,0
13,4,27.5,30,0.9166666666666666,0,0,0,0
18,3,25.8,80,0.3225,0,1,0,2
0,4,49.5,50,0.99,0,0,1,0
7,6,67.9,80,0.8487500000000001,1,1,0,0
12,5,28.5,30,0.95,0,0,0,0
1,2,58.8,60,0.98,0,0,1,0
14,5,47.3,50,0.946,0,0,0,0
2,7,34.5,50,0.69,1,0,1,1
11,1,37.7,60,0.6283333333333334,0,0,0,1
23,6,26.5,50,0.53,1,0,1,1
0,3,47.7,60,0.795,0,0,1,0
4,2,69.2,80,0.865,0,0,1,0
5,5,45.9,60,0.765,0,0,1,0
15,3,47.4,60,0.7899999999999999,0,0,0,0
22,6,35.0,80,0.4375,1,0,1,2
0,6,52.3,60,0.8716666666666666,1,0,1,0
22,6,81.1,100,0.8109999999999999,1,0,1,0
20,1,40.3,50,0.8059999999999999,0,0,0,0
23,3,69.5,80,0.86875,0,0,1,0
15,4,56.2,60,0.9366666666666668,0,0,0,0
20,2,51.6,60,0.86,0,0,0,0
19,5,92.4,100,0.924,0,1,0,0
1,1,58.6,60,0.9766666666666667,0,0,1,0
5,6,29.6,30,0.9866666666666667,1,0,1,0
22,5,54.4,60,0.9066666666666666,0,0,1,0
16,4,58.4,60,0.9733333333333333,0,0,0,0
3,1,18.5,30,0.6166666666666667,0,0,1,1
15,2,37.6,60,0.6266666666666667,0,0,0,1
21,3,39.6,50,0.792,0,0,0,0
15,4,68.7,80,0.85875,0,0,0,0
12,6,57.5,60,0.9583333333333334,1,0,0,0
10,7,27.4,80,0.34249999999999997,1,0,0,2
17,4,9.2,30,0.30666666666666664,0,1,0,2
3,7,65.9,80,0.8237500000000001,1,0,1,0
16,7,12.8,50,0.256,1,0,0,2
19,7,43.2,60,0.7200000000000001,1,1,0,1
9,5,56.4,80,0.705,0,1,0,1
15,7,9.4,50,0.188,1,0,0,2
2,5,29.8,50,0.596,0,0,1,1
11,5,33.5,50,0.67,0,0,0,1
1,6,59.6,60,0.9933333333333334,1,0,1,0
6,5,94.5,100,0.945,0,0,0,0
22,7,14.0,60,0.23333333333333334,1,0,1,2
16,5,37.0,60,0.6166666666666667,0,0,0,1
9,7,51.4,60,0.8566666666666667,1,1,0,0
21,4,68.1,80,0.85125,0,0,0,0
18,6,20.5,50,0.41,1,1,0,2
3,7,55.6,80,0.6950000000000001,1,0,1,1
16,3,83.5,100,0.835,0,0,0,0
15,7,6.4,50,0.128,1,0,0,2
15,4,58.9,60,0.9816666666666667,0,0,0,0
6,3,78.2,80,0.9775,0,0,0,0
17,7,37.2,80,0.465,1,1,0,1
13,3,49.7,60,0.8283333333333334,0,0,0,0
2,3,79.0,80,0.9875,0,0,1,0
20,6,22.6,60,0.3766666666666667,1,0,0,2
19,6,74.1,80,0.9262499999999999,1,1,0,0
7,6,24.9,50,0.498,1,1,0,1
7,7,77.0,80,0.9625,1,1,0,0
11,7,14.3,50,0.28600000000000003,1,0,0,2
17,7,50.0,80,0.625,1,1,0,1
2,5,72.1,100,0.721,0,0,1,1
2,4,58.8,60,0.98,0,0,1,0
16,4,68.2,80,0.8525,0,0,0,0
13,2,9.9,30,0.33,0,0,0,2
3,7,49.3,50,0.986,1,0,1,0
8,2,39.2,80,0.49000000000000005,0,1,0,1
19,1,40.7,50,0.8140000000000001,0,1,0,0
13,1,43.3,50,0.866,0,0,0,0
22,7,38.3,50,0.7659999999999999,1,0,1,0
21,2,18.7,30,0.6233333333333333,0,0,0,1
19,5,24.3,60,0.405,0,1,0,2
17,2,31.8,60,0.53,0,1,0,1
22,2,93.7,100,0.937,0,0,1,0
16,7,60.0,80,0.75,1,0,0,0
18,1,23.6,60,0.39333333333333337,0,1,0,2
1,1,49.2,60,0.8200000000000001,0,0,1,0
1,7,56.3,80,0.70375,1,0,1,1
6,1,27.0,50,0.54,0,0,0,1
17,3,20.7,60,0.345,0,1,0,2
8,7,5.4,30,0.18000000000000002,1,1,0,2
22,2,42.4,50,0.848,0,0,1,0
17,6,38.8,60,0.6466666666666666,1,1,0,1
9,1,8.3,80,0.10375000000000001,0,1,0,2
1,2,24.9,30,0.83,0,0,1,0
6,6,49.9,50,0.998,1,0,0,0
19,2,6.5,30,0.21666666666666667,0,1,0,2
14,4,75.5,100,0.755,0,0,0,0
19,3,15.6,30,0.52,0,1,0,1
23,7,38.3,50,0.7659999999999999,1,0,1,0
2,6,42.8,60,0.7133333333333333,1,0,1,1
18,1,12.9,60,0.215,0,1,0,2
17,7,64.5,100,0.645,1,1,0,1
14,6,19.6,100,0.196,1,0,0,2
11,2,95.5,100,0.955,0,0,0,0
5,5,46.7,50,0.934,0,0,1,0
15,4,48.2,60,0.8033333333333333,0,0,0,0
0,4,68.8,100,0.688,0,0,1,1
22,7,41.1,50,0.8220000000000001,1,0,1,0
13,5,29.8,60,0.4966666666666667,0,0,0,1
18,2,29.8,50,0.596,0,1,0,1
5,6,63.1,80,0.7887500000000001,1,0,1,0
20,2,25.6,30,0.8533333333333334,0,0,0,0
22,7,21.2,50,0.424,1,0,1,2
0,7,29.0,60,0.48333333333333334,1,0,1,1
4,5,52.6,60,0.8766666666666667,0,0,1,0
5,7,56.5,60,0.9416666666666667,1,0,1,0
2,7,53.0,60,0.8833333333333333,1,0,1,0
6,3,57.4,80,0.7175,0,0,0,1
8,1,24.9,60,0.415,0,1,0,2
9,7,71.0,80,0.8875,1,1,0,0
16,1,41.2,50,0.8240000000000001,0,0,0,0
11,1,39.4,60,0.6566666666666666,0,0,0,1
13,3,62.2,80,0.7775000000000001,0,0,0,0
6,5,27.4,60,0.45666666666666667,0,0,0,1
0,3,24.3,30,0.81,0,0,1,0
5,1,24.7,30,0.8233333333333334,0,0,1,0
16,5,64.9,80,0.81125,0,0,0,0
23,1,53.6,60,0.8933333333333333,0,0,1,0
7,2,32.1,80,0.40125,0,1,0,2
23,2,47.5,60,0.7916666666666666,0,0,1,0
4,5,56.4,60,0.94,0,0,1,0
3,2,53.7,60,0.895,0,0,1,0
11,1,30.8,60,0.5133333333333333,0,0,0,1
22,3,27.7,30,0.9233333333333333,0,0,1,0
13,4,9.9,60,0.165,0,0,0,2
0,2,51.5,60,0.8583333333333333,0,0,1,0
23,7,55.3,80,0.6912499999999999,1,0,1,1
7,4,17.2,80,0.215,0,1,0,2
3,5,60.4,80,0.755,0,0,1,0
21,2,54.3,60,0.9049999999999999,0,0,0,0
19,7,40.7,80,0.50875,1,1,0,1
6,1,64.3,80,0.80375,0,0,0,0
19,4,19.6,80,0.24500000000000002,0,1,0,2
16,4,90.5,100,0.905,0,0,0,0
1,4,37.5,50,0.75,0,0,1,0
1,2,91.6,100,0.9159999999999999,0,0,1,0
15,4,33.5,80,0.41875,0,0,0,2
22,4,45.7,80,0.57125,0,0,1,1
18,2,26.9,100,0.26899999999999996,0,1,0,2
3,6,31.4,50,0.628,1,0,1,1
20,3,31.0,50,0.62,0,0,0,1
19,3,67.1,80,0.8387499999999999,0,1,0,0
4,3,46.7,50,0.934,0,0,1,0
20,5,41.1,50,0.8220000000000001,0,0,0,0
20,5,57.5,80,0.71875,0,0,0,1
2,7,72.0,100,0.72,1,0,1,1
11,7,46.6,50,0.932,1,0,0,0
16,3,53.5,60,0.8916666666666667,0,0,0,0
3,2,45.2,50,0.904,0,0,1,0
3,2,53.7,80,0.67125,0,0,1,1
1,6,45.3,50,0.9059999999999999,1,0,1,0
11,1,47.0,60,0.7833333333333333,0,0,0,0
3,2,75.5,80,0.94375,0,0,1,0
9,4,21.3,60,0.35500000000000004,0,1,0,2
21,5,48.7,50,0.9740000000000001,0,0,0,0
22,7,34.6,50,0.6920000000000001,1,0,1,1
11,6,6.2,60,0.10333333333333333,1,0,0,2
16,3,61.7,80,0.77125,0,0,0,0
7,5,10.8,60,0.18000000000000002,0,1,0,2
23,1,46.6,60,0.7766666666666667,0,0,1,0
11,2,33.6,50,0.672,0,0,0,1
9,2,14.2,60,0.23666666666666666,0,1,0,2
7,6,36.5,60,0.6083333333333333,1,1,0,1
0,5,42.4,50,0.848,0,0,1,0
19,3,51.2,80,0.64,0,1,0,1
23,5,68.1,80,0.85125,0,0,1,0
16,3,48.0,80,0.6,0,0,0,1
12,1,29.1,50,0.5820000000000001,0,0,0,1
18,2,43.4,80,0.5425,0,1,0,1
23,2,29.3,30,0.9766666666666667,0,0,1,0
4,2,50.1,60,0.8350000000000001,0,0,1,0
7,3,20.4,50,0.408,0,1,0,2
11,4,20.2,60,0.33666666666666667,0,0,0,2
4,7,78.2,100,0.782,1,0,1,0
7,6,77.6,80,0.97,1,1,0,0
4,3,62.6,80,0.7825,0,0,1,0
17,7,17.9,50,0.358,1,1,0,2
2,7,50.6,60,0.8433333333333334,1,0,1,0
3,3,44.3,60,0.7383333333333333,0,0,1,1
20,5,8.6,50,0.172,0,0,0,2
22,3,42.8,50,0.856,0,0,1,0
15,7,25.8,30,0.86,1,0,0,0
4,1,29.3,30,0.9766666666666667,0,0,1,0
21,4,78.7,80,0.98375,0,0,0,0
12,7,55.5,100,0.555,1,0,0,1
9,6,46.3,50,0.9259999999999999,1,1,0,0
7,5,68.1,100,0.6809999999999999,0,1,0,1
5,7,24.6,30,0.8200000000000001,1,0,1,0
11,6,65.8,100,0.6579999999999999,1,0,0,1
22,4,45.5,50,0.91,0,0,1,0
20,2,73.1,80,0.91375,0,0,0,0
1,1,47.0,60,0.7833333333333333,0,0,1,0
17,7,8.9,50,0.17800000000000002,1,1,0,2
1,2,46.8,60,0.7799999999999999,0,0,1,0
23,3,45.2,60,0.7533333333333334,0,0,1,0
5,7,34.1,60,0.5683333333333334,1,0,1,1
6,7,27.5,30,0.9166666666666666,1,0,0,0
14,7,47.9,80,0.59875,1,0,0,1
22,1,76.0,80,0.95,0,0,1,0
14,3,33.7,60,0.5616666666666668,0,0,0,1
3,3,57.9,60,0.965,0,0,1,0
22,4,25.6,30,0.8533333333333334,0,0,1,0
11,7,38.3,50,0.7659999999999999,1,0,0,0
22,4,52.5,60,0.875,0,0,1,0
4,5,47.6,60,0.7933333333333333,0,0,1,0
3,4,13.5,80,0.16875,0,0,1,2
11,5,13.0,60,0.21666666666666667,0,0,0,2
9,2,51.8,60,0.8633333333333333,0,1,0,0
9,6,36.1,60,0.6016666666666667,1,1,0,1
0,4,94.1,100,0.941,0,0,1,0
16,1,23.9,30,0.7966666666666666,0,0,0,0
19,5,19.9,100,0.19899999999999998,0,1,0,2
17,1,14.7,50,0.294,0,1,0,2
10,1,87.7,100,0.877,0,0,0,0
0,7,58.9,60,0.9816666666666667,1,0,1,0
23,6,49.2,60,0.8200000000000001,1,0,1,0
4,5,49.2,60,0.8200000000000001,0,0,1,0
0,1,50.9,60,0.8483333333333333,0,0,1,0
7,3,37.5,80,0.46875,0,1,0,1
19,4,13.0,50,0.26,0,1,0,2
15,7,50.2,60,0.8366666666666667,1,0,0,0
8,1,19.9,60,0.33166666666666667,0,1,0,2
21,7,22.1,60,0.36833333333333335,1,0,0,2
14,2,39.8,60,0.6633333333333333,0,0,0,1
6,2,44.2,50,0.884,0,0,0,0
3,5,22.9,30,0.7633333333333333,0,0,1,0
3,5,46.2,50,0.924,0,0,1,0
17,2,22.6,100,0.226,0,1,0,2
23,3,41.8,50,0.836,0,0,1,0
8,7,26.4,30,0.88,1,1,0,0
18,5,41.2,80,0.515,0,1,0,1
0,2,45.6,50,0.912,0,0,1,0
21,2,74.1,80,0.9262499999999999,0,0,0,0
6,1,17.9,60,0.2983333333333333,0,0,0,2
1,7,48.9,60,0.815,1,0,1,0
8,3,49.9,80,0.62375,0,1,0,1
17,5,23.1,60,0.385,0,1,0,2
11,2,31.8,60,0.53,0,0,0,1
19,5,25.4,30,0.8466666666666666,0,1,0,0
0,7,49.8,60,0.83,1,0,1,0
17,2,14.4,60,0.24000000000000002,0,1,0,2
9,7,10.9,60,0.18166666666666667,1,1,0,2
8,7,69.9,80,0.87375,1,1,0,0
1,6,11.7,60,0.19499999999999998,1,0,1,2
1,4,51.3,60,0.855,0,0,1,0
2,3,23.6,50,0.47200000000000003,0,0,1,1
11,5,36.5,60,0.6083333333333333,0,0,0,1
3,2,40.2,50,0.804,0,0,1,0
4,2,23.5,30,0.7833333333333333,0,0,1,0
5,4,68.9,80,0.8612500000000001,0,0,1,0
4,6,51.5,60,0.8583333333333333,1,0,1,0
12,4,72.9,80,0.9112500000000001,0,0,0,0
3,1,22.6,30,0.7533333333333334,0,0,1,0
19,2,21.6,60,0.36000000000000004,0,1,0,2
14,3,68.9,80,0.8612500000000001,0,0,0,0
23,5,10.6,60,0.17666666666666667,0,0,1,2
20,5,9.2,60,0.15333333333333332,0,0,0,2
7,6,52.1,60,0.8683333333333334,1,1,0,0
4,2,36.9,60,0.615,0,0,1,1
9,4,48.5,60,0.8083333333333333,0,1,0,0
6,5,52.6,60,0.8766666666666667,0,0,0,0
1,2,49.5,60,0.825,0,0,1,0
12,3,45.3,50,0.9059999999999999,0,0,0,0
5,2,68.8,80,0.86,0,0,1,0
16,5,31.6,60,0.5266666666666667,0,0,0,1
17,7,6.4,50,0.128,1,1,0,2
4,6,49.0,60,0.8166666666666667,1,0,1,0
15,4,62.1,80,0.77625,0,0,0,0
2,2,69.3,80,0.86625,0,0,1,0
4,7,56.1,60,0.935,1,0,1,0
12,3,35.5,50,0.71,0,0,0,1
5,5,95.9,100,0.9590000000000001,0,0,1,0
15,7,23.5,60,0.39166666666666666,1,0,0,2
18,7,82.0,100,0.82,1,1,0,0
19,3,10.4,30,0.3466666666666667,0,1,0,2
20,7,12.2,100,0.122,1,0,0,2
10,7,29.2,60,0.48666666666666664,1,0,0,1
6,1,76.0,100,0.76,0,0,0,0
18,2,20.5,80,0.25625,0,1,0,2
4,1,58.9,60,0.9816666666666667,0,0,1,0
9,2,7.3,60,0.12166666666666666,0,1,0,2
5,1,95.4,100,0.9540000000000001,0,0,1,0
20,5,45.9,60,0.765,0,0,0,0
4,6,45.2,60,0.7533333333333334,1,0,1,0
2,4,34.7,80,0.43375,0,0,1,2
10,5,47.6,80,0.595,0,0,0,1
5,6,86.2,100,0.862,1,0,1,0
6,6,18.9,50,0.37799999999999995,1,0,0,2
23,4,54.5,60,0.9083333333333333,0,0,1,0
15,1,18.6,30,0.62,0,0,0,1
15,4,38.2,50,0.764,0,0,0,0
22,1,61.0,80,0.7625,0,0,1,0
5,7,67.0,80,0.8375,1,0,1,0
23,5,27.2,30,0.9066666666666666,0,0,1,0
7,7,39.0,60,0.65,1,1,0,1
8,3,40.2,60,0.67,0,1,0,1
0,7,46.6,60,0.7766666666666667,1,0,1,0
2,6,56.7,60,0.9450000000000001,1,0,1,0
17,7,47.5,80,0.59375,1,1,0,1
23,4,59.4,60,0.99,0,0,1,0
19,5,39.4,60,0.6566666666666666,0,1,0,1
10,6,52.3,60,0.8716666666666666,1,0,0,0
23,7,17.6,100,0.17600000000000002,1,0,1,2
7,3,29.7,60,0.495,0,1,0,1
1,3,78.2,80,0.9775,0,0,1,0
4,3,49.8,50,0.996,0,0,1,0
8,2,7.7,30,0.25666666666666665,0,1,0,2
11,7,78.9,80,0.9862500000000001,1,0,0,0
1,1,53.2,60,0.8866666666666667,0,0,1,0
20,4,43.4,50,0.868,0,0,0,0
2,6,23.3,30,0.7766666666666667,1,0,1,0
18,1,12.7,50,0.254,0,1,0,2
12,4,38.0,80,0.475,0,0,0,1
19,5,27.8,50,0.556,0,1,0,1
1,5,37.7,50,0.754,0,0,1,0
21,2,17.6,60,0.29333333333333333,0,0,0,2
8,7,92.3,100,0.9229999999999999,1,1,0,0
13,6,33.3,100,0.33299999999999996,1,0,0,2
14,3,75.6,80,0.945,0,0,0,0
4,2,51.5,60,0.8583333333333333,0,0,1,0
22,4,59.0,60,0.9833333333333333,0,0,1,0
9,3,17.5,50,0.35,0,1,0,2
0,4,29.3,30,0.9766666666666667,0,0,1,0
17,6,40.8,60,0.6799999999999999,1,1,0,1
14,5,23.9,50,0.478,0,0,0,1
6,3,53.9,60,0.8983333333333333,0,0,0,0
5,5,30.1,60,0.5016666666666667,0,0,1,1
15,1,68.3,80,0.85375,0,0,0,0
0,4,47.1,50,0.9420000000000001,0,0,1,0
4,6,76.5,100,0.765,1,0,1,0
0,6,56.7,60,0.9450000000000001,1,0,1,0
8,2,16.5,60,0.275,0,1,0,2
18,5,46.6,100,0.466,0,1,0,1
1,5,46.6,50,0.932,0,0,1,0
14,2,43.5,50,0.87,0,0,0,0
9,4,13.4,60,0.22333333333333333,0,1,0,2
1,5,53.7,60,0.895,0,0,1,0
2,5,28.9,30,0.9633333333333333,0,0,1,0
5,3,41.2,60,0.6866666666666668,0,0,1,1
3,2,24.7,50,0.494,0,0,1,1
3,4,15.6,30,0.52,0,0,1,1
17,3,47.7,80,0.5962500000000001,0,1,0,1
14,1,32.1,50,0.642,0,0,0,1
10,7,21.7,30,0.7233333333333333,1,0,0,1
18,2,10.3,30,0.3433333333333334,0,1,0,2
18,5,54.9,80,0.68625,0,1,0,1
11,5,53.7,60,0.895,0,0,0,0
4,6,70.8,80,0.885,1,0,1,0
0,3,78.2,80,0.9775,0,0,1,0
12,7,29.3,60,0.48833333333333334,1,0,0,1
1,1,36.0,80,0.45,0,0,1,1
17,3,10.2,80,0.1275,0,1,0,2
5,6,16.9,60,0.2816666666666666,1,0,1,2
2,6,50.6,60,0.8433333333333334,1,0,1,0
17,1,21.9,60,0.365,0,1,0,2
8,7,43.2,60,0.7200000000000001,1,1,0,1
1,3,59.8,60,0.9966666666666666,0,0,1,0
5,7,38.9,50,0.778,1,0,1,0
6,1,26.1,50,0.522,0,0,0,1
3,5,85.3,100,0.853,0,0,1,0
11,5,51.1,60,0.8516666666666667,0,0,0,0
23,3,22.3,60,0.3716666666666667,0,0,1,2
2,6,29.4,30,0.98,1,0,1,0
15,2,26.8,50,0.536,0,0,0,1
23,7,56.8,100,0.568,1,0,1,1
2,2,60.9,80,0.76125,0,0,1,0
2,6,56.5,60,0.9416666666666667,1,0,1,0
0,5,70.4,80,0.8800000000000001,0,0,1,0
11,4,19.5,30,0.65,0,0,0,1
19,3,13.5,80,0.16875,0,1,0,2
21,7,79.0,80,0.9875,1,0,0,0
2,3,44.7,50,0.894,0,0,1,0
13,5,59.6,100,0.596,0,0,0,1
1,1,27.0,30,0.9,0,0,1,0
4,4,52.5,60,0.875,0,0,1,0
5,4,56.5,60,0.9416666666666667,0,0,1,0
5,1,39.7,50,0.794,0,0,1,0
12,3,59.4,60,0.99,0,0,0,0
11,6,15.7,30,0.5233333333333333,1,0,0,1
14,6,21.7,80,0.27125,1,0,0,2
23,6,73.4,80,0.9175000000000001,1,0,1,0
15,2,37.5,50,0.75,0,0,0,0
13,6,7.2,50,0.14400000000000002,1,0,0,2
17,7,27.7,50,0.5539999999999999,1,1,0,1
17,7,25.9,50,0.518,1,1,0,1
8,2,56.1,80,0.70125,0,1,0,1
4,4,39.0,50,0.78,0,0,1,0
22,5,47.7,50,0.9540000000000001,0,0,1,0
16,7,16.9,60,0.2816666666666666,1,0,0,2
19,6,46.9,80,0.5862499999999999,1,1,0,1
22,6,45.4,80,0.5675,1,0,1,1
0,5,57.1,80,0.71375,0,0,1,1
23,5,59.7,60,0.995,0,0,1,0
23,5,39.6,50,0.792,0,0,1,0
16,7,36.6,60,0.61,1,0,0,1
11,3,13.7,60,0.22833333333333333,0,0,0,2
16,1,56.0,60,0.9333333333333333,0,0,0,0
8,4,35.5,60,0.5916666666666667,0,1,0,1
6,1,32.9,80,0.41125,0,0,0,2
14,7,19.9,60,0.33166666666666667,1,0,0,2
6,6,63.8,80,0.7975,1,0,0,0
9,1,29.2,60,0.48666666666666664,0,1,0,1
23,5,49.8,60,0.83,0,0,1,0
19,2,13.4,50,0.268,0,1,0,2
2,4,64.0,80,0.8,0,0,1,0
2,3,94.7,100,0.9470000000000001,0,0,1,0
3,6,49.3,60,0.8216666666666667,1,0,1,0
4,5,61.5,80,0.76875,0,0,1,0
1,4,49.2,50,0.9840000000000001,0,0,1,0
22,3,67.2,80,0.8400000000000001,0,0,1,0
7,5,6.6,50,0.132,0,1,0,2
13,6,9.6,60,0.16,1,0,0,2
11,4,29.8,50,0.596,0,0,0,1
10,7,21.9,50,0.43799999999999994,1,0,0,2
15,6,6.3,60,0.105,1,0,0,2
22,5,69.0,80,0.8625,0,0,1,0
18,3,14.0,30,0.4666666666666667,0,1,0,1
18,1,8.2,30,0.2733333333333333,0,1,0,2
21,6,48.0,60,0.8,1,0,0,0
1,7,46.7,60,0.7783333333333334,1,0,1,0
13,4,42.0,50,0.84,0,0,0,0
23,6,38.8,50,0.7759999999999999,1,0,1,0
5,2,91.0,100,0.91,0,0,1,0
23,1,98.9,100,0.9890000000000001,0,0,1,0
7,4,8.3,30,0.27666666666666667,0,1,0,2
9,3,21.2,80,0.265,0,1,0,2
13,2,56.6,80,0.7075,0,0,0,1
20,4,41.0,60,0.6833333333333333,0,0,0,1
7,7,56.7,60,0.9450000000000001,1,1,0,0
6,7,33.6,60,0.56,1,0,0,1
13,5,18.3,50,0.366,0,0,0,2
15,1,17.3,60,0.28833333333333333,0,0,0,2
14,2,83.9,100,0.8390000000000001,0,0,0,0
7,3,10.4,60,0.17333333333333334,0,1,0,2
1,2,68.3,80,0.85375,0,0,1,0
8,5,10.3,80,0.12875,0,1,0,2
18,7,22.8,50,0.456,1,1,0,1
3,3,19.4,30,0.6466666666666666,0,0,1,1
13,1,48.1,80,0.6012500000000001,0,0,0,1
4,1,27.9,60,0.46499999999999997,0,0,1,1
5,3,43.4,60,0.7233333333333333,0,0,1,1
1,1,57.5,60,0.9583333333333334,0,0,1,0
11,7,50.1,80,0.62625,1,0,0,1
5,4,52.6,60,0.8766666666666667,0,0,1,0
0,3,47.1,60,0.785,0,0,1,0
16,6,49.5,60,0.825,1,0,0,0
22,3,99.8,100,0.998,0,0,1,0
17,1,16.9,50,0.33799999999999997,0,1,0,2
1,6,13.7,30,0.45666666666666667,1,0,1,1
2,1,43.8,50,0.8759999999999999,0,0,1,0
7,2,13.4,60,0.22333333333333333,0,1,0,2
14,6,49.2,60,0.8200000000000001,1,0,0,0
16,5,46.3,60,0.7716666666666666,0,0,0,0
5,3,50.4,60,0.84,0,0,1,0
13,2,55.2,60,0.92,0,0,0,0
9,1,11.6,50,0.23199999999999998,0,1,0,2
3,7,46.9,60,0.7816666666666666,1,0,1,0
0,6,48.7,60,0.8116666666666668,1,0,1,0
12,4,14.5,60,0.24166666666666667,0,0,0,2
15,7,15.1,50,0.302,1,0,0,2
6,4,28.3,30,0.9433333333333334,0,0,0,0
15,2,59.2,60,0.9866666666666667,0,0,0,0
22,7,24.3,30,0.81,1,0,1,0
12,7,33.2,60,0.5533333333333333,1,0,0,1
7,7,9.3,30,0.31,1,1,0,2
22,6,46.8,50,0.9359999999999999,1,0,1,0
4,2,70.6,80,0.8825,0,0,1,0
18,3,21.8,80,0.2725,0,1,0,2
12,7,23.8,50,0.47600000000000003,1,0,0,1
16,4,59.0,80,0.7375,0,0,0,1
15,6,34.7,60,0.5783333333333334,1,0,0,1
9,5,10.2,60,0.16999999999999998,0,1,0,2
19,1,6.5,60,0.10833333333333334,0,1,0,2
5,5,40.1,50,0.802,0,0,1,0
11,7,51.4,60,0.8566666666666667,1,0,0,0
11,1,42.3,80,0.5287499999999999,0,0,0,1
11,3,44.8,50,0.8959999999999999,0,0,0,0
4,2,52.4,60,0.8733333333333333,0,0,1,0
19,6,69.8,80,0.8724999999999999,1,1,0,0
20,4,33.6,60,0.56,0,0,0,1
15,6,46.5,50,0.93,1,0,0,0
18,6,43.9,60,0.7316666666666667,1,1,0,1
7,1,11.6,30,0.38666666666666666,0,1,0,2
6,2,58.6,60,0.9766666666666667,0,0,0,0
6,6,45.6,60,0.76,1,0,0,0
1,1,49.4,50,0.988,0,0,1,0
9,3,70.8,80,0.885,0,1,0,0
16,4,69.0,80,0.8625,0,0,0,0
5,3,56.3,60,0.9383333333333332,0,0,1,0
16,6,25.1,80,0.31375000000000003,1,0,0,2
20,3,8.3,60,0.13833333333333334,0,0,0,2
15,2,29.8,60,0.4966666666666667,0,0,0,1
16,4,15.6,30,0.52,0,0,0,1
16,4,14.4,60,0.24000000000000002,0,0,0,2
6,7,18.4,60,0.30666666666666664,1,0,0,2
6,2,73.2,80,0.915,0,0,0,0
3,4,50.2,60,0.8366666666666667,0,0,1,0
4,7,22.9,50,0.45799999999999996,1,0,1,1
10,7,53.3,80,0.66625,1,0,0,1
6,7,37.9,60,0.6316666666666666,1,0,0,1
1,5,50.0,50,1.0,0,0,1,0
11,4,76.8,80,0.96,0,0,0,0
1,1,45.3,100,0.45299999999999996,0,0,1,1
6,1,35.4,50,0.708,0,0,0,1
6,2,57.1,60,0.9516666666666667,0,0,0,0
4,5,38.6,50,0.772,0,0,1,0
0,3,46.9,50,0.938,0,0,1,0
0,5,48.9,60,0.815,0,0,1,0
8,6,37.5,50,0.75,1,1,0,0
3,5,72.2,80,0.9025000000000001,0,0,1,0
1,7,57.3,60,0.955,1,0,1,0
20,5,56.2,60,0.9366666666666668,0,0,0,0
6,4,54.6,60,0.91,0,0,0,0
13,6,84.3,100,0.843,1,0,0,0
23,3,53.2,80,0.665,0,0,1,1
9,2,39.5,60,0.6583333333333333,0,1,0,1
4,2,39.7,50,0.794,0,0,1,0
2,7,50.9,60,0.8483333333333333,1,0,1,0
13,4,14.9,50,0.298,0,0,0,2
16,5,57.1,60,0.9516666666666667,0,0,0,0
1,2,48.7,50,0.9740000000000001,0,0,1,0
11,3,45.1,50,0.902,0,0,0,0
4,6,54.9,60,0.9149999999999999,1,0,1,0
14,2,44.1,50,0.882,0,0,0,0
5,6,58.6,80,0.7325,1,0,1,1
11,6,39.2,60,0.6533333333333334,1,0,0,1
10,4,30.1,50,0.602,0,0,0,1
23,1,77.1,100,0.7709999999999999,0,0,1,0
1,6,46.2,50,0.924,1,0,1,0
23,7,55.9,60,0.9316666666666666,1,0,1,0
5,7,64.0,80,0.8,1,0,1,0
17,4,17.9,60,0.2983333333333333,0,1,0,2
10,2,46.6,50,0.932,0,0,0,0
0,2,50.8,60,0.8466666666666666,0,0,1,0
22,5,74.9,80,0.93625,0,0,1,0
17,1,34.2,50,0.684,0,1,0,1
4,3,28.9,30,0.9633333333333333,0,0,1,0
23,5,44.1,50,0.882,0,0,1,0
13,1,10.3,50,0.20600000000000002,0,0,0,2
4,1,25.1,30,0.8366666666666667,0,0,1,0
10,3,15.4,30,0.5133333333333333,0,0,0,1
14,2,53.2,80,0.665,0,0,0,1
18,1,12.0,60,0.2,0,1,0,2
23,7,25.5,30,0.85,1,0,1,0
13,1,64.9,80,0.81125,0,0,0,0
7,5,19.7,30,0.6566666666666666,0,1,0,1
11,2,38.1,80,0.47625,0,0,0,1
14,7,42.4,60,0.7066666666666667,1,0,0,1
6,3,71.5,80,0.89375,0,0,0,0
21,6,28.9,30,0.9633333333333333,1,0,0,0
14,4,25.6,30,0.8533333333333334,0,0,0,0
23,4,47.7,60,0.795,0,0,1,0
23,2,47.4,50,0.948,0,0,1,0
2,1,77.6,80,0.97,0,0,1,0
8,4,27.7,80,0.34625,0,1,0,2
21,1,59.4,60,0.99,0,0,0,0
8,6,11.9,60,0.19833333333333333,1,1,0,2
16,1,41.1,50,0.8220000000000001,0,0,0,0
8,6,17.9,100,0.179,1,1,0,2
14,2,34.2,50,0.684,0,0,0,1
15,6,9.2,60,0.15333333333333332,1,0,0,2
4,5,47.1,60,0.785,0,0,1,0
0,7,49.1,60,0.8183333333333334,1,0,1,0
19,2,31.4,80,0.39249999999999996,0,1,0,2
0,2,46.9,60,0.7816666666666666,0,0,1,0
12,1,48.8,60,0.8133333333333332,0,0,0,0
22,5,22.9,30,0.7633333333333333,0,0,1,0
10,4,42.9,50,0.858,0,0,0,0
16,7,29.2,100,0.292,1,0,0,2
17,5,27.5,30,0.9166666666666666,0,1,0,0
15,1,53.0,60,0.8833333333333333,0,0,0,0
2,1,78.6,80,0.9824999999999999,0,0,1,0
9,6,61.2,80,0.765,1,1,0,0
9,4,69.7,100,0.6970000000000001,0,1,0,1
14,5,13.4,60,0.22333333333333333,0,0,0,2
18,7,26.7,50,0.534,1,1,0,1
19,5,21.2,60,0.35333333333333333,0,1,0,2
8,6,43.1,50,0.862,1,1,0,0
5,6,67.7,80,0.8462500000000001,1,0,1,0
18,5,35.8,60,0.5966666666666666,0,1,0,1
15,6,55.7,100,0.557,1,0,0,1
23,6,41.4,80,0.5175,1,0,1,1
3,7,66.1,80,0.8262499999999999,1,0,1,0
8,4,17.5,50,0.35,0,1,0,2
21,2,63.9,80,0.79875,0,0,0,0
21,2,25.5,50,0.51,0,0,0,1
22,4,43.2,60,0.7200000000000001,0,0,1,1
5,4,52.6,60,0.8766666666666667,0,0,1,0
8,3,21.4,60,0.35666666666666663,0,1,0,2
16,6,47.5,50,0.95,1,0,0,0
17,6,41.9,60,0.6983333333333334,1,1,0,1
7,7,44.3,80,0.55375,1,1,0,1
3,1,78.1,80,0.97625,0,0,1,0
11,5,9.6,30,0.32,0,0,0,2
13,3,48.3,80,0.60375,0,0,0,1
5,7,40.0,80,0.5,1,0,1,1
19,4,25.8,80,0.3225,0,1,0,2
3,4,48.3,50,0.966,0,0,1,0
9,5,27.9,60,0.46499999999999997,0,1,0,1
16,5,16.8,30,0.56,0,0,0,1
21,5,26.3,80,0.32875,0,0,0,2
19,7,8.8,60,0.14666666666666667,1,1,0,2
12,6,75.1,80,0.93875,1,0,0,0
10,4,16.6,30,0.5533333333333333,0,0,0,1
15,3,43.6,60,0.7266666666666667,0,0,0,1
18,6,19.1,60,0.31833333333333336,1,1,0,2
22,6,57.0,100,0.57,1,0,1,1
14,4,19.1,30,0.6366666666666667,0,0,0,1
21,4,41.4,60,0.69,0,0,0,1
21,1,55.8,60,0.9299999999999999,0,0,0,0
13,1,68.6,80,0.8574999999999999,0,0,0,0
7,6,5.5,30,0.18333333333333332,1,1,0,2
21,3,8.9,30,0.2966666666666667,0,0,0,2
8,2,63.0,100,0.63,0,1,0,1
10,1,33.7,60,0.5616666666666668,0,0,0,1
14,3,73.5,80,0.91875,0,0,0,0
4,3,27.0,30,0.9,0,0,1,0
22,7,29.3,30,0.9766666666666667,1,0,1,0
18,4,10.3,50,0.20600000000000002,0,1,0,2
18,1,10.1,80,0.12625,0,1,0,2
11,6,45.1,60,0.7516666666666667,1,0,0,0
8,2,12.7,50,0.254,0,1,0,2
10,4,15.2,100,0.152,0,0,0,2
19,1,25.6,80,0.32,0,1,0,2
17,6,20.3,30,0.6766666666666666,1,1,0,1
13,1,34.5,50,0.69,0,0,0,1
8,3,35.1,60,0.5850000000000001,0,1,0,1
15,1,34.0,60,0.5666666666666667,0,0,0,1
15,7,40.5,60,0.675,1,0,0,1
23,7,52.5,60,0.875,1,0,1,0
9,3,45.3,60,0.755,0,1,0,0
13,7,6.0,50,0.12,1,0,0,2
0,1,48.9,60,0.815,0,0,1,0
19,7,45.5,60,0.7583333333333333,1,1,0,0
12,3,46.3,60,0.7716666666666666,0,0,0,0
8,4,9.2,80,0.11499999999999999,0,1,0,2
9,7,38.4,60,0.64,1,1,0,1
6,1,100.0,100,1.0,0,0,0,0
22,2,43.6,50,0.872,0,0,1,0
8,2,20.8,60,0.3466666666666667,0,1,0,2
4,7,39.5,50,0.79,1,0,1,0
4,4,73.9,80,0.9237500000000001,0,0,1,0
22,7,75.7,80,0.94625,1,0,1,0
18,2,3.7,30,0.12333333333333334,0,1,0,2
17,3,23.1,80,0.28875,0,1,0,2
6,7,42.1,60,0.7016666666666667,1,0,0,1
8,7,59.2,60,0.9866666666666667,1,1,0,0
0,5,78.7,80,0.98375,0,0,1,0
2,7,68.9,80,0.8612500000000001,1,0,1,0
0,4,49.2,60,0.8200000000000001,0,0,1,0
1,7,69.2,80,0.865,1,0,1,0
19,1,14.4,60,0.24000000000000002,0,1,0,2
22,3,77.2,80,0.9650000000000001,0,0,1,0
5,6,43.5,50,0.87,1,0,1,0
11,3,28.7,60,0.47833333333333333,0,0,0,1
12,4,33.9,60,0.565,0,0,0,1
16,4,40.4,60,0.6733333333333333,0,0,0,1
9,1,22.9,100,0.22899999999999998,0,1,0,2
16,6,35.5,60,0.5916666666666667,1,0,0,1
21,1,30.4,50,0.608,0,0,0,1
8,5,33.8,80,0.4225,0,1,0,2
23,7,38.9,50,0.778,1,0,1,0
8,3,28.4,50,0.568,0,1,0,1
19,2,39.7,100,0.397,0,1,0,2
12,6,30.7,50,0.614,1,0,0,1
16,4,29.8,30,0.9933333333333334,0,0,0,0
12,3,11.2,60,0.18666666666666665,0,0,0,2
8,2,12.2,50,0.244,0,1,0,2
15,1,53.2,60,0.8866666666666667,0,0,0,0
2,6,68.7,80,0.85875,1,0,1,0
23,6,88.3,100,0.883,1,0,1,0
4,6,26.5,30,0.8833333333333333,1,0,1,0
0,4,42.2,80,0.5275000000000001,0,0,1,1
21,3,27.9,60,0.46499999999999997,0,0,0,1
14,2,41.9,80,0.5237499999999999,0,0,0,1
5,1,57.1,60,0.9516666666666667,0,0,1,0
21,5,43.6,50,0.872,0,0,0,0
14,2,19.1,60,0.31833333333333336,0,0,0,2
6,2,12.1,60,0.20166666666666666,0,0,0,2
12,1,46.5,100,0.465,0,0,0,1
12,3,55.1,80,0.68875,0,0,0,1
16,1,65.9,100,0.659,0,0,0,1
5,1,26.9,30,0.8966666666666666,0,0,1,0
2,1,59.5,60,0.9916666666666667,0,0,1,0
8,1,42.4,60,0.7066666666666667,0,1,0,1
11,4,20.1,100,0.201,0,0,0,2
3,1,18.1,30,0.6033333333333334,0,0,1,1
15,3,59.8,60,0.9966666666666666,0,0,0,0
21,6,48.3,50,0.966,1,0,0,0
11,1,30.6,60,0.51,0,0,0,1
18,3,14.4,80,0.18,0,1,0,2
11,6,30.3,60,0.505,1,0,0,1
2,5,11.0,30,0.36666666666666664,0,0,1,2
3,3,24.6,50,0.49200000000000005,0,0,1,1
19,4,45.9,80,0.57375,0,1,0,1
10,6,32.3,50,0.6459999999999999,1,0,0,1
15,3,27.2,60,0.4533333333333333,0,0,0,1
15,5,36.8,50,0.736,0,0,0,1
12,2,17.0,50,0.34,0,0,0,2
0,4,52.2,60,0.87,0,0,1,0
5,5,47.8,60,0.7966666666666666,0,0,1,0
15,3,28.7,60,0.47833333333333333,0,0,0,1
9,5,44.1,50,0.882,0,1,0,0
19,5,51.5,60,0.8583333333333333,0,1,0,0
7,6,92.2,100,0.922,1,1,0,0
10,7,5.9,30,0.19666666666666668,1,0,0,2
6,7,18.2,30,0.6066666666666667,1,0,0,1
20,3,60.4,80,0.755,0,0,0,0
10,1,29.6,60,0.49333333333333335,0,0,0,1
21,6,52.7,60,0.8783333333333334,1,0,0,0
2,2,46.3,60,0.7716666666666666,0,0,1,0
3,7,49.6,60,0.8266666666666667,1,0,1,0
19,2,40.5,80,0.50625,0,1,0,1
9,7,51.2,60,0.8533333333333334,1,1,0,0
18,5,32.4,60,0.5399999999999999,0,1,0,1
14,2,51.9,60,0.865,0,0,0,0
20,2,48.7,50,0.9740000000000001,0,0,0,0
4,3,39.1,50,0.782,0,0,1,0
3,1,41.7,50,0.8340000000000001,0,0,1,0
2,7,54.8,60,0.9133333333333333,1,0,1,0
10,7,31.7,60,0.5283333333333333,1,0,0,1
23,3,24.5,80,0.30625,0,0,1,2
0,4,43.5,50,0.87,0,0,1,0
13,1,84.3,100,0.843,0,0,0,0
12,6,50.2,80,0.6275000000000001,1,0,0,1
0,1,77.4,80,0.9675,0,0,1,0
15,6,8.9,60,0.14833333333333334,1,0,0,2
8,7,22.9,30,0.7633333333333333,1,1,0,0
16,4,15.7,30,0.5233333333333333,0,0,0,1
1,1,56.5,80,0.70625,0,0,1,1
6,7,53.5,60,0.8916666666666667,1,0,0,0
17,5,5.2,30,0.17333333333333334,0,1,0,2
7,7,29.2,60,0.48666666666666664,1,1,0,1
4,6,14.5,60,0.24166666666666667,1,0,1,2
21,2,48.4,60,0.8066666666666666,0,0,0,0
12,7,26.6,100,0.266,1,0,0,2
19,2,6.0,50,0.12,0,1,0,2
18,2,20.9,60,0.34833333333333333,0,1,0,2
13,5,36.5,60,0.6083333333333333,0,0,0,1
12,2,39.0,50,0.78,0,0,0,0
14,6,20.3,60,0.3383333333333333,1,0,0,2
6,4,42.8,80,0.5349999999999999,0,0,0,1
0,2,75.0,80,0.9375,0,0,1,0
5,1,76.6,80,0.9574999999999999,0,0,1,0
2,7,91.5,100,0.915,1,0,1,0
7,1,9.8,60,0.16333333333333336,0,1,0,2
12,4,21.0,60,0.35,0,0,0,2
2,5,43.8,50,0.8759999999999999,0,0,1,0
11,3,95.5,100,0.955,0,0,0,0
21,2,47.2,60,0.7866666666666667,0,0,0,0
9,6,13.3,50,0.266,1,1,0,2
19,1,6.0,60,0.1,0,1,0,2
8,3,14.5,60,0.24166666666666667,0,1,0,2
17,5,47.9,60,0.7983333333333333,0,1,0,0
22,5,38.7,80,0.48375,0,0,1,1
18,6,50.0,50,1.0,1,1,0,0
4,7,53.7,60,0.895,1,0,1,0
0,7,47.8,60,0.7966666666666666,1,0,1,0
15,7,49.7,60,0.8283333333333334,1,0,0,0
15,1,60.8,80,0.76,0,0,0,0
15,4,19.9,80,0.24874999999999997,0,0,0,2
7,5,6.5,30,0.21666666666666667,0,1,0,2
21,2,51.1,60,0.8516666666666667,0,0,0,0
6,3,32.7,60,0.545,0,0,0,1
2,5,49.9,60,0.8316666666666667,0,0,1,0
12,5,25.9,30,0.8633333333333333,0,0,0,0
15,1,47.5,60,0.7916666666666666,0,0,0,0
16,7,32.4,50,0.648,1,0,0,1
23,2,47.7,50,0.9540000000000001,0,0,1,0
0,1,46.5,50,0.93,0,0,1,0
8,3,30.9,80,0.38625,0,1,0,2
4,1,45.5,60,0.7583333333333333,0,0,1,0
20,2,75.3,80,0.9412499999999999,0,0,0,0
12,7,48.0,80,0.6,1,0,0,1
9,7,49.0,60,0.8166666666666667,1,1,0,0
7,3,14.4,50,0.28800000000000003,0,1,0,2
2,5,47.5,60,0.7916666666666666,0,0,1,0
5,1,47.1,60,0.785,0,0,1,0
2,4,51.9,60,0.865,0,0,1,0
12,2,74.2,80,0.9275,0,0,0,0
4,5,27.7,30,0.9233333333333333,0,0,1,0
6,4,52.2,60,0.87,0,0,0,0
8,5,11.7,60,0.19499999999999998,0,1,0,2
9,7,98.1,100,0.981,1,1,0,0
12,5,72.0,100,0.72,0,0,0,1
7,6,7.1,60,0.11833333333333333,1,1,0,2
22,3,76.1,80,0.9512499999999999,0,0,1,0
21,4,83.5,100,0.835,0,0,0,0
5,5,91.6,100,0.9159999999999999,0,0,1,0
13,4,26.9,50,0.5379999999999999,0,0,0,1
17,1,45.2,60,0.7533333333333334,0,1,0,0
9,1,18.9,50,0.37799999999999995,0,1,0,2
5,1,59.4,60,0.99,0,0,1,0
17,6,46.2,60,0.77,1,1,0,0
12,7,43.4,100,0.434,1,0,0,2
17,6,55.8,60,0.9299999999999999,1,1,0,0
21,5,78.5,80,0.98125,0,0,0,0
2,7,75.0,80,0.9375,1,0,1,0
12,5,53.4,100,0.534,0,0,0,1
11,4,42.5,50,0.85,0,0,0,0
13,6,33.8,60,0.5633333333333332,1,0,0,1
0,4,30.5,60,0.5083333333333333,0,0,1,1
5,6,40.8,50,0.816,1,0,1,0
15,7,10.4,50,0.20800000000000002,1,0,0,2
11,5,34.9,50,0.698,0,0,0,1
11,3,22.9,30,0.7633333333333333,0,0,0,0
17,1,18.0,60,0.3,0,1,0,2
1,1,54.5,60,0.9083333333333333,0,0,1,0
17,1,17.4,60,0.29,0,1,0,2
2,6,85.9,100,0.8590000000000001,1,0,1,0
3,1,57.2,60,0.9533333333333334,0,0,1,0
21,6,48.1,60,0.8016666666666666,1,0,0,0
21,6,68.2,80,0.8525,1,0,0,0
2,2,73.6,80,0.9199999999999999,0,0,1,0
12,3,78.3,80,0.97875,0,0,0,0
8,6,57.5,60,0.9583333333333334,1,1,0,0
18,3,11.9,50,0.23800000000000002,0,1,0,2
7,1,15.9,80,0.19875,0,1,0,2
9,5,13.6,60,0.22666666666666666,0,1,0,2
11,2,12.1,60,0.20166666666666666,0,0,0,2
17,3,50.2,80,0.6275000000000001,0,1,0,1
14,6,15.5,30,0.5166666666666667,1,0,0,1
19,6,18.3,30,0.61,1,1,0,1
2,7,33.7,60,0.5616666666666668,1,0,1,1
17,7,41.4,60,0.69,1,1,0,1
22,3,57.7,60,0.9616666666666667,0,0,1,0
5,1,51.1,60,0.8516666666666667,0,0,1,0
0,3,69.6,80,0.8699999999999999,0,0,1,0
0,3,57.2,60,0.9533333333333334,0,0,1,0
14,3,34.5,60,0.575,0,0,0,1
6,1,34.8,60,0.58,0,0,0,1
12,3,51.5,60,0.8583333333333333,0,0,0,0
21,4,54.5,60,0.9083333333333333,0,0,0,0
17,3,46.4,60,0.7733333333333333,0,1,0,0
3,5,6.8,60,0.11333333333333333,0,0,1,2
0,7,50.0,50,1.0,1,0,1,0
14,7,30.6,60,0.51,1,0,0,1
16,1,43.7,100,0.43700000000000006,0,0,0,2
9,7,47.6,60,0.7933333333333333,1,1,0,0
14,7,8.4,30,0.28,1,0,0,2
1,7,60.8,80,0.76,1,0,1,0
6,4,52.0,60,0.8666666666666667,0,0,0,0
11,5,18.8,30,0.6266666666666667,0,0,0,1
18,2,40.7,50,0.8140000000000001,0,1,0,0
2,3,16.6,30,0.5533333333333333,0,0,1,1
8,5,20.5,30,0.6833333333333333,0,1,0,1
4,5,66.2,80,0.8275,0,0,1,0
9,5,29.5,80,0.36875,0,1,0,2
8,6,41.4,50,0.828,1,1,0,0
8,2,29.1,50,0.5820000000000001,0,1,0,1
17,4,44.0,80,0.55,0,1,0,1
16,2,38.3,50,0.7659999999999999,0,0,0,0
19,5,3.6,30,0.12000000000000001,0,1,0,2
13,4,70.4,80,0.8800000000000001,0,0,0,0
22,2,74.5,80,0.93125,0,0,1,0
9,2,31.0,50,0.62,0,1,0,1
8,4,36.2,80,0.4525,0,1,0,1
7,7,72.8,80,0.9099999999999999,1,1,0,0
9,1,6.7,50,0.134,0,1,0,2
17,7,37.2,80,0.465,1,1,0,1
0,2,25.9,30,0.8633333333333333,0,0,1,0
4,7,46.4,50,0.9279999999999999,1,0,1,0
21,1,35.7,50,0.7140000000000001,0,0,0,1
12,4,48.5,60,0.8083333333333333,0,0,0,0
21,4,68.7,80,0.85875,0,0,0,0
14,3,75.2,100,0.752,0,0,0,0
6,1,64.8,80,0.8099999999999999,0,0,0,0
10,2,66.6,80,0.8324999999999999,0,0,0,0
8,6,36.3,60,0.605,1,1,0,1
9,5,67.6,100,0.6759999999999999,0,1,0,1
17,4,22.4,80,0.27999999999999997,0,1,0,2
22,7,64.8,80,0.8099999999999999,1,0,1,0
12,4,16.9,60,0.2816666666666666,0,0,0,2
2,4,46.7,60,0.7783333333333334,0,0,1,0
19,3,18.5,80,0.23125,0,1,0,2
10,4,24.5,100,0.245,0,0,0,2
3,2,46.9,60,0.7816666666666666,0,0,1,0
21,3,25.0,30,0.8333333333333334,0,0,0,0
1,7,37.4,60,0.6233333333333333,1,0,1,1
15,2,73.6,100,0.736,0,0,0,1
3,1,48.9,60,0.815,0,0,1,0
3,3,53.4,60,0.89,0,0,1,0
4,4,50.9,60,0.8483333333333333,0,0,1,0
8,5,29.1,60,0.48500000000000004,0,1,0,1
9,5,43.5,60,0.725,0,1,0,1
5,7,33.4,60,0.5566666666666666,1,0,1,1
18,2,57.9,80,0.72375,0,1,0,1
23,3,42.3,50,0.846,0,0,1,0
10,6,11.4,80,0.14250000000000002,1,0,0,2
16,1,75.5,100,0.755,0,0,0,0
18,6,57.2,60,0.9533333333333334,1,1,0,0
17,2,38.1,60,0.635,0,1,0,1
5,1,38.0,50,0.76,0,0,1,0
14,7,40.3,50,0.8059999999999999,1,0,0,0
9,4,36.1,50,0.722,0,1,0,1
9,7,66.7,80,0.83375,1,1,0,0
16,6,32.0,60,0.5333333333333333,1,0,0,1
23,3,59.0,60,0.9833333333333333,0,0,1,0
4,5,51.5,60,0.8583333333333333,0,0,1,0
0,7,41.1,60,0.685,1,0,1,1
6,5,44.5,80,0.55625,0,0,0,1
15,3,56.0,60,0.9333333333333333,0,0,0,0
21,2,6.6,30,0.22,0,0,0,2
2,1,53.8,60,0.8966666666666666,0,0,1,0
5,4,47.5,50,0.95,0,0,1,0
20,3,76.2,100,0.762,0,0,0,0
2,1,56.0,60,0.9333333333333333,0,0,1,0
21,7,53.9,60,0.8983333333333333,1,0,0,0
2,4,74.3,80,0.92875,0,0,1,0
19,4,11.1,60,0.185,0,1,0,2
7,7,28.5,60,0.475,1,1,0,1
11,7,73.1,80,0.91375,1,0,0,0
19,5,13.0,60,0.21666666666666667,0,1,0,2
13,3,18.0,30,0.6,0,0,0,1
15,2,51.0,60,0.85,0,0,0,0
0,2,23.8,60,0.39666666666666667,0,0,1,2
6,6,34.7,60,0.5783333333333334,1,0,0,1
9,5,19.9,80,0.24874999999999997,0,1,0,2
3,4,28.8,30,0.9600000000000001,0,0,1,0
2,5,57.4,60,0.9566666666666667,0,0,1,0
6,2,25.6,50,0.512,0,0,0,1
11,1,41.7,50,0.8340000000000001,0,0,0,0
18,3,19.1,60,0.31833333333333336,0,1,0,2
17,3,42.1,60,0.7016666666666667,0,1,0,1
11,7,55.4,60,0.9233333333333333,1,0,0,0
7,1,57.4,60,0.9566666666666667,0,1,0,0
15,4,8.3,60,0.13833333333333334,0,0,0,2
5,5,75.7,80,0.94625,0,0,1,0
3,3,53.6,60,0.8933333333333333,0,0,1,0
15,4,37.7,50,0.754,0,0,0,0
0,7,21.1,30,0.7033333333333334,1,0,1,1
1,4,41.5,60,0.6916666666666667,0,0,1,1
9,1,26.6,50,0.532,0,1,0,1
20,5,28.6,30,0.9533333333333334,0,0,0,0
15,4,19.6,30,0.6533333333333334,0,0,0,1
5,1,62.3,80,0.7787499999999999,0,0,1,0
0,5,56.2,60,0.9366666666666668,0,0,1,0
2,2,48.4,60,0.8066666666666666,0,0,1,0
2,7,47.6,60,0.7933333333333333,1,0,1,0
18,7,69.8,80,0.8724999999999999,1,1,0,0
11,4,28.6,60,0.4766666666666667,0,0,0,1
6,5,10.3,30,0.3433333333333334,0,0,0,2
8,3,31.8,60,0.53,0,1,0,1
15,7,41.8,60,0.6966666666666667,1,0,0,1
13,7,19.5,80,0.24375,1,0,0,2
17,7,16.5,30,0.55,1,1,0,1
11,7,34.0,80,0.425,1,0,0,2
7,3,49.3,80,0.61625,0,1,0,1
13,4,39.1,50,0.782,0,0,0,0
3,3,58.1,60,0.9683333333333334,0,0,1,0
12,7,65.3,80,0.8162499999999999,1,0,0,0
23,4,37.8,50,0.7559999999999999,0,0,1,0
19,7,3.5,30,0.11666666666666667,1,1,0,2
9,5,44.1,60,0.735,0,1,0,1
15,6,48.7,50,0.9740000000000001,1,0,0,0
16,7,32.8,80,0.41,1,0,0,2
14,1,8.5,50,0.17,0,0,0,2
22,5,95.1,100,0.951,0,0,1,0
20,6,31.4,50,0.628,1,0,0,1
18,6,22.9,30,0.7633333333333333,1,1,0,0
19,5,33.0,100,0.33,0,1,0,2
21,1,67.8,80,0.8474999999999999,0,0,0,0
12,5,27.1,50,0.542,0,0,0,1
11,5,15.5,30,0.5166666666666667,0,0,0,1
11,4,69.4,80,0.8675,0,0,0,0
0,4,47.1,60,0.785,0,0,1,0
0,1,72.2,80,0.9025000000000001,0,0,1,0
15,2,40.7,60,0.6783333333333333,0,0,0,1
16,5,24.8,60,0.41333333333333333,0,0,0,2
18,2,7.0,60,0.11666666666666667,0,1,0,2
11,5,25.5,100,0.255,0,0,0,2
4,5,47.4,60,0.7899999999999999,0,0,1,0
5,7,51.7,60,0.8616666666666667,1,0,1,0
3,5,58.6,60,0.9766666666666667,0,0,1,0
20,3,36.4,60,0.6066666666666667,0,0,0,1
14,4,13.0,50,0.26,0,0,0,2
11,1,41.0,60,0.6833333333333333,0,0,0,1
10,7,22.4,60,0.3733333333333333,1,0,0,2
22,4,36.4,50,0.728,0,0,1,1
10,6,29.9,30,0.9966666666666666,1,0,0,0
15,7,48.9,60,0.815,1,0,0,0
8,5,20.0,60,0.3333333333333333,0,1,0,2
19,3,43.6,50,0.872,0,1,0,0
4,3,28.9,50,0.578,0,0,1,1
3,7,23.5,50,0.47,1,0,1,1
10,5,38.3,50,0.7659999999999999,0,0,0,0
17,3,27.3,60,0.455,0,1,0,1
16,7,18.6,50,0.37200000000000005,1,0,0,2
14,7,56.1,60,0.935,1,0,0,0
23,7,58.9,60,0.9816666666666667,1,0,1,0
0,1,45.0,60,0.75,0,0,1,0
20,7,31.9,80,0.39875,1,0,0,2
21,7,23.7,30,0.7899999999999999,1,0,0,0
8,7,53.6,60,0.8933333333333333,1,1,0,0
18,6,21.5,60,0.35833333333333334,1,1,0,2
14,6,8.1,50,0.162,1,0,0,2
2,3,57.0,60,0.95,0,0,1,0
6,3,58.4,60,0.9733333333333333,0,0,0,0
5,5,47.5,50,0.95,0,0,1,0
9,3,22.9,60,0.38166666666666665,0,1,0,2
12,5,35.6,60,0.5933333333333334,0,0,0,1
23,5,85.2,100,0.852,0,0,1,0
20,3,21.6,80,0.27,0,0,0,2
1,2,58.5,60,0.975,0,0,1,0
15,2,68.2,80,0.8525,0,0,0,0
20,4,10.4,100,0.10400000000000001,0,0,0,2
14,7,21.1,50,0.42200000000000004,1,0,0,2
9,7,45.9,60,0.765,1,1,0,0
15,7,14.1,50,0.282,1,0,0,2
4,7,15.0,30,0.5,1,0,1,1
14,1,32.5,60,0.5416666666666666,0,0,0,1
21,7,42.9,50,0.858,1,0,0,0
7,1,44.0,50,0.88,0,1,0,0
16,2,58.7,100,0.5870000000000001,0,0,0,1
2,1,83.1,100,0.831,0,0,1,0
0,6,31.5,80,0.39375,1,0,1,2
21,6,43.8,50,0.8759999999999999,1,0,0,0
1,2,76.9,80,0.96125,0,0,1,0
6,1,29.3,30,0.9766666666666667,0,0,0,0
3,1,55.9,60,0.9316666666666666,0,0,1,0
11,4,41.0,80,0.5125,0,0,0,1
23,2,46.8,50,0.9359999999999999,0,0,1,0
7,4,14.0,60,0.23333333333333334,0,1,0,2
10,5,34.3,60,0.5716666666666667,0,0,0,1
14,2,72.3,80,0.9037499999999999,0,0,0,0
3,3,39.3,60,0.6549999999999999,0,0,1,1
11,5,34.6,50,0.6920000000000001,0,0,0,1
21,2,46.7,50,0.934,0,0,0,0
21,7,26.4,30,0.88,1,0,0,0
19,2,45.4,60,0.7566666666666666,0,1,0,0
20,6,23.3,60,0.38833333333333336,1,0,0,2
21,6,8.6,60,0.14333333333333334,1,0,0,2
4,1,41.9,50,0.838,0,0,1,0
19,4,17.6,60,0.29333333333333333,0,1,0,2
7,7,28.5,60,0.475,1,1,0,1
4,1,50.3,60,0.8383333333333333,0,0,1,0
19,2,9.2,60,0.15333333333333332,0,1,0,2
18,4,21.9,50,0.43799999999999994,0,1,0,2
13,4,27.7,60,0.46166666666666667,0,0,0,1
15,5,45.5,60,0.7583333333333333,0,0,0,0
11,1,47.0,50,0.94,0,0,0,0
6,3,26.9,50,0.5379999999999999,0,0,0,1
23,7,73.0,80,0.9125,1,0,1,0
12,5,50.1,60,0.8350000000000001,0,0,0,0
11,3,19.3,30,0.6433333333333333,0,0,0,1
22,5,27.9,60,0.46499999999999997,0,0,1,1
19,5,56.3,80,0.70375,0,1,0,1
3,2,49.9,50,0.998,0,0,1,0
20,2,75.7,100,0.757,0,0,0,0
8,4,14.6,60,0.24333333333333332,0,1,0,2
13,1,57.5,60,0.9583333333333334,0,0,0,0
13,6,30.6,80,0.3825,1,0,0,2
7,3,19.0,60,0.31666666666666665,0,1,0,2
12,4,58.9,60,0.9816666666666667,0,0,0,0
10,3,12.6,80,0.1575,0,0,0,2
13,1,41.1,100,0.41100000000000003,0,0,0,2
14,4,39.1,60,0.6516666666666667,0,0,0,1
14,4,28.7,30,0.9566666666666667,0,0,0,0
23,4,24.9,30,0.83,0,0,1,0
13,1,6.7,30,0.22333333333333333,0,0,0,2
12,6,24.5,80,0.30625,1,0,0,2
13,6,47.2,60,0.7866666666666667,1,0,0,0
17,2,47.6,50,0.9520000000000001,0,1,0,0
7,6,57.4,60,0.9566666666666667,1,1,0,0
16,5,45.6,60,0.76,0,0,0,0
4,1,71.9,80,0.89875,0,0,1,0
22,6,49.8,50,0.996,1,0,1,0
11,5,45.8,50,0.9159999999999999,0,0,0,0
17,6,73.7,80,0.92125,1,1,0,0
0,2,38.7,80,0.48375,0,0,1,1
13,6,64.3,80,0.80375,1,0,0,0
4,7,82.0,100,0.82,1,0,1,0
22,2,49.8,60,0.83,0,0,1,0
9,6,77.1,80,0.9637499999999999,1,1,0,0
14,7,43.6,60,0.7266666666666667,1,0,0,1
16,5,51.4,60,0.8566666666666667,0,0,0,0
22,1,50.9,60,0.8483333333333333,0,0,1,0
19,1,39.5,60,0.6583333333333333,0,1,0,1
6,4,33.7,50,0.674,0,0,0,1
9,3,39.2,60,0.6533333333333334,0,1,0,1
18,4,15.4,60,0.25666666666666665,0,1,0,2
18,5,8.0,60,0.13333333333333333,0,1,0,2
20,5,71.3,80,0.89125,0,0,0,0
4,2,51.5,60,0.8583333333333333,0,0,1,0
1,6,53.7,60,0.895,1,0,1,0
4,7,20.5,80,0.25625,1,0,1,2
18,1,94.3,100,0.943,0,1,0,0
5,1,55.3,60,0.9216666666666666,0,0,1,0
18,3,6.7,50,0.134,0,1,0,2
1,4,62.5,80,0.78125,0,0,1,0
6,2,44.5,50,0.89,0,0,0,0
19,2,55.6,80,0.6950000000000001,0,1,0,1
12,4,41.5,50,0.83,0,0,0,0
21,2,37.9,50,0.758,0,0,0,0
20,6,24.9,60,0.415,1,0,0,2
15,7,22.0,50,0.44,1,0,0,2
14,1,20.5,60,0.3416666666666667,0,0,0,2
13,7,22.6,60,0.3766666666666667,1,0,0,2
15,7,78.6,80,0.9824999999999999,1,0,0,0
8,7,45.8,80,0.5725,1,1,0,1
21,3,40.6,60,0.6766666666666666,0,0,0,1
22,7,66.8,80,0.835,1,0,1,0
12,2,53.0,80,0.6625,0,0,0,1
12,6,90.3,100,0.903,1,0,0,0
17,5,16.5,60,0.275,0,1,0,2
19,4,27.7,100,0.27699999999999997,0,1,0,2
1,6,74.3,80,0.92875,1,0,1,0
5,2,85.8,100,0.858,0,0,1,0
12,4,60.7,100,0.607,0,0,0,1
2,1,51.0,60,0.85,0,0,1,0
7,7,46.9,80,0.5862499999999999,1,1,0,1
16,7,58.3,80,0.72875,1,0,0,1
9,3,11.1,60,0.185,0,1,0,2
3,5,48.8,60,0.8133333333333332,0,0,1,0
0,3,52.2,60,0.87,0,0,1,0
17,4,6.6,60,0.11,0,1,0,2
20,6,34.1,60,0.5683333333333334,1,0,0,1
1,2,72.7,80,0.9087500000000001,0,0,1,0
19,1,38.4,60,0.64,0,1,0,1
14,5,53.4,60,0.89,0,0,0,0
5,2,80.5,100,0.805,0,0,1,0
2,5,41.9,50,0.838,0,0,1,0
12,5,22.9,50,0.45799999999999996,0,0,0,1
10,1,40.4,50,0.8079999999999999,0,0,0,0
18,5,7.2,30,0.24000000000000002,0,1,0,2
21,2,39.5,60,0.6583333333333333,0,0,0,1
18,5,11.3,30,0.3766666666666667,0,1,0,2
14,4,11.3,30,0.3766666666666667,0,0,0,2
5,3,63.1,80,0.7887500000000001,0,0,1,0
13,1,8.6,60,0.14333333333333334,0,0,0,2
23,6,87.5,100,0.875,1,0,1,0
21,3,53.3,60,0.8883333333333333,0,0,0,0
0,5,27.0,30,0.9,0,0,1,0
5,3,78.2,100,0.782,0,0,1,0
9,3,41.3,60,0.6883333333333332,0,1,0,1
10,3,51.7,60,0.8616666666666667,0,0,0,0
8,1,43.1,60,0.7183333333333334,0,1,0,1
15,3,60.4,80,0.755,0,0,0,0
10,4,37.7,50,0.754,0,0,0,0
21,3,48.6,60,0.81,0,0,0,0
13,5,38.0,50,0.76,0,0,0,0
22,7,76.1,80,0.9512499999999999,1,0,1,0
19,6,7.2,50,0.14400000000000002,1,1,0,2
22,5,54.5,60,0.9083333333333333,0,0,1,0
15,1,24.6,30,0.8200000000000001,0,0,0,0
13,2,38.5,60,0.6416666666666667,0,0,0,1
22,6,65.8,80,0.8225,1,0,1,0
23,1,25.6,30,0.8533333333333334,0,0,1,0
5,5,76.9,80,0.96125,0,0,1,0
3,5,51.1,60,0.8516666666666667,0,0,1,0
3,2,53.1,60,0.885,0,0,1,0
20,7,27.3,60,0.455,1,0,0,1
2,4,26.2,30,0.8733333333333333,0,0,1,0
7,5,13.4,50,0.268,0,1,0,2
21,1,50.2,60,0.8366666666666667,0,0,0,0
10,1,28.7,60,0.47833333333333333,0,0,0,1
23,7,55.9,60,0.9316666666666666,1,0,1,0
17,3,19.7,80,0.24625,0,1,0,2
21,1,50.2,100,0.502,0,0,0,1
5,7,34.7,60,0.5783333333333334,1,0,1,1
4,5,71.8,80,0.8975,0,0,1,0
5,6,58.3,60,0.9716666666666666,1,0,1,0
8,3,10.7,30,0.35666666666666663,0,1,0,2
0,1,29.0,60,0.48333333333333334,0,0,1,1
7,7,74.1,80,0.9262499999999999,1,1,0,0
8,4,39.8,60,0.6633333333333333,0,1,0,1
9,3,17.1,50,0.342,0,1,0,2
23,4,28.6,30,0.9533333333333334,0,0,1,0
20,2,30.3,60,0.505,0,0,0,1
14,5,49.1,80,0.61375,0,0,0,1
18,6,75.7,100,0.757,1,1,0,0
18,3,30.9,100,0.309,0,1,0,2
6,4,51.4,80,0.6425,0,0,0,1
17,7,19.8,30,0.66,1,1,0,1
23,6,30.3,50,0.606,1,0,1,1
3,7,24.7,30,0.8233333333333334,1,0,1,0
16,7,25.9,50,0.518,1,0,0,1
20,4,39.5,50,0.79,0,0,0,0
19,1,21.3,30,0.7100000000000001,0,1,0,1
12,3,76.7,80,0.95875,0,0,0,0
6,5,27.9,50,0.5579999999999999,0,0,0,1
12,6,9.4,30,0.31333333333333335,1,0,0,2
15,2,29.4,30,0.98,0,0,0,0
10,1,11.4,60,0.19,0,0,0,2
21,5,47.2,60,0.7866666666666667,0,0,0,0
15,6,7.4,60,0.12333333333333334,1,0,0,2
19,5,10.3,30,0.3433333333333334,0,1,0,2
20,6,37.9,60,0.6316666666666666,1,0,0,1
21,3,55.1,60,0.9183333333333333,0,0,0,0
20,3,55.3,60,0.9216666666666666,0,0,0,0
20,4,76.3,80,0.95375,0,0,0,0
8,6,27.4,100,0.27399999999999997,1,1,0,2
22,6,63.4,80,0.7925,1,0,1,0
5,3,31.9,80,0.39875,0,0,1,2
8,2,26.7,50,0.534,0,1,0,1
9,1,25.0,80,0.3125,0,1,0,2
16,6,42.0,50,0.84,1,0,0,0
19,7,54.7,60,0.9116666666666667,1,1,0,0
4,1,59.3,60,0.9883333333333333,0,0,1,0
20,5,13.0,30,0.43333333333333335,0,0,0,2
16,5,75.6,100,0.7559999999999999,0,0,0,0
0,6,59.4,60,0.99,1,0,1,0
15,7,10.5,60,0.175,1,0,0,2
19,2,30.8,60,0.5133333333333333,0,1,0,1
19,2,23.0,60,0.38333333333333336,0,1,0,2
21,5,59.7,60,0.995,0,0,0,0
1,5,59.5,60,0.9916666666666667,0,0,1,0
19,5,22.8,50,0.456,0,1,0,1
10,1,28.2,60,0.47,0,0,0,1
18,4,35.2,60,0.5866666666666667,0,1,0,1
17,4,23.0,50,0.46,0,1,0,1
9,4,72.4,100,0.7240000000000001,0,1,0,1
17,2,22.9,60,0.38166666666666665,0,1,0,2
9,4,18.0,60,0.3,0,1,0,2
14,4,18.1,30,0.6033333333333334,0,0,0,1
11,2,16.1,60,0.26833333333333337,0,0,0,2
14,2,64.1,80,0.8012499999999999,0,0,0,0
11,6,21.2,60,0.35333333333333333,1,0,0,2
9,3,30.4,50,0.608,0,1,0,1
8,3,18.7,50,0.374,0,1,0,2
23,3,56.9,60,0.9483333333333334,0,0,1,0
9,2,11.7,50,0.23399999999999999,0,1,0,2
12,7,33.0,60,0.55,1,0,0,1
23,3,56.6,60,0.9433333333333334,0,0,1,0
21,2,57.4,60,0.9566666666666667,0,0,0,0
3,3,48.2,50,0.9640000000000001,0,0,1,0
12,5,99.6,100,0.996,0,0,0,0
16,5,20.7,60,0.345,0,0,0,2
6,4,50.8,60,0.8466666666666666,0,0,0,0
12,5,53.9,60,0.8983333333333333,0,0,0,0
21,1,23.7,30,0.7899999999999999,0,0,0,0
4,2,41.1,50,0.8220000000000001,0,0,1,0
2,5,85.9,100,0.8590000000000001,0,0,1,0
17,3,12.6,60,0.21,0,1,0,2
11,7,40.6,60,0.6766666666666666,1,0,0,1
16,5,49.3,60,0.8216666666666667,0,0,0,0
7,4,30.0,50,0.6,0,1,0,1
14,2,41.6,100,0.41600000000000004,0,0,0,2
5,5,33.2,60,0.5533333333333333,0,0,1,1
23,6,42.6,50,0.852,1,0,1,0
0,4,52.7,60,0.8783333333333334,0,0,1,0
18,5,14.7,60,0.245,0,1,0,2
1,7,52.1,60,0.8683333333333334,1,0,1,0
22,5,28.6,30,0.9533333333333334,0,0,1,0
12,3,49.5,60,0.825,0,0,0,0
2,1,46.2,80,0.5775,0,0,1,1
12,7,48.8,80,0.61,1,0,0,1
7,4,30.0,80,0.375,0,1,0,2
0,7,34.1,50,0.682,1,0,1,1
13,6,39.4,100,0.39399999999999996,1,0,0,2
23,5,45.6,50,0.912,0,0,1,0
7,2,10.4,60,0.17333333333333334,0,1,0,2
3,7,33.7,50,0.674,1,0,1,1
9,2,39.8,80,0.49749999999999994,0,1,0,1
23,1,51.9,60,0.865,0,0,1,0
10,3,76.8,80,0.96,0,0,0,0
18,2,24.9,80,0.31124999999999997,0,1,0,2
2,6,69.1,80,0.8637499999999999,1,0,1,0
20,7,12.3,60,0.20500000000000002,1,0,0,2
12,1,77.7,100,0.777,0,0,0,0
2,2,65.4,80,0.8175000000000001,0,0,1,0
9,6,89.4,100,0.894,1,1,0,0
8,3,21.1,50,0.42200000000000004,0,1,0,2
1,3,47.0,50,0.94,0,0,1,0
19,7,10.8,50,0.21600000000000003,1,1,0,2
20,3,52.7,60,0.8783333333333334,0,0,0,0
13,7,14.4,30,0.48000000000000004,1,0,0,1
4,4,22.9,30,0.7633333333333333,0,0,1,0
17,4,6.7,60,0.11166666666666666,0,1,0,2
0,1,26.9,30,0.8966666666666666,0,0,1,0
12,1,43.1,60,0.7183333333333334,0,0,0,1
4,7,47.2,50,0.9440000000000001,1,0,1,0
23,4,51.4,60,0.8566666666666667,0,0,1,0
2,7,37.7,50,0.754,1,0,1,0
3,6,24.7,30,0.8233333333333334,1,0,1,0
4,7,70.0,80,0.875,1,0,1,0
9,4,23.6,60,0.39333333333333337,0,1,0,2
21,7,35.3,60,0.5883333333333333,1,0,0,1
11,1,45.5,80,0.56875,0,0,0,1
6,4,7.0,50,0.14,0,0,0,2
13,5,74.6,80,0.9324999999999999,0,0,0,0
15,3,76.5,80,0.95625,0,0,0,0
11,4,13.5,60,0.225,0,0,0,2
18,1,25.8,60,0.43,0,1,0,2
20,4,15.8,60,0.26333333333333336,0,0,0,2
13,2,47.3,60,0.7883333333333333,0,0,0,0
4,1,41.0,60,0.6833333333333333,0,0,1,1
6,1,45.5,60,0.7583333333333333,0,0,0,0
12,3,26.3,50,0.526,0,0,0,1
21,2,42.7,50,0.8540000000000001,0,0,0,0
10,1,55.1,80,0.68875,0,0,0,1
5,7,92.9,100,0.929,1,0,1,0
12,2,44.4,50,0.888,0,0,0,0
15,5,18.6,50,0.37200000000000005,0,0,0,2
17,4,16.6,50,0.332,0,1,0,2
8,5,20.9,80,0.26125,0,1,0,2
11,5,99.1,100,0.991,0,0,0,0
21,4,41.6,50,0.8320000000000001,0,0,0,0
16,6,39.5,80,0.49375,1,0,0,1
13,6,71.3,100,0.713,1,0,0,1
15,5,50.2,80,0.6275000000000001,0,0,0,1
2,4,56.6,60,0.9433333333333334,0,0,1,0
3,4,24.3,60,0.405,0,0,1,2
22,7,61.7,80,0.77125,1,0,1,0
15,5,46.2,60,0.77,0,0,0,0
23,4,25.7,30,0.8566666666666667,0,0,1,0
3,6,89.2,100,0.892,1,0,1,0
18,7,15.0,60,0.25,1,1,0,2
10,2,54.4,80,0.6799999999999999,0,0,0,1
18,5,31.3,80,0.39125,0,1,0,2
23,6,37.4,60,0.6233333333333333,1,0,1,1
1,5,53.5,60,0.8916666666666667,0,0,1,0
1,7,23.9,30,0.7966666666666666,1,0,1,0
2,2,50.7,80,0.63375,0,0,1,1
3,4,59.3,60,0.9883333333333333,0,0,1,0
21,3,45.5,60,0.7583333333333333,0,0,0,0
13,7,35.2,60,0.5866666666666667,1,0,0,1
5,4,74.2,80,0.9275,0,0,1,0
4,5,41.7,50,0.8340000000000001,0,0,1,0
4,6,16.6,80,0.20750000000000002,1,0,1,2
5,1,56.4,60,0.94,0,0,1,0
21,4,45.5,60,0.7583333333333333,0,0,0,0
10,6,43.8,60,0.73,1,0,0,1
9,2,24.1,80,0.30125,0,1,0,2
22,2,24.6,30,0.8200000000000001,0,0,1,0
11,3,43.8,50,0.8759999999999999,0,0,0,0
1,5,51.0,100,0.51,0,0,1,1
4,1,48.0,80,0.6,0,0,1,1
16,4,27.2,30,0.9066666666666666,0,0,0,0
10,3,37.8,50,0.7559999999999999,0,0,0,0
18,4,27.0,80,0.3375,0,1,0,2
22,5,50.1,60,0.8350000000000001,0,0,1,0
15,6,31.5,60,0.525,1,0,0,1
22,5,51.8,60,0.8633333333333333,0,0,1,0
15,6,32.5,80,0.40625,1,0,0,2
22,3,77.2,100,0.772,0,0,1,0
3,6,45.4,50,0.9079999999999999,1,0,1,0
6,3,5.4,50,0.10800000000000001,0,0,0,2
14,7,36.4,80,0.45499999999999996,1,0,0,1
16,2,27.4,30,0.9133333333333333,0,0,0,0
6,4,59.7,60,0.995,0,0,0,0
19,1,32.3,60,0.5383333333333333,0,1,0,1
3,1,52.3,60,0.8716666666666666,0,0,1,0
22,1,41.8,50,0.836,0,0,1,0
22,1,51.9,60,0.865,0,0,1,0
12,3,45.3,50,0.9059999999999999,0,0,0,0
1,7,42.9,60,0.715,1,0,1,1
20,4,29.2,30,0.9733333333333333,0,0,0,0
23,3,26.2,30,0.8733333333333333,0,0,1,0
13,6,30.5,60,0.5083333333333333,1,0,0,1
23,1,52.3,60,0.8716666666666666,0,0,1,0
23,4,49.6,60,0.8266666666666667,0,0,1,0
12,6,22.6,100,0.226,1,0,0,2
19,6,31.2,80,0.39,1,1,0,2
19,4,35.3,60,0.5883333333333333,0,1,0,1
15,4,48.9,60,0.815,0,0,0,0
21,3,61.1,100,0.611,0,0,0,1
6,2,58.7,60,0.9783333333333334,0,0,0,0
16,4,58.1,60,0.9683333333333334,0,0,0,0
1,3,42.8,50,0.856,0,0,1,0
18,5,15.6,60,0.26,0,1,0,2
5,2,50.8,60,0.8466666666666666,0,0,1,0
6,6,57.7,60,0.9616666666666667,1,0,0,0
3,7,45.3,60,0.755,1,0,1,0
0,4,51.9,60,0.865,0,0,1,0
19,5,18.3,100,0.183,0,1,0,2
17,3,41.8,60,0.6966666666666667,0,1,0,1
15,5,63.7,100,0.637,0,0,0,1
14,5,12.8,60,0.21333333333333335,0,0,0,2
7,7,22.0,60,0.36666666666666664,1,1,0,2
5,5,46.4,60,0.7733333333333333,0,0,1,0
22,2,42.0,80,0.525,0,0,1,1
21,5,40.8,60,0.6799999999999999,0,0,0,1
12,1,27.3,50,0.546,0,0,0,1
14,3,7.7,60,0.12833333333333333,0,0,0,2
17,1,5.8,30,0.19333333333333333,0,1,0,2
11,3,59.5,60,0.9916666666666667,0,0,0,0
19,2,8.5,80,0.10625,0,1,0,2
17,5,42.5,50,0.85,0,1,0,0
8,2,8.1,50,0.162,0,1,0,2
22,3,43.9,50,0.878,0,0,1,0
12,1,98.9,100,0.9890000000000001,0,0,0,0
4,1,28.6,30,0.9533333333333334,0,0,1,0
9,3,98.1,100,0.981,0,1,0,0
19,1,19.7,80,0.24625,0,1,0,2
14,7,13.7,100,0.13699999999999998,1,0,0,2
7,5,16.4,50,0.32799999999999996,0,1,0,2
22,3,37.0,60,0.6166666666666667,0,0,1,1
21,2,48.6,80,0.6075,0,0,0,1
21,6,30.3,80,0.37875000000000003,1,0,0,2
2,6,93.1,100,0.9309999999999999,1,0,1,0
17,3,10.3,50,0.20600000000000002,0,1,0,2
11,2,5.9,50,0.11800000000000001,0,0,0,2
23,3,46.2,60,0.77,0,0,1,0
0,7,31.4,60,0.5233333333333333,1,0,1,1
15,1,9.6,80,0.12,0,0,0,2
0,1,39.4,60,0.6566666666666666,0,0,1,1
12,6,56.8,60,0.9466666666666667,1,0,0,0
17,6,41.9,60,0.6983333333333334,1,1,0,1
5,2,55.6,60,0.9266666666666666,0,0,1,0
16,2,60.2,80,0.7525000000000001,0,0,0,0
1,4,47.1,50,0.9420000000000001,0,0,1,0
2,5,62.0,80,0.775,0,0,1,0
3,7,58.2,80,0.7275,1,0,1,1
7,1,20.6,30,0.6866666666666668,0,1,0,1
13,4,33.4,60,0.5566666666666666,0,0,0,1
0,6,60.0,60,1.0,1,0,1,0
14,3,34.3,50,0.6859999999999999,0,0,0,1
11,2,41.9,80,0.5237499999999999,0,0,0,1
8,3,39.0,80,0.4875,0,1,0,1
20,5,32.1,80,0.40125,0,0,0,2
8,5,7.0,60,0.11666666666666667,0,1,0,2
9,3,16.3,60,0.27166666666666667,0,1,0,2
23,1,85.0,100,0.85,0,0,1,0
16,2,36.9,60,0.615,0,0,0,1
10,2,14.6,50,0.292,0,0,0,2
12,5,24.0,30,0.8,0,0,0,0
12,2,54.6,60,0.91,0,0,0,0
5,3,46.8,50,0.9359999999999999,0,0,1,0
20,1,46.8,50,0.9359999999999999,0,0,0,0
6,2,58.3,60,0.9716666666666666,0,0,0,0
15,1,19.5,60,0.325,0,0,0,2
23,3,50.2,60,0.8366666666666667,0,0,1,0
15,2,34.5,80,0.43125,0,0,0,2
7,6,73.5,80,0.91875,1,1,0,0
8,7,72.6,100,0.726,1,1,0,1
12,7,25.6,100,0.256,1,0,0,2
12,6,52.9,60,0.8816666666666666,1,0,0,0
12,5,24.6,60,0.41000000000000003,0,0,0,2
21,3,50.4,60,0.84,0,0,0,0
6,3,41.8,60,0.6966666666666667,0,0,0,1
23,1,42.9,50,0.858,0,0,1,0
16,6,16.6,30,0.5533333333333333,1,0,0,1
18,1,11.0,60,0.18333333333333332,0,1,0,2
16,3,34.3,50,0.6859999999999999,0,0,0,1
12,2,47.5,50,0.95,0,0,0,0
15,5,70.2,80,0.8775000000000001,0,0,0,0
1,5,56.8,60,0.9466666666666667,0,0,1,0
3,3,23.0,30,0.7666666666666667,0,0,1,0
8,5,20.5,60,0.3416666666666667,0,1,0,2
23,7,41.6,50,0.8320000000000001,1,0,1,0
8,7,54.3,60,0.9049999999999999,1,1,0,0
11,6,22.5,80,0.28125,1,0,0,2
5,3,68.3,80,0.85375,0,0,1,0
17,3,58.4,60,0.9733333333333333,0,1,0,0
20,6,33.9,80,0.42374999999999996,1,0,0,2
19,5,12.7,60,0.21166666666666664,0,1,0,2
18,2,8.1,60,0.13499999999999998,0,1,0,2
10,4,41.5,50,0.83,0,0,0,0
20,7,50.7,60,0.8450000000000001,1,0,0,0
13,4,54.7,60,0.9116666666666667,0,0,0,0
3,4,45.3,60,0.755,0,0,1,0
17,4,21.7,30,0.7233333333333333,0,1,0,1
21,5,88.6,100,0.8859999999999999,0,0,0,0
12,6,41.7,60,0.6950000000000001,1,0,0,1
5,2,42.7,60,0.7116666666666667,0,0,1,1
23,4,95.6,100,0.956,0,0,1,0
0,4,88.8,100,0.888,0,0,1,0
12,5,58.4,60,0.9733333333333333,0,0,0,0
14,7,37.3,60,0.6216666666666666,1,0,0,1
8,6,23.9,30,0.7966666666666666,1,1,0,0
3,2,24.1,30,0.8033333333333333,0,0,1,0
8,6,58.9,60,0.9816666666666667,1,1,0,0
10,5,82.7,100,0.8270000000000001,0,0,0,0
22,5,78.6,80,0.9824999999999999,0,0,1,0
4,3,64.2,80,0.8025,0,0,1,0
19,2,9.9,50,0.198,0,1,0,2
7,4,38.5,100,0.385,0,1,0,2
21,6,44.4,50,0.888,1,0,0,0
14,5,41.7,60,0.6950000000000001,0,0,0,1
8,6,42.2,80,0.5275000000000001,1,1,0,1
0,2,78.9,80,0.9862500000000001,0,0,1,0
21,2,51.9,60,0.865,0,0,0,0
4,3,96.1,100,0.961,0,0,1,0
6,4,14.8,60,0.24666666666666667,0,0,0,2
9,2,27.4,80,0.34249999999999997,0,1,0,2
16,5,34.4,60,0.5733333333333334,0,0,0,1
6,2,23.9,50,0.478,0,0,0,1
15,1,39.8,50,0.7959999999999999,0,0,0,0
10,7,17.6,60,0.29333333333333333,1,0,0,2
7,7,50.3,60,0.8383333333333333,1,1,0,0
7,6,84.7,100,0.847,1,1,0,0
7,1,59.0,80,0.7375,0,1,0,1
9,2,70.6,100,0.706,0,1,0,1
20,4,14.7,30,0.49,0,0,0,1
3,2,24.5,30,0.8166666666666667,0,0,1,0
15,6,36.4,60,0.6066666666666667,1,0,0,1
16,2,59.1,60,0.985,0,0,0,0
17,1,82.1,100,0.821,0,1,0,0
3,4,27.6,30,0.92,0,0,1,0
0,2,39.1,60,0.6516666666666667,0,0,1,1
1,5,47.7,60,0.795,0,0,1,0
3,7,40.2,60,0.67,1,0,1,1
10,2,56.6,60,0.9433333333333334,0,0,0,0
10,4,39.6,50,0.792,0,0,0,0
19,1,12.7,50,0.254,0,1,0,2
18,6,20.3,80,0.25375000000000003,1,1,0,2
21,2,38.3,60,0.6383333333333333,0,0,0,1
0,1,56.3,60,0.9383333333333332,0,0,1,0
20,5,68.2,80,0.8525,0,0,0,0
7,5,31.9,50,0.638,0,1,0,1
4,1,100.0,100,1.0,0,0,1,0
15,6,77.8,80,0.9724999999999999,1,0,0,0
15,6,9.3,60,0.155,1,0,0,2
11,2,52.2,60,0.87,0,0,0,0
8,3,18.9,60,0.315,0,1,0,2
8,4,21.8,80,0.2725,0,1,0,2
8,5,19.7,60,0.3283333333333333,0,1,0,2
9,1,27.3,60,0.455,0,1,0,1
4,1,52.9,60,0.8816666666666666,0,0,1,0
10,2,28.1,60,0.4683333333333334,0,0,0,1
18,4,21.8,60,0.36333333333333334,0,1,0,2
10,2,48.8,60,0.8133333333333332,0,0,0,0
22,3,55.8,60,0.9299999999999999,0,0,1,0
19,2,59.3,60,0.9883333333333333,0,1,0,0
8,2,58.9,60,0.9816666666666667,0,1,0,0
8,6,46.8,60,0.7799999999999999,1,1,0,0
2,5,49.6,50,0.992,0,0,1,0
14,7,47.0,80,0.5875,1,0,0,1
1,1,71.0,80,0.8875,0,0,1,0
21,4,32.3,50,0.6459999999999999,0,0,0,1
14,6,55.9,80,0.69875,1,0,0,1
10,5,32.8,50,0.6559999999999999,0,0,0,1
3,7,51.9,60,0.865,1,0,1,0
11,1,41.2,60,0.6866666666666668,0,0,0,1
17,3,19.4,50,0.38799999999999996,0,1,0,2
17,2,34.9,80,0.43624999999999997,0,1,0,2
1,2,76.7,80,0.95875,0,0,1,0
2,6,85.9,100,0.8590000000000001,1,0,1,0
2,4,53.9,60,0.8983333333333333,0,0,1,0
18,3,39.7,60,0.6616666666666667,0,1,0,1
12,6,15.8,60,0.26333333333333336,1,0,0,2
11,1,29.3,60,0.48833333333333334,0,0,0,1
6,1,48.5,80,0.60625,0,0,0,1
19,4,29.8,60,0.4966666666666667,0,1,0,1
22,5,60.1,80,0.75125,0,0,1,0
13,4,19.6,50,0.392,0,0,0,2
11,4,31.3,50,0.626,0,0,0,1
13,7,43.5,80,0.54375,1,0,0,1
11,5,58.8,60,0.98,0,0,0,0
0,6,37.9,50,0.758,1,0,1,0
2,3,28.0,60,0.4666666666666667,0,0,1,1
5,4,60.1,80,0.75125,0,0,1,0
20,6,24.6,60,0.41000000000000003,1,0,0,2
1,3,78.1,80,0.97625,0,0,1,0
10,3,53.2,60,0.8866666666666667,0,0,0,0
19,4,12.4,30,0.41333333333333333,0,1,0,2
4,2,54.9,60,0.9149999999999999,0,0,1,0
12,3,33.2,80,0.41500000000000004,0,0,0,2
17,6,4.4,30,0.14666666666666667,1,1,0,2
16,6,58.8,60,0.98,1,0,0,0
23,2,86.4,100,0.8640000000000001,0,0,1,0
3,6,66.0,80,0.825,1,0,1,0
7,4,9.3,50,0.18600000000000003,0,1,0,2
5,5,23.8,30,0.7933333333333333,0,0,1,0
8,7,20.3,60,0.3383333333333333,1,1,0,2
18,7,29.4,60,0.49,1,1,0,1
9,3,59.2,60,0.9866666666666667,0,1,0,0
10,7,44.3,80,0.55375,1,0,0,1
19,2,11.2,60,0.18666666666666665,0,1,0,2
9,5,41.7,100,0.41700000000000004,0,1,0,2
9,5,11.4,100,0.114,0,1,0,2
19,1,17.6,60,0.29333333333333333,0,1,0,2
0,7,27.3,60,0.455,1,0,1,1
0,7,23.1,30,0.77,1,0,1,0
12,4,30.2,50,0.604,0,0,0,1
11,3,18.8,100,0.188,0,0,0,2
23,1,45.6,60,0.76,0,0,1,0
0,6,45.3,60,0.755,1,0,1,0
0,5,17.4,80,0.21749999999999997,0,0,1,2
3,1,92.9,100,0.929,0,0,1,0
6,1,23.2,50,0.46399999999999997,0,0,0,1
14,2,41.3,50,0.826,0,0,0,0
1,3,59.5,60,0.9916666666666667,0,0,1,0
1,2,45.2,60,0.7533333333333334,0,0,1,0
18,1,37.4,80,0.46749999999999997,0,1,0,1
2,5,50.7,60,0.8450000000000001,0,0,1,0
21,4,28.8,60,0.48000000000000004,0,0,0,1
22,1,76.0,100,0.76,0,0,1,0
13,7,39.2,60,0.6533333333333334,1,0,0,1
7,5,15.4,80,0.1925,0,1,0,2
19,6,12.5,60,0.20833333333333334,1,1,0,2
2,3,54.8,60,0.9133333333333333,0,0,1,0
15,3,42.9,50,0.858,0,0,0,0
11,5,57.7,80,0.7212500000000001,0,0,0,1
12,5,11.3,50,0.226,0,0,0,2
20,4,9.5,30,0.31666666666666665,0,0,0,2
8,1,24.0,100,0.24,0,1,0,2
1,3,53.4,60,0.89,0,0,1,0
19,5,20.0,60,0.3333333333333333,0,1,0,2
9,7,13.9,80,0.17375000000000002,1,1,0,2
13,5,47.4,60,0.7899999999999999,0,0,0,0
18,6,12.4,80,0.155,1,1,0,2
10,4,54.3,60,0.9049999999999999,0,0,0,0
4,3,79.2,80,0.99,0,0,1,0
3,7,40.3,60,0.6716666666666666,1,0,1,1
7,6,48.1,60,0.8016666666666666,1,1,0,0
15,7,10.3,30,0.3433333333333334,1,0,0,2
22,4,36.6,60,0.61,0,0,1,1
10,6,41.6,50,0.8320000000000001,1,0,0,0
8,4,26.3,80,0.32875,0,1,0,2
7,3,5.9,30,0.19666666666666668,0,1,0,2
8,2,30.6,60,0.51,0,1,0,1
4,1,46.7,50,0.934,0,0,1,0
4,2,54.3,60,0.9049999999999999,0,0,1,0
4,6,8.2,80,0.1025,1,0,1,2
5,3,48.9,50,0.978,0,0,1,0
21,5,40.9,50,0.818,0,0,0,0
22,5,45.8,50,0.9159999999999999,0,0,1,0
7,6,51.0,60,0.85,1,1,0,0
22,6,49.5,60,0.825,1,0,1,0
7,3,7.0,30,0.23333333333333334,0,1,0,2
16,1,25.2,50,0.504,0,0,0,1
14,5,15.4,60,0.25666666666666665,0,0,0,2
2,6,25.0,50,0.5,1,0,1,1
18,4,13.1,50,0.262,0,1,0,2
20,3,17.3,60,0.28833333333333333,0,0,0,2
14,1,16.9,80,0.21125,0,0,0,2
20,1,34.0,60,0.5666666666666667,0,0,0,1
18,1,31.4,60,0.5233333333333333,0,1,0,1
3,7,45.5,50,0.91,1,0,1,0
15,6,21.6,60,0.36000000000000004,1,0,0,2
6,7,41.0,50,0.82,1,0,0,0
14,4,42.1,80,0.52625,0,0,0,1
18,6,97.0,100,0.97,1,1,0,0
6,4,55.6,60,0.9266666666666666,0,0,0,0
21,5,39.7,60,0.6616666666666667,0,0,0,1
22,5,23.5,30,0.7833333333333333,0,0,1,0
8,6,40.0,50,0.8,1,1,0,0
1,2,49.4,60,0.8233333333333334,0,0,1,0
16,4,62.2,80,0.7775000000000001,0,0,0,0
4,2,46.6,50,0.932,0,0,1,0
19,7,33.7,50,0.674,1,1,0,1
16,2,13.7,30,0.45666666666666667,0,0,0,1
1,2,56.5,60,0.9416666666666667,0,0,1,0
13,6,73.8,80,0.9225,1,0,0,0
3,5,51.9,60,0.865,0,0,1,0
1,3,58.8,60,0.98,0,0,1,0
9,4,13.4,60,0.22333333333333333,0,1,0,2
0,3,79.4,100,0.794,0,0,1,0
21,5,49.1,60,0.8183333333333334,0,0,0,0
18,3,38.6,80,0.48250000000000004,0,1,0,1
6,7,50.4,60,0.84,1,0,0,0
3,7,36.1,50,0.722,1,0,1,1
5,1,47.1,60,0.785,0,0,1,0
7,2,51.5,60,0.8583333333333333,0,1,0,0
11,4,35.1,60,0.5850000000000001,0,0,0,1
19,2,17.8,50,0.35600000000000004,0,1,0,2
17,6,52.2,60,0.87,1,1,0,0
3,1,19.1,80,0.23875000000000002,0,0,1,2
18,5,15.4,50,0.308,0,1,0,2
21,7,32.5,50,0.65,1,0,0,1
19,5,34.9,60,0.5816666666666667,0,1,0,1
17,1,18.0,60,0.3,0,1,0,2
4,7,51.0,60,0.85,1,0,1,0
3,6,25.6,30,0.8533333333333334,1,0,1,0
23,3,93.9,100,0.9390000000000001,0,0,1,0
20,3,78.8,80,0.985,0,0,0,0
19,6,38.3,80,0.47874999999999995,1,1,0,1
3,3,23.9,30,0.7966666666666666,0,0,1,0
19,1,37.8,100,0.37799999999999995,0,1,0,2
21,7,58.5,60,0.975,1,0,0,0
21,3,15.8,50,0.316,0,0,0,2
23,3,60.4,80,0.755,0,0,1,0
17,5,30.1,50,0.602,0,1,0,1
19,6,27.0,50,0.54,1,1,0,1
1,5,61.6,80,0.77,0,0,1,0
8,4,47.0,60,0.7833333333333333,0,1,0,0
22,2,23.3,50,0.466,0,0,1,1
2,4,92.6,100,0.9259999999999999,0,0,1,0
19,5,29.6,100,0.29600000000000004,0,1,0,2
16,7,46.1,60,0.7683333333333333,1,0,0,0
23,7,65.0,80,0.8125,1,0,1,0
12,4,12.0,60,0.2,0,0,0,2
17,5,22.9,80,0.28625,0,1,0,2
18,1,16.8,50,0.336,0,1,0,2
16,3,58.2,60,0.9700000000000001,0,0,0,0
21,2,66.8,80,0.835,0,0,0,0
6,7,28.9,30,0.9633333333333333,1,0,0,0
18,5,18.2,80,0.22749999999999998,0,1,0,2
3,5,51.9,80,0.6487499999999999,0,0,1,1
12,7,20.1,30,0.67,1,0,0,1
7,3,26.8,80,0.335,0,1,0,2
11,2,4.3,30,0.14333333333333334,0,0,0,2
18,6,36.5,60,0.6083333333333333,1,1,0,1
23,7,76.2,80,0.9525,1,0,1,0
14,4,35.9,60,0.5983333333333333,0,0,0,1
18,4,9.7,60,0.16166666666666665,0,1,0,2
6,1,50.1,80,0.62625,0,0,0,1
14,5,11.3,80,0.14125000000000001,0,0,0,2
14,5,58.0,60,0.9666666666666667,0,0,0,0
21,6,60.1,80,0.75125,1,0,0,0
11,7,9.7,50,0.19399999999999998,1,0,0,2
6,1,28.4,30,0.9466666666666667,0,0,0,0
2,2,38.8,60,0.6466666666666666,0,0,1,1
13,3,48.7,50,0.9740000000000001,0,0,0,0
4,3,50.0,60,0.8333333333333334,0,0,1,0
3,3,58.5,60,0.975,0,0,1,0
7,7,34.1,50,0.682,1,1,0,1
17,2,32.0,50,0.64,0,1,0,1
15,7,29.9,80,0.37374999999999997,1,0,0,2
12,4,63.3,80,0.79125,0,0,0,0
2,6,10.9,60,0.18166666666666667,1,0,1,2
4,6,94.6,100,0.946,1,0,1,0
21,6,49.4,60,0.8233333333333334,1,0,0,0
0,7,18.7,30,0.6233333333333333,1,0,1,1
13,5,52.0,60,0.8666666666666667,0,0,0,0
15,2,39.3,50,0.7859999999999999,0,0,0,0
5,1,19.5,30,0.65,0,0,1,1
12,2,22.8,60,0.38,0,0,0,2
23,7,62.0,80,0.775,1,0,1,0
6,2,57.2,60,0.9533333333333334,0,0,0,0
9,3,47.6,60,0.7933333333333333,0,1,0,0
3,5,44.4,60,0.74,0,0,1,1
20,1,22.0,50,0.44,0,0,0,2
8,6,71.5,80,0.89375,1,1,0,0
19,1,50.1,60,0.8350000000000001,0,1,0,0
8,3,5.6,50,0.11199999999999999,0,1,0,2
13,6,36.3,60,0.605,1,0,0,1
1,2,40.9,50,0.818,0,0,1,0
5,2,68.9,80,0.8612500000000001,0,0,1,0
4,5,42.1,80,0.52625,0,0,1,1
6,5,24.4,60,0.4066666666666666,0,0,0,2
20,4,17.4,60,0.29,0,0,0,2
22,7,53.9,60,0.8983333333333333,1,0,1,0
23,7,37.7,50,0.754,1,0,1,0
13,2,51.0,60,0.85,0,0,0,0
22,2,49.7,60,0.8283333333333334,0,0,1,0
2,4,51.2,60,0.8533333333333334,0,0,1,0
20,3,62.1,80,0.77625,0,0,0,0
1,7,43.4,50,0.868,1,0,1,0
20,3,50.9,80,0.63625,0,0,0,1
23,5,43.0,50,0.86,0,0,1,0
0,6,49.8,100,0.498,1,0,1,1
21,7,23.4,30,0.7799999999999999,1,0,0,0
3,4,64.3,80,0.80375,0,0,1,0
6,1,41.6,60,0.6933333333333334,0,0,0,1
5,2,46.7,60,0.7783333333333334,0,0,1,0
12,3,31.7,50,0.634,0,0,0,1
16,2,22.7,30,0.7566666666666666,0,0,0,0
4,7,75.5,100,0.755,1,0,1,0
14,2,39.5,50,0.79,0,0,0,0
21,4,49.7,50,0.9940000000000001,0,0,0,0
11,1,19.9,30,0.6633333333333333,0,0,0,1
15,6,6.1,60,0.10166666666666666,1,0,0,2
13,3,35.1,50,0.7020000000000001,0,0,0,1
14,3,50.9,60,0.8483333333333333,0,0,0,0
16,4,59.9,60,0.9983333333333333,0,0,0,0
3,6,23.3,50,0.466,1,0,1,1
3,3,36.1,50,0.722,0,0,1,1
11,4,30.8,50,0.616,0,0,0,1
20,7,57.4,80,0.7175,1,0,0,1
5,3,57.3,60,0.955,0,0,1,0
4,7,9.4,60,0.15666666666666668,1,0,1,2
6,7,40.4,60,0.6733333333333333,1,0,0,1
13,2,53.8,60,0.8966666666666666,0,0,0,0
0,6,22.6,30,0.7533333333333334,1,0,1,0
16,6,33.3,60,0.5549999999999999,1,0,0,1
18,4,12.4,30,0.41333333333333333,0,1,0,2
7,7,59.3,60,0.9883333333333333,1,1,0,0
19,7,49.1,80,0.61375,1,1,0,1
10,6,34.5,50,0.69,1,0,0,1
1,6,59.8,60,0.9966666666666666,1,0,1,0
3,7,52.6,80,0.6575,1,0,1,1
15,3,45.5,60,0.7583333333333333,0,0,0,0
22,4,26.5,50,0.53,0,0,1,1
1,1,37.6,50,0.752,0,0,1,0
3,7,36.4,50,0.728,1,0,1,1
19,4,18.2,60,0.30333333333333334,0,1,0,2
23,7,56.9,60,0.9483333333333334,1,0,1,0
20,4,53.4,60,0.89,0,0,0,0
6,2,36.2,60,0.6033333333333334,0,0,0,1
11,2,54.1,80,0.67625,0,0,0,1
21,7,58.9,60,0.9816666666666667,1,0,0,0
20,3,20.6,50,0.41200000000000003,0,0,0,2
11,3,14.7,80,0.18375,0,0,0,2
1,6,62.0,80,0.775,1,0,1,0
3,6,22.6,50,0.452,1,0,1,1
23,7,55.3,60,0.9216666666666666,1,0,1,0
16,7,40.4,60,0.6733333333333333,1,0,0,1
9,5,3.9,30,0.13,0,1,0,2
0,5,55.2,80,0.6900000000000001,0,0,1,1
7,3,17.3,50,0.34600000000000003,0,1,0,2
17,5,20.8,30,0.6933333333333334,0,1,0,1
2,4,55.6,60,0.9266666666666666,0,0,1,0
1,4,82.7,100,0.8270000000000001,0,0,1,0
3,3,58.2,60,0.9700000000000001,0,0,1,0
15,1,55.2,60,0.92,0,0,0,0
3,3,29.0,50,0.58,0,0,1,1
4,4,47.1,60,0.785,0,0,1,0
7,7,50.9,60,0.8483333333333333,1,1,0,0
22,6,60.4,80,0.755,1,0,1,0
6,5,39.3,60,0.6549999999999999,0,0,0,1
21,7,16.2,30,0.5399999999999999,1,0,0,1
21,1,19.9,60,0.33166666666666667,0,0,0,2
0,7,23.5,30,0.7833333333333333,1,0,1,0
9,2,8.4,60,0.14,0,1,0,2
0,6,77.5,80,0.96875,1,0,1,0
0,3,48.9,50,0.978,0,0,1,0
1,6,38.8,60,0.6466666666666666,1,0,1,1
20,5,45.8,50,0.9159999999999999,0,0,0,0
1,7,52.5,60,0.875,1,0,1,0
23,1,76.2,100,0.762,0,0,1,0
11,4,40.8,80,0.51,0,0,0,1
1,5,45.4,60,0.7566666666666666,0,0,1,0
13,3,22.5,60,0.375,0,0,0,2
20,7,31.9,50,0.638,1,0,0,1
9,4,30.1,80,0.37625000000000003,0,1,0,2
0,4,49.4,50,0.988,0,0,1,0
4,3,59.0,60,0.9833333333333333,0,0,1,0
17,3,23.6,60,0.39333333333333337,0,1,0,2
0,6,47.2,60,0.7866666666666667,1,0,1,0
18,1,9.9,60,0.165,0,1,0,2
17,1,53.8,60,0.8966666666666666,0,1,0,0
16,7,57.1,60,0.9516666666666667,1,0,0,0
18,1,17.2,60,0.2866666666666667,0,1,0,2
8,6,48.1,50,0.9620000000000001,1,1,0,0
17,5,35.2,50,0.7040000000000001,0,1,0,1
3,2,48.9,60,0.815,0,0,1,0
0,6,77.0,80,0.9625,1,0,1,0
3,6,39.8,50,0.7959999999999999,1,0,1,0
19,6,76.4,80,0.9550000000000001,1,1,0,0
17,5,14.7,60,0.245,0,1,0,2
13,3,76.5,80,0.95625,0,0,0,0
0,3,48.4,60,0.8066666666666666,0,0,1,0
10,5,56.9,60,0.9483333333333334,0,0,0,0
21,4,58.2,60,0.9700000000000001,0,0,0,0
5,3,47.6,50,0.9520000000000001,0,0,1,0
1,3,43.2,50,0.8640000000000001,0,0,1,0
20,5,27.5,60,0.4583333333333333,0,0,0,1
16,1,45.8,80,0.5725,0,0,0,1
6,7,15.4,30,0.5133333333333333,1,0,0,1
14,2,23.7,30,0.7899999999999999,0,0,0,0
21,2,48.5,60,0.8083333333333333,0,0,0,0
3,5,51.7,60,0.8616666666666667,0,0,1,0
5,6,41.8,50,0.836,1,0,1,0
23,1,45.6,60,0.76,0,0,1,0
22,7,76.9,80,0.96125,1,0,1,0
21,3,57.3,60,0.955,0,0,0,0
0,5,45.9,60,0.765,0,0,1,0
4,7,38.2,50,0.764,1,0,1,0
12,4,31.0,80,0.3875,0,0,0,2
4,5,56.9,60,0.9483333333333334,0,0,1,0
4,4,70.0,100,0.7,0,0,1,1
8,2,27.5,80,0.34375,0,1,0,2
6,6,57.9,60,0.965,1,0,0,0
9,5,46.0,50,0.92,0,1,0,0
5,6,38.8,50,0.7759999999999999,1,0,1,0
23,3,52.0,60,0.8666666666666667,0,0,1,0
7,1,41.3,80,0.51625,0,1,0,1
18,4,45.5,60,0.7583333333333333,0,1,0,0
3,6,56.4,60,0.94,1,0,1,0
3,2,91.9,100,0.919,0,0,1,0
8,4,10.2,80,0.1275,0,1,0,2
6,1,19.2,30,0.64,0,0,0,1
0,7,55.4,60,0.9233333333333333,1,0,1,0
21,6,12.1,60,0.20166666666666666,1,0,0,2
11,1,28.7,60,0.47833333333333333,0,0,0,1
19,5,50.4,60,0.84,0,1,0,0
1,1,23.6,50,0.47200000000000003,0,0,1,1
20,7,45.1,80,0.56375,1,0,0,1
0,7,50.8,60,0.8466666666666666,1,0,1,0
18,2,57.1,100,0.5710000000000001,0,1,0,1
6,4,42.8,80,0.5349999999999999,0,0,0,1
21,6,25.6,30,0.8533333333333334,1,0,0,0
20,2,16.9,50,0.33799999999999997,0,0,0,2
17,3,12.6,30,0.42,0,1,0,2
15,6,42.8,60,0.7133333333333333,1,0,0,1
1,3,30.0,60,0.5,0,0,1,1
20,2,33.1,60,0.5516666666666666,0,0,0,1
4,7,26.0,30,0.8666666666666667,1,0,1,0
22,7,32.1,80,0.40125,1,0,1,2
21,7,33.9,50,0.6779999999999999,1,0,0,1
22,2,46.6,60,0.7766666666666667,0,0,1,0
14,2,27.7,30,0.9233333333333333,0,0,0,0
0,7,48.0,60,0.8,1,0,1,0
12,1,25.3,60,0.4216666666666667,0,0,0,2
17,1,6.1,50,0.122,0,1,0,2
8,2,11.2,60,0.18666666666666665,0,1,0,2
9,2,41.1,60,0.685,0,1,0,1
9,1,14.8,60,0.24666666666666667,0,1,0,2
19,4,52.5,60,0.875,0,1,0,0
1,1,57.6,60,0.9600000000000001,0,0,1,0
20,5,49.3,60,0.8216666666666667,0,0,0,0
15,1,74.3,80,0.92875,0,0,0,0
0,5,89.4,100,0.894,0,0,1,0
14,6,27.3,60,0.455,1,0,0,1
0,4,70.8,80,0.885,0,0,1,0
18,3,7.2,50,0.14400000000000002,0,1,0,2
11,7,65.2,80,0.8150000000000001,1,0,0,0
15,5,32.3,60,0.5383333333333333,0,0,0,1
17,4,30.9,50,0.618,0,1,0,1
18,3,30.7,50,0.614,0,1,0,1
11,4,30.1,60,0.5016666666666667,0,0,0,1
15,3,52.0,80,0.65,0,0,0,1
12,5,32.3,50,0.6459999999999999,0,0,0,1
0,2,49.0,60,0.8166666666666667,0,0,1,0
10,7,8.7,30,0.29,1,0,0,2
14,4,54.6,100,0.546,0,0,0,1
17,6,15.4,50,0.308,1,1,0,2
22,5,37.6,50,0.752,0,0,1,0
0,7,82.7,100,0.8270000000000001,1,0,1,0
1,4,76.3,80,0.95375,0,0,1,0
19,4,12.2,50,0.244,0,1,0,2
2,5,49.9,50,0.998,0,0,1,0
21,3,40.2,50,0.804,0,0,0,0
18,7,39.3,60,0.6549999999999999,1,1,0,1
17,1,30.7,60,0.5116666666666666,0,1,0,1
14,6,47.9,50,0.958,1,0,0,0
21,2,46.7,50,0.934,0,0,0,0
23,6,48.4,60,0.8066666666666666,1,0,1,0
4,2,66.7,80,0.83375,0,0,1,0
21,7,90.7,100,0.907,1,0,0,0
13,4,32.4,60,0.5399999999999999,0,0,0,1
11,5,59.7,60,0.995,0,0,0,0
14,3,96.6,100,0.966,0,0,0,0
23,3,87.9,100,0.879,0,0,1,0
6,3,59.8,60,0.9966666666666666,0,0,0,0
22,7,57.6,60,0.9600000000000001,1,0,1,0
18,3,53.9,60,0.8983333333333333,0,1,0,0
22,6,50.0,60,0.8333333333333334,1,0,1,0
4,1,51.1,60,0.8516666666666667,0,0,1,0
3,5,48.1,50,0.9620000000000001,0,0,1,0
19,4,24.8,80,0.31,0,1,0,2
5,6,32.3,60,0.5383333333333333,1,0,1,1
12,7,39.1,80,0.48875,1,0,0,1
18,7,36.2,60,0.6033333333333334,1,1,0,1
10,5,18.0,60,0.3,0,0,0,2
1,6,48.8,50,0.976,1,0,1,0
13,4,78.0,80,0.975,0,0,0,0
5,6,52.4,60,0.8733333333333333,1,0,1,0
7,3,33.4,60,0.5566666666666666,0,1,0,1
12,3,47.4,60,0.7899999999999999,0,0,0,0
15,1,42.8,60,0.7133333333333333,0,0,0,1
18,5,21.1,50,0.42200000000000004,0,1,0,2
10,5,45.0,80,0.5625,0,0,0,1
17,2,35.2,60,0.5866666666666667,0,1,0,1
15,7,46.9,80,0.5862499999999999,1,0,0,1
2,6,50.8,60,0.8466666666666666,1,0,1,0
18,1,21.9,60,0.365,0,1,0,2
10,3,24.6,30,0.8200000000000001,0,0,0,0
9,1,47.0,60,0.7833333333333333,0,1,0,0
6,1,49.1,80,0.61375,0,0,0,1
23,3,45.6,60,0.76,0,0,1,0
21,1,49.3,60,0.8216666666666667,0,0,0,0
9,3,28.7,60,0.47833333333333333,0,1,0,1
4,6,26.6,50,0.532,1,0,1,1
20,1,11.6,60,0.19333333333333333,0,0,0,2
13,1,23.7,50,0.474,0,0,0,1
12,2,49.3,60,0.8216666666666667,0,0,0,0
0,4,46.7,50,0.934,0,0,1,0
12,7,11.4,60,0.19,1,0,0,2
13,7,34.8,60,0.58,1,0,0,1
19,6,16.7,80,0.20875,1,1,0,2
16,7,26.9,30,0.8966666666666666,1,0,0,0
4,4,49.4,60,0.8233333333333334,0,0,1,0
13,5,39.1,50,0.782,0,0,0,0
14,7,67.5,80,0.84375,1,0,0,0
21,3,28.7,50,0.574,0,0,0,1
18,6,54.9,80,0.68625,1,1,0,1
1,4,57.5,60,0.9583333333333334,0,0,1,0
18,3,40.1,60,0.6683333333333333,0,1,0,1
9,6,25.1,50,0.502,1,1,0,1
7,3,29.8,60,0.4966666666666667,0,1,0,1
13,7,29.1,60,0.48500000000000004,1,0,0,1
16,3,19.7,30,0.6566666666666666,0,0,0,1
11,1,45.3,60,0.755,0,0,0,0
8,1,8.5,60,0.14166666666666666,0,1,0,2
16,4,50.9,60,0.8483333333333333,0,0,0,0
22,7,43.4,50,0.868,1,0,1,0
1,7,21.3,60,0.35500000000000004,1,0,1,2
23,7,47.8,60,0.7966666666666666,1,0,1,0
16,6,46.9,50,0.938,1,0,0,0
5,4,47.1,60,0.785,0,0,1,0
19,3,11.5,30,0.38333333333333336,0,1,0,2
19,6,66.5,80,0.83125,1,1,0,0
3,3,42.9,50,0.858,0,0,1,0
19,3,12.1,60,0.20166666666666666,0,1,0,2
1,3,63.6,80,0.795,0,0,1,0
5,6,47.7,60,0.795,1,0,1,0
4,6,73.6,80,0.9199999999999999,1,0,1,0
14,5,44.3,50,0.8859999999999999,0,0,0,0
14,1,7.6,30,0.2533333333333333,0,0,0,2
1,6,90.0,100,0.9,1,0,1,0
6,1,26.5,50,0.53,0,0,0,1
6,4,28.0,60,0.4666666666666667,0,0,0,1
12,6,11.4,30,0.38,1,0,0,2
23,5,53.9,60,0.8983333333333333,0,0,1,0
7,5,28.0,60,0.4666666666666667,0,1,0,1
4,3,49.5,50,0.99,0,0,1,0
16,6,53.3,60,0.8883333333333333,1,0,0,0
16,6,10.0,60,0.16666666666666666,1,0,0,2
21,2,38.3,80,0.47874999999999995,0,0,0,1
11,5,17.2,30,0.5733333333333334,0,0,0,1
19,3,21.3,50,0.426,0,1,0,2
9,1,9.1,60,0.15166666666666667,0,1,0,2
15,1,87.0,100,0.87,0,0,0,0
11,6,35.2,50,0.7040000000000001,1,0,0,1
2,3,57.0,60,0.95,0,0,1,0
10,6,50.0,60,0.8333333333333334,1,0,0,0
23,5,52.8,60,0.88,0,0,1,0
19,5,30.5,80,0.38125,0,1,0,2
13,3,61.5,80,0.76875,0,0,0,0
11,3,38.6,60,0.6433333333333333,0,0,0,1
14,2,34.2,50,0.684,0,0,0,1
14,4,81.7,100,0.8170000000000001,0,0,0,0
8,7,62.0,80,0.775,1,1,0,0
16,2,35.5,60,0.5916666666666667,0,0,0,1
17,4,24.1,60,0.40166666666666667,0,1,0,2
9,5,36.9,80,0.46125,0,1,0,1
23,1,71.5,80,0.89375,0,0,1,0
7,6,49.4,60,0.8233333333333334,1,1,0,0
15,2,76.8,80,0.96,0,0,0,0
18,3,11.9,30,0.39666666666666667,0,1,0,2
21,5,14.7,60,0.245,0,0,0,2
19,6,38.0,60,0.6333333333333333,1,1,0,1
23,1,53.0,60,0.8833333333333333,0,0,1,0
17,3,17.4,60,0.29,0,1,0,2
21,4,41.0,50,0.82,0,0,0,0
14,4,15.8,30,0.5266666666666667,0,0,0,1
8,3,42.4,60,0.7066666666666667,0,1,0,1
12,4,24.8,30,0.8266666666666667,0,0,0,0
16,3,46.6,50,0.932,0,0,0,0
22,4,59.6,60,0.9933333333333334,0,0,1,0
15,5,40.5,50,0.81,0,0,0,0
2,6,52.5,60,0.875,1,0,1,0
21,5,79.6,80,0.9949999999999999,0,0,0,0
5,6,23.8,30,0.7933333333333333,1,0,1,0
1,3,58.8,60,0.98,0,0,1,0
14,6,8.4,60,0.14,1,0,0,2
19,4,30.6,80,0.3825,0,1,0,2
13,3,15.3,100,0.153,0,0,0,2
9,4,29.5,100,0.295,0,1,0,2
15,2,40.5,80,0.50625,0,0,0,1
21,3,79.5,100,0.795,0,0,0,0
14,5,36.8,80,0.45999999999999996,0,0,0,1
8,1,15.5,80,0.19375,0,1,0,2
19,5,25.4,60,0.4233333333333333,0,1,0,2
13,4,45.6,60,0.76,0,0,0,0
1,7,42.0,50,0.84,1,0,1,0
5,7,27.6,30,0.92,1,0,1,0
15,5,41.4,60,0.69,0,0,0,1
22,3,41.6,60,0.6933333333333334,0,0,1,1
4,4,53.4,60,0.89,0,0,1,0
9,6,14.6,50,0.292,1,1,0,2
2,6,46.3,50,0.9259999999999999,1,0,1,0
6,3,75.9,80,0.9487500000000001,0,0,0,0
12,4,14.3,80,0.17875000000000002,0,0,0,2
14,7,17.9,30,0.5966666666666666,1,0,0,1
20,1,25.3,60,0.4216666666666667,0,0,0,2
17,4,9.6,50,0.192,0,1,0,2
2,6,39.9,50,0.7979999999999999,1,0,1,0
14,6,41.8,50,0.836,1,0,0,0
21,6,50.3,60,0.8383333333333333,1,0,0,0
12,3,22.0,50,0.44,0,0,0,2
8,5,17.5,30,0.5833333333333334,0,1,0,1
3,2,56.6,60,0.9433333333333334,0,0,1,0
9,1,25.8,60,0.43,0,1,0,2
12,1,23.8,50,0.47600000000000003,0,0,0,1
23,1,50.0,60,0.8333333333333334,0,0,1,0
3,2,91.4,100,0.914,0,0,1,0
9,3,4.1,30,0.13666666666666666,0,1,0,2
6,4,32.7,50,0.654,0,0,0,1
22,5,54.2,60,0.9033333333333334,0,0,1,0
1,5,25.1,60,0.41833333333333333,0,0,1,2
12,3,79.1,80,0.9887499999999999,0,0,0,0
0,6,46.7,60,0.7783333333333334,1,0,1,0
1,2,56.4,60,0.94,0,0,1,0
14,3,25.1,30,0.8366666666666667,0,0,0,0
9,6,23.4,30,0.7799999999999999,1,1,0,0
19,7,31.1,50,0.622,1,1,0,1
6,3,22.9,30,0.7633333333333333,0,0,0,0
1,4,54.9,60,0.9149999999999999,0,0,1,0
12,3,42.7,80,0.5337500000000001,0,0,0,1
21,5,43.7,60,0.7283333333333334,0,0,0,1
13,6,42.1,60,0.7016666666666667,1,0,0,1
12,5,51.3,60,0.855,0,0,0,0
5,6,55.6,100,0.556,1,0,1,1
14,4,66.3,80,0.82875,0,0,0,0
14,2,27.7,50,0.5539999999999999,0,0,0,1
16,4,35.8,60,0.5966666666666666,0,0,0,1
6,3,29.6,60,0.49333333333333335,0,0,0,1
12,4,47.8,60,0.7966666666666666,0,0,0,0
11,2,16.2,30,0.5399999999999999,0,0,0,1
18,6,45.9,80,0.57375,1,1,0,1
7,2,19.9,80,0.24874999999999997,0,1,0,2
18,1,8.2,60,0.13666666666666666,0,1,0,2
22,4,28.7,30,0.9566666666666667,0,0,1,0
8,3,10.8,60,0.18000000000000002,0,1,0,2
3,2,48.3,80,0.60375,0,0,1,1
13,6,32.9,60,0.5483333333333333,1,0,0,1
6,6,49.1,60,0.8183333333333334,1,0,0,0
6,4,14.8,60,0.24666666666666667,0,0,0,2
17,6,9.3,80,0.11625,1,1,0,2
17,7,10.5,50,0.21,1,1,0,2
7,2,34.1,80,0.42625,0,1,0,2
18,3,31.5,80,0.39375,0,1,0,2
17,1,19.5,50,0.39,0,1,0,2
10,2,58.5,60,0.975,0,0,0,0
5,3,51.7,60,0.8616666666666667,0,0,1,0
19,6,8.6,80,0.1075,1,1,0,2
14,3,57.9,80,0.72375,0,0,0,1
2,7,24.1,30,0.8033333333333333,1,0,1,0
16,7,38.2,80,0.47750000000000004,1,0,0,1
23,6,37.7,60,0.6283333333333334,1,0,1,1
13,4,25.0,60,0.4166666666666667,0,0,0,2
3,5,47.8,60,0.7966666666666666,0,0,1,0
3,1,48.0,60,0.8,0,0,1,0
22,1,73.6,80,0.9199999999999999,0,0,1,0
8,3,19.4,60,0.3233333333333333,0,1,0,2
2,6,49.9,60,0.8316666666666667,1,0,1,0
21,7,45.6,60,0.76,1,0,0,0
0,5,54.1,80,0.67625,0,0,1,1
8,2,33.7,60,0.5616666666666668,0,1,0,1
7,1,30.4,80,0.38,0,1,0,2
12,3,42.1,50,0.8420000000000001,0,0,0,0
13,6,23.4,60,0.38999999999999996,1,0,0,2
16,7,25.8,50,0.516,1,0,0,1
17,3,28.0,50,0.56,0,1,0,1
17,2,9.7,30,0.3233333333333333,0,1,0,2
15,6,18.6,30,0.62,1,0,0,1
3,2,25.9,30,0.8633333333333333,0,0,1,0
14,1,25.3,80,0.31625000000000003,0,0,0,2
4,1,28.0,30,0.9333333333333333,0,0,1,0
5,3,54.1,60,0.9016666666666667,0,0,1,0
15,2,46.0,60,0.7666666666666667,0,0,0,0
22,7,23.3,50,0.466,1,0,1,1
18,1,6.9,60,0.115,0,1,0,2
9,4,22.4,100,0.22399999999999998,0,1,0,2
22,1,45.6,50,0.912,0,0,1,0
6,6,24.3,50,0.486,1,0,0,1
13,4,29.4,30,0.98,0,0,0,0
1,1,21.1,30,0.7033333333333334,0,0,1,1
18,5,69.3,100,0.693,0,1,0,1
3,3,66.9,80,0.83625,0,0,1,0
1,2,38.8,50,0.7759999999999999,0,0,1,0
14,5,25.4,50,0.508,0,0,0,1
12,3,56.5,60,0.9416666666666667,0,0,0,0
12,3,67.5,80,0.84375,0,0,0,0
7,7,57.5,60,0.9583333333333334,1,1,0,0
20,4,56.7,80,0.70875,0,0,0,1
12,7,8.5,30,0.2833333333333333,1,0,0,2
7,4,5.5,50,0.11,0,1,0,2
2,7,71.6,80,0.8949999999999999,1,0,1,0
1,4,68.8,80,0.86,0,0,1,0
13,3,50.0,60,0.8333333333333334,0,0,0,0
23,1,27.6,30,0.92,0,0,1,0
5,2,60.2,80,0.7525000000000001,0,0,1,0
17,6,13.1,30,0.43666666666666665,1,1,0,2
13,3,34.9,50,0.698,0,0,0,1
4,2,46.4,50,0.9279999999999999,0,0,1,0
16,4,57.5,80,0.71875,0,0,0,1
2,2,37.9,50,0.758,0,0,1,0
1,6,94.9,100,0.9490000000000001,1,0,1,0
21,7,59.2,60,0.9866666666666667,1,0,0,0
12,4,71.0,80,0.8875,0,0,0,0
1,3,11.3,100,0.113,0,0,1,2
15,3,32.8,100,0.32799999999999996,0,0,0,2
6,4,6.0,50,0.12,0,0,0,2
18,4,14.5,100,0.145,0,1,0,2
9,5,33.5,60,0.5583333333333333,0,1,0,1
14,5,69.4,80,0.8675,0,0,0,0
17,2,40.1,100,0.401,0,1,0,2
19,5,20.3,50,0.406,0,1,0,2
1,5,48.2,60,0.8033333333333333,0,0,1,0
8,3,40.2,60,0.67,0,1,0,1
23,2,27.0,30,0.9,0,0,1,0
11,3,14.3,80,0.17875000000000002,0,0,0,2
19,6,60.6,80,0.7575000000000001,1,1,0,0
18,3,18.1,60,0.3016666666666667,0,1,0,2
7,3,31.7,100,0.317,0,1,0,2
14,6,10.0,50,0.2,1,0,0,2
0,4,75.2,100,0.752,0,0,1,0
22,6,49.0,50,0.98,1,0,1,0
22,1,53.3,60,0.8883333333333333,0,0,1,0
3,5,15.1,30,0.5033333333333333,0,0,1,1
7,1,66.6,100,0.6659999999999999,0,1,0,1
12,7,49.6,60,0.8266666666666667,1,0,0,0
15,5,35.2,80,0.44000000000000006,0,0,0,2
11,1,22.8,50,0.456,0,0,0,1
21,7,57.7,60,0.9616666666666667,1,0,0,0
21,2,52.5,60,0.875,0,0,0,0
23,4,78.0,100,0.78,0,0,1,0
20,7,41.8,60,0.6966666666666667,1,0,0,1
15,2,45.9,50,0.9179999999999999,0,0,0,0
12,7,33.6,60,0.56,1,0,0,1
1,4,55.2,60,0.92,0,0,1,0
15,5,18.6,30,0.62,0,0,0,1
3,5,66.4,80,0.8300000000000001,0,0,1,0
10,7,32.5,50,0.65,1,0,0,1
9,2,15.7,80,0.19624999999999998,0,1,0,2
4,5,38.6,50,0.772,0,0,1,0
16,2,55.8,100,0.5579999999999999,0,0,0,1
12,6,43.4,60,0.7233333333333333,1,0,0,1
1,3,49.3,60,0.8216666666666667,0,0,1,0
23,5,57.9,60,0.965,0,0,1,0
0,4,17.7,60,0.295,0,0,1,2
1,3,50.1,60,0.8350000000000001,0,0,1,0
4,7,77.3,80,0.9662499999999999,1,0,1,0
10,3,31.6,60,0.5266666666666667,0,0,0,1
14,7,72.2,100,0.722,1,0,0,1
13,7,63.8,80,0.7975,1,0,0,0
5,3,61.7,80,0.77125,0,0,1,0
16,5,49.3,50,0.986,0,0,0,0
13,7,15.7,50,0.314,1,0,0,2
23,1,40.7,60,0.6783333333333333,0,0,1,1
13,2,19.1,50,0.382,0,0,0,2
23,2,53.2,60,0.8866666666666667,0,0,1,0
12,1,55.6,100,0.556,0,0,0,1
11,5,61.6,80,0.77,0,0,0,0
15,2,39.9,50,0.7979999999999999,0,0,0,0
17,6,26.2,30,0.8733333333333333,1,1,0,0
14,5,11.9,80,0.14875,0,0,0,2
23,2,53.9,60,0.8983333333333333,0,0,1,0
4,4,47.7,50,0.9540000000000001,0,0,1,0
9,3,33.5,80,0.41875,0,1,0,2
16,4,59.1,80,0.73875,0,0,0,1
9,6,28.7,50,0.574,1,1,0,1
16,7,28.6,80,0.35750000000000004,1,0,0,2
16,2,35.0,80,0.4375,0,0,0,2
22,7,23.8,80,0.2975,1,0,1,2
13,2,8.3,80,0.10375000000000001,0,0,0,2
21,7,29.2,60,0.48666666666666664,1,0,0,1
13,5,39.0,50,0.78,0,0,0,0
7,3,23.3,60,0.38833333333333336,0,1,0,2
21,2,45.7,50,0.914,0,0,0,0
14,6,43.4,60,0.7233333333333333,1,0,0,1
20,7,23.6,50,0.47200000000000003,1,0,0,1
21,4,47.1,60,0.785,0,0,0,0
8,1,8.4,60,0.14,0,1,0,2
18,1,13.0,30,0.43333333333333335,0,1,0,2
17,7,55.5,60,0.925,1,1,0,0
20,3,44.8,50,0.8959999999999999,0,0,0,0
9,1,21.1,30,0.7033333333333334,0,1,0,1
0,3,57.2,60,0.9533333333333334,0,0,1,0
4,7,52.4,100,0.524,1,0,1,1
7,5,58.6,60,0.9766666666666667,0,1,0,0
12,6,38.4,60,0.64,1,0,0,1
10,5,25.1,30,0.8366666666666667,0,0,0,0
7,6,52.6,60,0.8766666666666667,1,1,0,0
22,5,69.1,80,0.8637499999999999,0,0,1,0
8,2,5.6,30,0.18666666666666665,0,1,0,2
15,4,37.4,60,0.6233333333333333,0,0,0,1
15,2,81.4,100,0.8140000000000001,0,0,0,0
17,5,20.3,80,0.25375000000000003,0,1,0,2
2,2,45.7,60,0.7616666666666667,0,0,1,0
0,6,45.7,60,0.7616666666666667,1,0,1,0
16,3,32.8,60,0.5466666666666666,0,0,0,1
20,5,77.6,100,0.7759999999999999,0,0,0,0
1,1,68.3,80,0.85375,0,0,1,0
20,7,9.0,30,0.3,1,0,0,2
22,1,9.3,30,0.31,0,0,1,2
18,3,43.0,60,0.7166666666666667,0,1,0,1
12,3,11.1,50,0.222,0,0,0,2
4,2,85.7,100,0.857,0,0,1,0
6,4,28.5,80,0.35625,0,0,0,2
0,5,78.3,80,0.97875,0,0,1,0
18,5,16.3,60,0.27166666666666667,0,1,0,2
10,1,23.9,80,0.29874999999999996,0,0,0,2
0,2,67.1,100,0.6709999999999999,0,0,1,1
4,2,47.1,50,0.9420000000000001,0,0,1,0
3,2,72.0,80,0.9,0,0,1,0
0,5,23.3,30,0.7766666666666667,0,0,1,0
23,5,49.5,50,0.99,0,0,1,0
6,3,73.2,80,0.915,0,0,0,0
12,3,24.5,30,0.8166666666666667,0,0,0,0
20,7,53.3,60,0.8883333333333333,1,0,0,0
9,4,19.1,100,0.191,0,1,0,2
17,7,37.8,50,0.7559999999999999,1,1,0,0
22,7,58.8,80,0.735,1,0,1,1
12,7,43.8,80,0.5475,1,0,0,1
14,1,43.6,60,0.7266666666666667,0,0,0,1
1,6,53.9,60,0.8983333333333333,1,0,1,0
5,4,47.5,60,0.7916666666666666,0,0,1,0
2,4,28.6,30,0.9533333333333334,0,0,1,0
9,6,47.1,50,0.9420000000000001,1,1,0,0
4,3,43.1,50,0.862,0,0,1,0
9,5,22.4,60,0.3733333333333333,0,1,0,2
2,7,90.9,100,0.909,1,0,1,0
4,6,50.0,60,0.8333333333333334,1,0,1,0
0,1,44.5,50,0.89,0,0,1,0
20,6,57.6,60,0.9600000000000001,1,0,0,0
17,4,21.4,60,0.35666666666666663,0,1,0,2
17,3,10.3,60,0.1716666666666667,0,1,0,2
7,5,36.0,50,0.72,0,1,0,1
17,1,8.5,60,0.14166666666666666,0,1,0,2
18,2,40.9,60,0.6816666666666666,0,1,0,1
14,3,43.2,50,0.8640000000000001,0,0,0,0
12,4,38.0,50,0.76,0,0,0,0
23,1,39.1,60,0.6516666666666667,0,0,1,1
18,3,20.1,60,0.335,0,1,0,2
1,6,29.7,60,0.495,1,0,1,1
9,3,65.8,80,0.8225,0,1,0,0
9,3,29.5,50,0.59,0,1,0,1
20,4,5.8,50,0.11599999999999999,0,0,0,2
12,6,15.0,30,0.5,1,0,0,1
0,3,43.9,50,0.878,0,0,1,0
3,7,86.5,100,0.865,1,0,1,0
14,5,36.1,60,0.6016666666666667,0,0,0,1
13,6,7.0,50,0.14,1,0,0,2
21,6,26.8,30,0.8933333333333333,1,0,0,0
5,4,69.4,80,0.8675,0,0,1,0
10,6,32.0,60,0.5333333333333333,1,0,0,1
23,1,81.2,100,0.812,0,0,1,0
8,7,56.4,80,0.705,1,1,0,1
18,2,62.1,80,0.77625,0,1,0,0
23,5,69.9,80,0.87375,0,0,1,0
18,1,9.5,60,0.15833333333333333,0,1,0,2
4,7,29.2,80,0.365,1,0,1,2
8,4,30.1,50,0.602,0,1,0,1
20,7,41.4,50,0.828,1,0,0,0
5,1,51.5,60,0.8583333333333333,0,0,1,0
2,7,45.5,100,0.455,1,0,1,1
6,1,55.6,60,0.9266666666666666,0,0,0,0
10,3,31.1,60,0.5183333333333333,0,0,0,1
12,5,44.7,50,0.894,0,0,0,0
21,7,40.7,50,0.8140000000000001,1,0,0,0
13,3,76.3,100,0.763,0,0,0,0
10,4,11.6,50,0.23199999999999998,0,0,0,2
10,6,24.4,30,0.8133333333333332,1,0,0,0
23,1,59.7,60,0.995,0,0,1,0
13,3,52.0,80,0.65,0,0,0,1
16,1,71.5,80,0.89375,0,0,0,0
4,2,53.7,60,0.895,0,0,1,0
3,2,46.8,80,0.585,0,0,1,1
3,7,52.1,100,0.521,1,0,1,1
7,7,47.6,60,0.7933333333333333,1,1,0,0
9,1,14.8,60,0.24666666666666667,0,1,0,2
23,4,42.9,80,0.53625,0,0,1,1
9,2,62.2,80,0.7775000000000001,0,1,0,0
15,3,30.9,60,0.515,0,0,0,1
10,7,6.1,30,0.2033333333333333,1,0,0,2
21,5,39.9,50,0.7979999999999999,0,0,0,0
22,6,47.5,50,0.95,1,0,1,0
8,1,26.8,80,0.335,0,1,0,2
12,2,44.2,80,0.5525,0,0,0,1
12,7,9.1,80,0.11374999999999999,1,0,0,2
14,7,46.1,60,0.7683333333333333,1,0,0,0
15,2,40.5,60,0.675,0,0,0,1
20,3,51.5,60,0.8583333333333333,0,0,0,0
1,7,41.0,60,0.6833333333333333,1,0,1,1
21,2,55.0,80,0.6875,0,0,0,1
8,2,20.7,60,0.345,0,1,0,2
19,3,3.8,30,0.12666666666666665,0,1,0,2
19,6,69.4,100,0.6940000000000001,1,1,0,1
16,5,47.3,60,0.7883333333333333,0,0,0,0
17,5,32.2,80,0.4025,0,1,0,2
2,6,60.8,80,0.76,1,0,1,0
7,2,58.8,80,0.735,0,1,0,1
18,1,20.7,60,0.345,0,1,0,2
3,7,75.4,80,0.9425000000000001,1,0,1,0
14,6,28.5,30,0.95,1,0,0,0
2,5,45.3,60,0.755,0,0,1,0
18,7,48.2,80,0.6025,1,1,0,1
9,6,47.0,50,0.94,1,1,0,0
20,7,10.4,100,0.10400000000000001,1,0,0,2
4,7,61.9,80,0.7737499999999999,1,0,1,0
18,3,9.8,60,0.16333333333333336,0,1,0,2
18,7,50.1,60,0.8350000000000001,1,1,0,0
15,1,19.8,100,0.198,0,0,0,2
2,6,49.2,80,0.615,1,0,1,1
6,4,58.9,60,0.9816666666666667,0,0,0,0
12,4,60.8,80,0.76,0,0,0,0
0,6,18.1,30,0.6033333333333334,1,0,1,1
20,3,20.5,30,0.6833333333333333,0,0,0,1
15,7,18.5,60,0.30833333333333335,1,0,0,2
22,5,56.0,60,0.9333333333333333,0,0,1,0
4,6,47.0,60,0.7833333333333333,1,0,1,0
14,5,30.2,60,0.5033333333333333,0,0,0,1
11,4,30.2,60,0.5033333333333333,0,0,0,1
7,2,77.2,80,0.9650000000000001,0,1,0,0
8,2,11.1,50,0.222,0,1,0,2
10,1,14.8,80,0.185,0,0,0,2
9,5,19.0,50,0.38,0,1,0,2
23,7,43.8,50,0.8759999999999999,1,0,1,0
0,6,30.2,50,0.604,1,0,1,1
19,2,6.9,60,0.115,0,1,0,2
21,2,13.1,30,0.43666666666666665,0,0,0,2
15,5,57.4,80,0.7175,0,0,0,1
21,6,10.4,80,0.13,1,0,0,2
5,4,58.7,60,0.9783333333333334,0,0,1,0
14,5,38.5,50,0.77,0,0,0,0
1,2,29.9,30,0.9966666666666666,0,0,1,0
8,5,41.6,80,0.52,0,1,0,1
20,6,48.7,60,0.8116666666666668,1,0,0,0
8,5,15.1,60,0.25166666666666665,0,1,0,2
15,7,45.8,60,0.7633333333333333,1,0,0,0
20,1,78.6,80,0.9824999999999999,0,0,0,0
10,7,13.5,100,0.135,1,0,0,2
17,4,35.6,60,0.5933333333333334,0,1,0,1
2,5,93.2,100,0.932,0,0,1,0
10,4,41.8,50,0.836,0,0,0,0
2,5,55.8,60,0.9299999999999999,0,0,1,0
20,7,33.7,50,0.674,1,0,0,1
10,5,54.7,60,0.9116666666666667,0,0,0,0
8,5,9.7,60,0.16166666666666665,0,1,0,2
15,7,36.1,60,0.6016666666666667,1,0,0,1
13,3,32.4,60,0.5399999999999999,0,0,0,1
0,2,42.0,80,0.525,0,0,1,1
17,4,19.5,60,0.325,0,1,0,2
23,5,72.0,80,0.9,0,0,1,0
23,2,48.9,60,0.815,0,0,1,0
5,1,30.2,50,0.604,0,0,1,1
5,7,59.8,60,0.9966666666666666,1,0,1,0
0,5,40.0,50,0.8,0,0,1,0
13,3,23.9,60,0.3983333333333333,0,0,0,2
18,6,23.8,50,0.47600000000000003,1,1,0,1
3,3,88.9,100,0.889,0,0,1,0
2,7,34.9,80,0.43624999999999997,1,0,1,2
23,6,48.3,50,0.966,1,0,1,0
8,7,43.9,50,0.878,1,1,0,0
22,6,88.1,100,0.8809999999999999,1,0,1,0
9,6,30.8,60,0.5133333333333333,1,1,0,1
19,5,3.7,30,0.12333333333333334,0,1,0,2
15,6,38.8,60,0.6466666666666666,1,0,0,1
12,4,45.8,60,0.7633333333333333,0,0,0,0
8,1,6.2,30,0.20666666666666667,0,1,0,2
5,4,49.7,60,0.8283333333333334,0,0,1,0
11,5,32.6,50,0.652,0,0,0,1
13,1,40.2,60,0.67,0,0,0,1
15,6,56.4,80,0.705,1,0,0,1
12,6,53.1,60,0.885,1,0,0,0
21,7,36.7,80,0.45875000000000005,1,0,0,1
10,4,51.6,60,0.86,0,0,0,0
8,1,59.2,100,0.5920000000000001,0,1,0,1
9,2,35.8,50,0.716,0,1,0,1
18,7,8.6,50,0.172,1,1,0,2
0,7,39.8,50,0.7959999999999999,1,0,1,0
1,4,36.1,60,0.6016666666666667,0,0,1,1
9,1,25.0,60,0.4166666666666667,0,1,0,2
22,3,28.4,30,0.9466666666666667,0,0,1,0
6,3,48.1,50,0.9620000000000001,0,0,0,0
14,5,50.7,60,0.8450000000000001,0,0,0,0
17,6,6.2,60,0.10333333333333333,1,1,0,2
13,1,16.3,60,0.27166666666666667,0,0,0,2
19,1,25.7,60,0.42833333333333334,0,1,0,2
10,5,72.5,80,0.90625,0,0,0,0
23,6,59.4,60,0.99,1,0,1,0
23,7,13.0,60,0.21666666666666667,1,0,1,2
1,1,61.8,100,0.618,0,0,1,1
9,7,43.0,100,0.43,1,1,0,2
20,5,49.7,60,0.8283333333333334,0,0,0,0
4,7,42.9,50,0.858,1,0,1,0
8,5,11.1,60,0.185,0,1,0,2
7,7,46.6,60,0.7766666666666667,1,1,0,0
7,3,23.8,60,0.39666666666666667,0,1,0,2
14,4,50.1,80,0.62625,0,0,0,1
4,7,38.0,50,0.76,1,0,1,0
19,6,58.3,100,0.583,1,1,0,1
15,7,48.2,50,0.9640000000000001,1,0,0,0
13,1,41.5,60,0.6916666666666667,0,0,0,1
13,1,43.5,50,0.87,0,0,0,0
3,5,56.4,80,0.705,0,0,1,1
23,3,42.5,60,0.7083333333333334,0,0,1,1
16,6,34.9,60,0.5816666666666667,1,0,0,1
19,7,25.8,50,0.516,1,1,0,1
8,7,10.6,60,0.17666666666666667,1,1,0,2
4,6,36.9,60,0.615,1,0,1,1
23,5,23.5,30,0.7833333333333333,0,0,1,0
21,4,23.0,30,0.7666666666666667,0,0,0,0
7,5,13.4,60,0.22333333333333333,0,1,0,2
18,4,22.7,60,0.3783333333333333,0,1,0,2
20,6,69.6,80,0.8699999999999999,1,0,0,0
23,2,78.6,80,0.9824999999999999,0,0,1,0
1,2,51.2,60,0.8533333333333334,0,0,1,0
19,6,21.0,60,0.35,1,1,0,2
1,3,40.4,50,0.8079999999999999,0,0,1,0
15,5,44.5,80,0.55625,0,0,0,1
4,3,57.5,60,0.9583333333333334,0,0,1,0
18,2,16.2,60,0.26999999999999996,0,1,0,2
4,1,48.3,50,0.966,0,0,1,0
16,3,47.3,60,0.7883333333333333,0,0,0,0
9,2,17.6,50,0.35200000000000004,0,1,0,2
18,7,51.2,60,0.8533333333333334,1,1,0,0
6,1,28.5,50,0.57,0,0,0,1
9,6,66.9,80,0.83625,1,1,0,0
20,4,8.0,30,0.26666666666666666,0,0,0,2
6,4,33.3,100,0.33299999999999996,0,0,0,2
12,4,9.8,60,0.16333333333333336,0,0,0,2
11,2,43.0,60,0.7166666666666667,0,0,0,1
11,4,23.9,30,0.7966666666666666,0,0,0,0
22,2,41.0,50,0.82,0,0,1,0
20,4,9.9,50,0.198,0,0,0,2
17,5,11.0,60,0.18333333333333332,0,1,0,2
16,4,74.8,80,0.9349999999999999,0,0,0,0
14,5,26.8,30,0.8933333333333333,0,0,0,0
13,2,51.5,60,0.8583333333333333,0,0,0,0
21,5,32.9,60,0.5483333333333333,0,0,0,1
12,3,69.3,100,0.693,0,0,0,1
18,4,36.3,50,0.726,0,1,0,1
15,7,33.0,80,0.4125,1,0,0,2
4,6,51.3,60,0.855,1,0,1,0
3,7,58.1,60,0.9683333333333334,1,0,1,0
14,5,16.5,50,0.33,0,0,0,2
17,4,25.2,60,0.42,0,1,0,2
7,1,19.7,50,0.39399999999999996,0,1,0,2
0,3,77.8,80,0.9724999999999999,0,0,1,0
16,5,77.8,80,0.9724999999999999,0,0,0,0
12,4,33.2,50,0.664,0,0,0,1
22,6,13.6,60,0.22666666666666666,1,0,1,2
0,7,40.4,60,0.6733333333333333,1,0,1,1
6,1,53.2,60,0.8866666666666667,0,0,0,0
0,6,17.5,60,0.2916666666666667,1,0,1,2
9,4,39.6,80,0.495,0,1,0,1
21,5,12.5,50,0.25,0,0,0,2
22,6,55.1,60,0.9183333333333333,1,0,1,0
0,5,79.8,80,0.9974999999999999,0,0,1,0
5,4,27.8,30,0.9266666666666666,0,0,1,0
16,3,20.2,60,0.33666666666666667,0,0,0,2
23,5,24.0,50,0.48,0,0,1,1
19,1,15.9,60,0.265,0,1,0,2
10,5,6.8,60,0.11333333333333333,0,0,0,2
3,2,50.8,60,0.8466666666666666,0,0,1,0
23,7,70.7,80,0.88375,1,0,1,0
10,3,32.9,50,0.6579999999999999,0,0,0,1
20,1,41.9,50,0.838,0,0,0,0
22,6,37.9,80,0.47375,1,0,1,1
13,3,29.4,60,0.49,0,0,0,1
2,7,37.7,50,0.754,1,0,1,0
18,7,23.3,30,0.7766666666666667,1,1,0,0
12,1,59.2,60,0.9866666666666667,0,0,0,0
3,4,37.9,50,0.758,0,0,1,0
22,2,50.1,60,0.8350000000000001,0,0,1,0
15,1,35.2,60,0.5866666666666667,0,0,0,1
23,4,38.8,50,0.7759999999999999,0,0,1,0
15,4,27.5,50,0.55,0,0,0,1
23,7,51.0,60,0.85,1,0,1,0
23,7,39.1,100,0.391,1,0,1,2
6,6,47.8,60,0.7966666666666666,1,0,0,0
22,5,39.1,50,0.782,0,0,1,0
22,4,46.0,60,0.7666666666666667,0,0,1,0
16,3,58.8,60,0.98,0,0,0,0
21,5,66.4,80,0.8300000000000001,0,0,0,0
20,5,51.6,60,0.86,0,0,0,0
16,4,57.9,60,0.965,0,0,0,0
7,7,43.8,60,0.73,1,1,0,1
18,2,14.2,60,0.23666666666666666,0,1,0,2
10,2,48.3,100,0.483,0,0,0,1
14,1,92.2,100,0.922,0,0,0,0
16,5,25.3,30,0.8433333333333334,0,0,0,0
4,6,50.6,60,0.8433333333333334,1,0,1,0
18,4,14.3,60,0.23833333333333334,0,1,0,2
22,5,82.9,100,0.8290000000000001,0,0,1,0
12,2,33.4,50,0.6679999999999999,0,0,0,1
18,4,17.5,80,0.21875,0,1,0,2
3,4,79.0,80,0.9875,0,0,1,0
22,2,52.9,60,0.8816666666666666,0,0,1,0
3,1,43.9,50,0.878,0,0,1,0
8,1,16.4,60,0.2733333333333333,0,1,0,2
6,1,7.5,60,0.125,0,0,0,2
10,6,32.3,80,0.40374999999999994,1,0,0,2
23,5,45.5,50,0.91,0,0,1,0
3,2,52.3,60,0.8716666666666666,0,0,1,0
12,1,39.1,80,0.48875,0,0,0,1
11,5,97.0,100,0.97,0,0,0,0
20,6,8.0,60,0.13333333333333333,1,0,0,2
3,2,43.3,60,0.7216666666666666,0,0,1,1
14,1,76.2,100,0.762,0,0,0,0
23,6,42.5,60,0.7083333333333334,1,0,1,1
2,3,35.1,60,0.5850000000000001,0,0,1,1
19,2,37.0,100,0.37,0,1,0,2
15,5,75.7,80,0.94625,0,0,0,0
0,7,61.3,80,0.76625,1,0,1,0
15,1,49.9,60,0.8316666666666667,0,0,0,0
20,7,43.8,60,0.73,1,0,0,1
1,3,36.8,60,0.6133333333333333,0,0,1,1
3,7,57.6,60,0.9600000000000001,1,0,1,0
15,7,46.1,60,0.7683333333333333,1,0,0,0
10,4,67.9,80,0.8487500000000001,0,0,0,0
21,7,94.5,100,0.945,1,0,0,0
16,4,39.7,50,0.794,0,0,0,0
20,2,50.9,60,0.8483333333333333,0,0,0,0
0,2,25.5,30,0.85,0,0,1,0
22,1,95.8,100,0.958,0,0,1,0
3,1,56.8,60,0.9466666666666667,0,0,1,0
19,6,69.1,100,0.691,1,1,0,1
15,4,45.7,50,0.914,0,0,0,0
4,4,41.8,60,0.6966666666666667,0,0,1,1
1,5,53.1,60,0.885,0,0,1,0
9,1,5.5,50,0.11,0,1,0,2
13,3,40.0,60,0.6666666666666666,0,0,0,1
16,4,71.1,80,0.8887499999999999,0,0,0,0
6,6,13.3,50,0.266,1,0,0,2
1,1,92.5,100,0.925,0,0,1,0
1,6,68.6,80,0.8574999999999999,1,0,1,0
11,7,42.3,80,0.5287499999999999,1,0,0,1
9,6,79.2,100,0.792,1,1,0,0
9,3,7.6,60,0.12666666666666665,0,1,0,2
21,5,36.7,50,0.7340000000000001,0,0,0,1
5,1,43.9,50,0.878,0,0,1,0
14,4,37.0,60,0.6166666666666667,0,0,0,1
0,3,17.4,30,0.58,0,0,1,1
13,3,54.4,60,0.9066666666666666,0,0,0,0
15,6,54.8,60,0.9133333333333333,1,0,0,0
9,3,13.5,80,0.16875,0,1,0,2
8,1,57.7,60,0.9616666666666667,0,1,0,0
10,6,48.8,60,0.8133333333333332,1,0,0,0
7,5,12.5,60,0.20833333333333334,0,1,0,2
7,2,31.1,60,0.5183333333333333,0,1,0,1
9,1,18.7,60,0.31166666666666665,0,1,0,2
0,2,78.6,80,0.9824999999999999,0,0,1,0
0,2,66.4,80,0.8300000000000001,0,0,1,0
21,7,44.4,50,0.888,1,0,0,0
7,3,51.0,60,0.85,0,1,0,0
9,2,18.8,60,0.31333333333333335,0,1,0,2
12,7,62.7,100,0.627,1,0,0,1
23,4,72.3,80,0.9037499999999999,0,0,1,0
2,6,34.7,60,0.5783333333333334,1,0,1,1
16,3,13.7,30,0.45666666666666667,0,0,0,1
19,6,31.2,50,0.624,1,1,0,1
15,7,32.4,60,0.5399999999999999,1,0,0,1
9,4,10.9,60,0.18166666666666667,0,1,0,2
16,2,52.2,60,0.87,0,0,0,0
8,1,16.9,50,0.33799999999999997,0,1,0,2
7,1,22.1,60,0.36833333333333335,0,1,0,2
12,2,53.2,80,0.665,0,0,0,1
22,5,27.1,30,0.9033333333333334,0,0,1,0
9,6,27.5,50,0.55,1,1,0,1
12,1,50.8,60,0.8466666666666666,0,0,0,0
22,1,39.8,50,0.7959999999999999,0,0,1,0
23,2,52.5,60,0.875,0,0,1,0
8,7,50.9,60,0.8483333333333333,1,1,0,0
7,7,45.9,60,0.765,1,1,0,0
16,7,43.3,60,0.7216666666666666,1,0,0,1
9,1,18.3,80,0.22875,0,1,0,2
10,1,67.1,80,0.8387499999999999,0,0,0,0
14,1,18.1,30,0.6033333333333334,0,0,0,1
9,1,59.0,80,0.7375,0,1,0,1
8,4,78.1,80,0.97625,0,1,0,0
16,4,40.9,50,0.818,0,0,0,0
21,6,29.3,30,0.9766666666666667,1,0,0,0
4,3,26.6,50,0.532,0,0,1,1
6,6,92.4,100,0.924,1,0,0,0
13,6,33.5,60,0.5583333333333333,1,0,0,1
8,1,14.6,80,0.1825,0,1,0,2
5,7,45.9,60,0.765,1,0,1,0
0,4,56.8,80,0.71,0,0,1,1
22,7,80.5,100,0.805,1,0,1,0
20,7,40.4,50,0.8079999999999999,1,0,0,0
3,3,51.8,60,0.8633333333333333,0,0,1,0
22,7,73.2,80,0.915,1,0,1,0
23,1,38.1,50,0.762,0,0,1,0
17,2,31.6,100,0.316,0,1,0,2
12,6,58.2,100,0.5820000000000001,1,0,0,1
3,1,23.0,30,0.7666666666666667,0,0,1,0
13,1,17.2,30,0.5733333333333334,0,0,0,1
10,4,32.0,50,0.64,0,0,0,1
18,2,38.1,50,0.762,0,1,0,0
17,2,17.3,60,0.28833333333333333,0,1,0,2
20,7,67.1,80,0.8387499999999999,1,0,0,0
5,2,55.5,60,0.925,0,0,1,0
9,2,23.2,60,0.38666666666666666,0,1,0,2
17,3,16.8,80,0.21000000000000002,0,1,0,2
10,2,11.0,80,0.1375,0,0,0,2
3,1,39.9,50,0.7979999999999999,0,0,1,0
3,4,28.1,30,0.9366666666666668,0,0,1,0
15,4,65.0,80,0.8125,0,0,0,0
14,3,13.3,80,0.16625,0,0,0,2
11,1,28.3,30,0.9433333333333334,0,0,0,0
14,3,67.9,80,0.8487500000000001,0,0,0,0
3,4,41.3,50,0.826,0,0,1,0
2,6,55.4,60,0.9233333333333333,1,0,1,0
19,7,54.3,60,0.9049999999999999,1,1,0,0
9,3,19.3,60,0.32166666666666666,0,1,0,2
8,1,12.2,60,0.2033333333333333,0,1,0,2
13,2,64.0,80,0.8,0,0,0,0
10,6,62.3,100,0.623,1,0,0,1
2,1,56.8,60,0.9466666666666667,0,0,1,0
1,4,53.8,60,0.8966666666666666,0,0,1,0
15,2,47.5,80,0.59375,0,0,0,1
18,2,7.7,30,0.25666666666666665,0,1,0,2
17,3,6.9,50,0.138,0,1,0,2
10,3,75.9,100,0.759,0,0,0,0
13,4,3.2,30,0.10666666666666667,0,0,0,2
1,4,51.0,60,0.85,0,0,1,0
18,1,31.3,80,0.39125,0,1,0,2
6,7,61.0,80,0.7625,1,0,0,0
3,2,42.3,50,0.846,0,0,1,0
9,1,6.8,60,0.11333333333333333,0,1,0,2
1,5,53.1,60,0.885,0,0,1,0
14,7,19.1,60,0.31833333333333336,1,0,0,2
19,3,25.9,30,0.8633333333333333,0,1,0,0
3,3,58.6,60,0.9766666666666667,0,0,1,0
2,4,46.8,60,0.7799999999999999,0,0,1,0
15,7,44.4,50,0.888,1,0,0,0
15,4,45.4,50,0.9079999999999999,0,0,0,0
13,5,50.6,60,0.8433333333333334,0,0,0,0
14,2,21.7,50,0.434,0,0,0,2
8,3,11.1,100,0.111,0,1,0,2
15,5,15.7,30,0.5233333333333333,0,0,0,1
14,4,32.9,60,0.5483333333333333,0,0,0,1
2,1,65.7,80,0.82125,0,0,1,0
2,3,64.9,80,0.81125,0,0,1,0
19,5,9.6,60,0.16,0,1,0,2
10,2,21.9,30,0.73,0,0,0,1
15,1,39.7,60,0.6616666666666667,0,0,0,1
12,7,20.8,60,0.3466666666666667,1,0,0,2
17,6,79.8,100,0.7979999999999999,1,1,0,0
13,1,49.3,80,0.61625,0,0,0,1
4,4,44.5,50,0.89,0,0,1,0
6,6,16.1,30,0.5366666666666667,1,0,0,1
0,5,44.6,50,0.892,0,0,1,0
16,5,28.2,60,0.47,0,0,0,1
13,5,32.9,60,0.5483333333333333,0,0,0,1
8,3,24.6,30,0.8200000000000001,0,1,0,0
12,6,31.4,60,0.5233333333333333,1,0,0,1
3,2,29.1,50,0.5820000000000001,0,0,1,1
11,6,59.8,60,0.9966666666666666,1,0,0,0
13,1,57.0,60,0.95,0,0,0,0
6,5,66.5,80,0.83125,0,0,0,0
13,4,10.5,50,0.21,0,0,0,2
9,4,24.2,30,0.8066666666666666,0,1,0,0
16,3,47.7,60,0.795,0,0,0,0
13,1,29.3,60,0.48833333333333334,0,0,0,1
0,5,53.9,60,0.8983333333333333,0,0,1,0
14,5,45.9,80,0.57375,0,0,0,1
23,1,11.3,50,0.226,0,0,1,2
7,2,28.0,60,0.4666666666666667,0,1,0,1
15,2,49.5,50,0.99,0,0,0,0
22,4,26.9,30,0.8966666666666666,0,0,1,0
2,6,47.8,50,0.956,1,0,1,0
0,6,14.5,80,0.18125,1,0,1,2
5,5,14.8,30,0.49333333333333335,0,0,1,1
9,3,27.7,60,0.46166666666666667,0,1,0,1
11,4,68.1,80,0.85125,0,0,0,0
0,2,48.8,60,0.8133333333333332,0,0,1,0
18,4,37.3,60,0.6216666666666666,0,1,0,1
9,6,40.5,50,0.81,1,1,0,0
5,6,43.5,60,0.725,1,0,1,1
14,4,47.3,60,0.7883333333333333,0,0,0,0
17,2,22.6,80,0.28250000000000003,0,1,0,2
12,7,48.3,60,0.8049999999999999,1,0,0,0
11,5,66.2,80,0.8275,0,0,0,0
15,3,28.1,50,0.562,0,0,0,1
5,5,32.1,60,0.535,0,0,1,1
4,4,28.9,30,0.9633333333333333,0,0,1,0
16,5,17.7,50,0.354,0,0,0,2
21,7,30.1,50,0.602,1,0,0,1
15,3,28.7,30,0.9566666666666667,0,0,0,0
9,2,10.3,30,0.3433333333333334,0,1,0,2
4,7,75.0,100,0.75,1,0,1,0
1,6,47.9,60,0.7983333333333333,1,0,1,0
14,3,45.7,60,0.7616666666666667,0,0,0,0
13,1,10.2,60,0.16999999999999998,0,0,0,2
8,1,57.3,60,0.955,0,1,0,0
1,2,54.8,60,0.9133333333333333,0,0,1,0
17,6,48.8,60,0.8133333333333332,1,1,0,0
23,6,85.7,100,0.857,1,0,1,0
3,4,79.4,80,0.9925,0,0,1,0
17,6,47.3,60,0.7883333333333333,1,1,0,0
3,6,65.2,80,0.8150000000000001,1,0,1,0
18,3,21.9,50,0.43799999999999994,0,1,0,2
5,1,57.6,60,0.9600000000000001,0,0,1,0
18,5,14.9,60,0.24833333333333335,0,1,0,2
11,4,46.8,60,0.7799999999999999,0,0,0,0
9,2,3.8,30,0.12666666666666665,0,1,0,2
5,7,24.5,30,0.8166666666666667,1,0,1,0
18,4,39.8,100,0.39799999999999996,0,1,0,2
23,6,13.4,60,0.22333333333333333,1,0,1,2
11,2,21.8,50,0.436,0,0,0,2
4,5,38.2,60,0.6366666666666667,0,0,1,1
9,7,50.9,60,0.8483333333333333,1,1,0,0
18,1,15.6,60,0.26,0,1,0,2
15,7,53.1,60,0.885,1,0,0,0
16,1,69.4,80,0.8675,0,0,0,0
9,3,23.2,80,0.29,0,1,0,2
2,4,52.0,60,0.8666666666666667,0,0,1,0
19,5,31.1,60,0.5183333333333333,0,1,0,1
16,7,29.8,50,0.596,1,0,0,1
3,4,48.1,60,0.8016666666666666,0,0,1,0
22,2,59.6,60,0.9933333333333334,0,0,1,0
13,3,38.2,60,0.6366666666666667,0,0,0,1
23,1,39.9,50,0.7979999999999999,0,0,1,0
2,2,28.9,30,0.9633333333333333,0,0,1,0
8,1,25.9,60,0.43166666666666664,0,1,0,2
18,6,53.8,60,0.8966666666666666,1,1,0,0
10,3,48.8,60,0.8133333333333332,0,0,0,0
23,1,54.1,60,0.9016666666666667,0,0,1,0
14,2,15.7,60,0.26166666666666666,0,0,0,2
21,2,66.0,80,0.825,0,0,0,0
7,1,14.9,50,0.298,0,1,0,2
14,7,14.8,80,0.185,1,0,0,2
11,6,56.9,60,0.9483333333333334,1,0,0,0
11,1,46.8,60,0.7799999999999999,0,0,0,0
9,7,60.7,80,0.75875,1,1,0,0
13,5,71.1,100,0.711,0,0,0,1
0,5,50.2,60,0.8366666666666667,0,0,1,0
10,5,62.4,80,0.78,0,0,0,0
19,1,9.5,50,0.19,0,1,0,2
2,4,53.2,60,0.8866666666666667,0,0,1,0
5,3,54.7,60,0.9116666666666667,0,0,1,0
3,4,39.2,60,0.6533333333333334,0,0,1,1
23,6,51.5,60,0.8583333333333333,1,0,1,0
12,1,86.8,100,0.868,0,0,0,0
2,2,50.1,80,0.62625,0,0,1,1
5,7,63.3,80,0.79125,1,0,1,0
3,2,55.9,80,0.69875,0,0,1,1
0,5,18.2,80,0.22749999999999998,0,0,1,2
14,1,72.0,80,0.9,0,0,0,0
21,5,22.9,30,0.7633333333333333,0,0,0,0
21,7,60.4,80,0.755,1,0,0,0
18,3,24.8,60,0.41333333333333333,0,1,0,2
16,7,36.8,60,0.6133333333333333,1,0,0,1
18,5,21.0,60,0.35,0,1,0,2
18,5,6.4,50,0.128,0,1,0,2
4,3,72.3,80,0.9037499999999999,0,0,1,0
14,4,49.6,80,0.62,0,0,0,1
7,5,29.6,80,0.37,0,1,0,2
10,1,33.2,50,0.664,0,0,0,1
11,5,81.3,100,0.813,0,0,0,0
15,3,55.5,60,0.925,0,0,0,0
19,7,37.3,60,0.6216666666666666,1,1,0,1
21,2,42.7,50,0.8540000000000001,0,0,0,0
22,7,81.1,100,0.8109999999999999,1,0,1,0
20,5,22.6,30,0.7533333333333334,0,0,0,0
3,2,67.4,100,0.674,0,0,1,1
1,5,37.6,50,0.752,0,0,1,0
13,5,90.9,100,0.909,0,0,0,0
0,4,99.3,100,0.993,0,0,1,0
15,2,50.8,60,0.8466666666666666,0,0,0,0
21,3,53.3,80,0.66625,0,0,0,1
17,1,9.6,60,0.16,0,1,0,2
9,7,52.6,60,0.8766666666666667,1,1,0,0
2,1,58.7,60,0.9783333333333334,0,0,1,0
9,7,47.4,50,0.948,1,1,0,0
16,6,36.4,80,0.45499999999999996,1,0,0,1
1,5,51.5,60,0.8583333333333333,0,0,1,0
19,1,14.4,60,0.24000000000000002,0,1,0,2
4,6,21.5,30,0.7166666666666667,1,0,1,1
1,5,51.9,60,0.865,0,0,1,0
4,3,53.3,60,0.8883333333333333,0,0,1,0
10,4,37.3,60,0.6216666666666666,0,0,0,1
9,7,63.2,80,0.79,1,1,0,0
21,4,12.0,50,0.24,0,0,0,2
21,6,69.1,80,0.8637499999999999,1,0,0,0
10,7,64.0,80,0.8,1,0,0,0
23,1,91.3,100,0.9129999999999999,0,0,1,0
17,3,19.3,60,0.32166666666666666,0,1,0,2
6,3,75.0,80,0.9375,0,0,0,0
5,1,44.0,50,0.88,0,0,1,0
8,6,43.0,50,0.86,1,1,0,0
11,1,34.2,50,0.684,0,0,0,1
12,5,39.3,60,0.6549999999999999,0,0,0,1
21,7,48.8,60,0.8133333333333332,1,0,0,0
9,2,59.1,60,0.985,0,1,0,0
5,4,96.2,100,0.9620000000000001,0,0,1,0
1,7,14.2,30,0.47333333333333333,1,0,1,1
9,1,11.0,60,0.18333333333333332,0,1,0,2
2,3,23.8,30,0.7933333333333333,0,0,1,0
11,6,23.8,80,0.2975,1,0,0,2
14,3,45.3,80,0.5662499999999999,0,0,0,1
6,6,60.3,80,0.7537499999999999,1,0,0,0
22,3,35.4,60,0.59,0,0,1,1
5,2,49.5,60,0.825,0,0,1,0
19,2,9.1,60,0.15166666666666667,0,1,0,2
11,4,47.5,60,0.7916666666666666,0,0,0,0
8,7,19.3,60,0.32166666666666666,1,1,0,2
20,1,42.1,50,0.8420000000000001,0,0,0,0
10,6,31.2,60,0.52,1,0,0,1
19,7,30.7,60,0.5116666666666666,1,1,0,1
6,4,72.5,80,0.90625,0,0,0,0
2,7,58.9,60,0.9816666666666667,1,0,1,0
21,1,47.3,50,0.946,0,0,0,0
10,4,38.0,60,0.6333333333333333,0,0,0,1
11,6,40.1,100,0.401,1,0,0,2
3,5,57.5,60,0.9583333333333334,0,0,1,0
18,2,7.8,30,0.26,0,1,0,2
14,7,31.2,60,0.52,1,0,0,1
23,6,88.2,100,0.882,1,0,1,0
9,1,36.1,60,0.6016666666666667,0,1,0,1
6,1,35.8,50,0.716,0,0,0,1
14,3,13.5,30,0.45,0,0,0,1
21,2,20.0,30,0.6666666666666666,0,0,0,1
14,6,20.6,50,0.41200000000000003,1,0,0,2
21,3,20.9,60,0.34833333333333333,0,0,0,2
0,6,39.4,50,0.7879999999999999,1,0,1,0
10,6,70.5,80,0.88125,1,0,0,0
15,6,64.5,80,0.80625,1,0,0,0
16,1,25.8,30,0.86,0,0,0,0
22,6,59.3,60,0.9883333333333333,1,0,1,0
3,5,54.1,60,0.9016666666666667,0,0,1,0
23,3,82.3,100,0.823,0,0,1,0
0,7,24.2,30,0.8066666666666666,1,0,1,0
2,2,60.0,60,1.0,0,0,1,0
10,2,52.9,60,0.8816666666666666,0,0,0,0
11,4,40.2,50,0.804,0,0,0,0
8,2,40.6,60,0.6766666666666666,0,1,0,1
22,3,45.0,50,0.9,0,0,1,0
8,1,12.0,60,0.2,0,1,0,2
11,1,37.8,50,0.7559999999999999,0,0,0,0
19,4,54.8,80,0.6849999999999999,0,1,0,1
21,7,12.5,80,0.15625,1,0,0,2
21,2,42.0,60,0.7,0,0,0,1
19,4,35.4,50,0.708,0,1,0,1
14,5,37.7,60,0.6283333333333334,0,0,0,1
6,2,52.8,60,0.88,0,0,0,0
10,3,15.9,50,0.318,0,0,0,2
10,2,20.7,60,0.345,0,0,0,2
21,4,60.0,60,1.0,0,0,0,0
14,4,37.8,60,0.63,0,0,0,1
1,2,44.4,50,0.888,0,0,1,0
19,7,64.9,80,0.81125,1,1,0,0
10,3,52.4,60,0.8733333333333333,0,0,0,0
1,2,47.6,60,0.7933333333333333,0,0,1,0
7,3,15.8,60,0.26333333333333336,0,1,0,2
21,1,43.4,50,0.868,0,0,0,0
2,5,46.5,50,0.93,0,0,1,0
11,2,39.9,60,0.6649999999999999,0,0,0,1
15,3,25.5,60,0.425,0,0,0,2
17,3,26.8,50,0.536,0,1,0,1
15,3,54.3,60,0.9049999999999999,0,0,0,0
4,6,28.4,30,0.9466666666666667,1,0,1,0
21,1,48.8,60,0.8133333333333332,0,0,0,0
21,7,47.2,50,0.9440000000000001,1,0,0,0
9,7,79.9,80,0.99875,1,1,0,0
12,3,28.8,30,0.9600000000000001,0,0,0,0
17,2,8.1,50,0.162,0,1,0,2
5,6,52.1,60,0.8683333333333334,1,0,1,0
14,5,42.6,60,0.7100000000000001,0,0,0,1
12,3,58.8,60,0.98,0,0,0,0
13,5,10.4,60,0.17333333333333334,0,0,0,2
12,2,33.4,60,0.5566666666666666,0,0,0,1
3,3,53.2,60,0.8866666666666667,0,0,1,0
14,3,14.5,60,0.24166666666666667,0,0,0,2
3,1,46.1,60,0.7683333333333333,0,0,1,0
10,2,33.3,60,0.5549999999999999,0,0,0,1
8,6,23.9,80,0.29874999999999996,1,1,0,2
19,5,54.0,60,0.9,0,1,0,0
6,2,41.4,50,0.828,0,0,0,0
21,2,54.8,60,0.9133333333333333,0,0,0,0
13,4,13.0,60,0.21666666666666667,0,0,0,2
2,3,36.0,60,0.6,0,0,1,1
5,5,45.2,60,0.7533333333333334,0,0,1,0
16,6,20.6,30,0.6866666666666668,1,0,0,1
21,5,58.0,80,0.725,0,0,0,1
11,5,28.3,30,0.9433333333333334,0,0,0,0
14,4,97.5,100,0.975,0,0,0,0
10,7,71.9,80,0.89875,1,0,0,0
4,7,21.4,30,0.7133333333333333,1,0,1,1
11,5,23.1,30,0.77,0,0,0,0
12,6,33.5,60,0.5583333333333333,1,0,0,1
2,1,29.7,30,0.99,0,0,1,0
1,1,75.9,100,0.759,0,0,1,0
9,6,49.0,60,0.8166666666666667,1,1,0,0
1,2,57.2,60,0.9533333333333334,0,0,1,0
22,7,49.0,60,0.8166666666666667,1,0,1,0
11,7,57.7,80,0.7212500000000001,1,0,0,1
14,1,34.3,50,0.6859999999999999,0,0,0,1
19,5,14.7,60,0.245,0,1,0,2
1,7,48.5,60,0.8083333333333333,1,0,1,0
4,7,57.5,60,0.9583333333333334,1,0,1,0
19,4,50.4,60,0.84,0,1,0,0
5,5,63.1,80,0.7887500000000001,0,0,1,0
14,5,43.8,60,0.73,0,0,0,1
2,7,18.5,30,0.6166666666666667,1,0,1,1
3,3,22.9,30,0.7633333333333333,0,0,1,0
13,2,40.6,80,0.5075000000000001,0,0,0,1
2,3,46.6,50,0.932,0,0,1,0
9,2,52.8,100,0.528,0,1,0,1
19,3,31.9,60,0.5316666666666666,0,1,0,1
21,7,50.5,60,0.8416666666666667,1,0,0,0
10,2,74.6,80,0.9324999999999999,0,0,0,0
3,6,47.8,60,0.7966666666666666,1,0,1,0
18,7,10.1,80,0.12625,1,1,0,2
20,7,91.1,100,0.9109999999999999,1,0,0,0
7,4,15.5,100,0.155,0,1,0,2
6,6,24.5,80,0.30625,1,0,0,2
14,7,49.6,60,0.8266666666666667,1,0,0,0
23,4,43.4,50,0.868,0,0,1,0
20,3,57.7,80,0.7212500000000001,0,0,0,1
8,5,32.5,60,0.5416666666666666,0,1,0,1
15,2,40.2,50,0.804,0,0,0,0
15,6,40.0,80,0.5,1,0,0,1
12,2,58.2,60,0.9700000000000001,0,0,0,0
19,2,28.8,30,0.9600000000000001,0,1,0,0
15,2,29.4,60,0.49,0,0,0,1
22,3,34.8,60,0.58,0,0,1,1
6,4,67.6,80,0.845,0,0,0,0
8,2,29.7,80,0.37124999999999997,0,1,0,2
0,7,49.6,50,0.992,1,0,1,0
15,6,10.5,30,0.35,1,0,0,2
21,6,37.8,50,0.7559999999999999,1,0,0,0
21,1,22.4,60,0.3733333333333333,0,0,0,2
4,7,51.7,60,0.8616666666666667,1,0,1,0
10,5,28.8,60,0.48000000000000004,0,0,0,1
7,6,87.7,100,0.877,1,1,0,0
6,6,23.7,50,0.474,1,0,0,1
18,5,16.7,60,0.2783333333333333,0,1,0,2
11,2,48.1,60,0.8016666666666666,0,0,0,0
8,4,52.0,60,0.8666666666666667,0,1,0,0
9,7,27.6,30,0.92,1,1,0,0
11,2,48.7,80,0.60875,0,0,0,1
13,6,48.9,80,0.61125,1,0,0,1
0,6,48.5,60,0.8083333333333333,1,0,1,0
4,4,58.7,60,0.9783333333333334,0,0,1,0
15,6,58.6,60,0.9766666666666667,1,0,0,0
19,5,52.9,60,0.8816666666666666,0,1,0,0
4,5,17.2,30,0.5733333333333334,0,0,1,1
18,1,15.7,60,0.26166666666666666,0,1,0,2
8,5,8.8,60,0.14666666666666667,0,1,0,2
23,5,46.2,60,0.77,0,0,1,0
2,3,25.1,30,0.8366666666666667,0,0,1,0
9,3,36.7,60,0.6116666666666667,0,1,0,1
18,4,26.5,50,0.53,0,1,0,1
2,3,39.6,50,0.792,0,0,1,0
0,4,47.2,60,0.7866666666666667,0,0,1,0
10,3,40.4,60,0.6733333333333333,0,0,0,1
23,6,59.8,60,0.9966666666666666,1,0,1,0
0,4,57.0,60,0.95,0,0,1,0
4,6,18.2,60,0.30333333333333334,1,0,1,2
5,4,48.5,60,0.8083333333333333,0,0,1,0
5,6,43.2,50,0.8640000000000001,1,0,1,0
14,3,32.8,60,0.5466666666666666,0,0,0,1
21,3,32.1,60,0.535,0,0,0,1
4,4,19.0,30,0.6333333333333333,0,0,1,1
23,2,42.0,50,0.84,0,0,1,0
4,7,59.4,60,0.99,1,0,1,0
6,6,57.1,60,0.9516666666666667,1,0,0,0
18,5,15.8,60,0.26333333333333336,0,1,0,2
18,2,27.0,60,0.45,0,1,0,1
2,3,6.0,60,0.1,0,0,1,2
18,5,16.1,30,0.5366666666666667,0,1,0,1
15,6,48.6,50,0.972,1,0,0,0
17,2,30.4,50,0.608,0,1,0,1
11,3,90.5,100,0.905,0,0,0,0
0,4,50.7,60,0.8450000000000001,0,0,1,0
16,4,15.6,30,0.52,0,0,0,1
17,2,14.5,80,0.18125,0,1,0,2
22,4,48.0,50,0.96,0,0,1,0
7,6,59.2,60,0.9866666666666667,1,1,0,0
14,2,18.8,30,0.6266666666666667,0,0,0,1
10,1,51.4,80,0.6425,0,0,0,1
22,6,43.6,60,0.7266666666666667,1,0,1,1
16,6,30.9,60,0.515,1,0,0,1
9,3,56.7,60,0.9450000000000001,0,1,0,0
2,1,89.9,100,0.899,0,0,1,0
13,7,10.0,60,0.16666666666666666,1,0,0,2
8,2,28.7,80,0.35875,0,1,0,2
3,4,78.0,80,0.975,0,0,1,0
14,3,27.1,50,0.542,0,0,0,1
23,3,67.4,80,0.8425,0,0,1,0
13,3,17.2,50,0.344,0,0,0,2
8,1,31.6,60,0.5266666666666667,0,1,0,1
19,6,34.5,60,0.575,1,1,0,1
6,6,40.5,50,0.81,1,0,0,0
17,4,23.9,60,0.3983333333333333,0,1,0,2
9,1,29.4,50,0.588,0,1,0,1
14,2,3.6,30,0.12000000000000001,0,0,0,2
2,6,65.6,80,0.82,1,0,1,0
4,7,85.3,100,0.853,1,0,1,0
0,6,47.2,60,0.7866666666666667,1,0,1,0
21,3,45.3,50,0.9059999999999999,0,0,0,0
4,7,57.9,80,0.72375,1,0,1,1
0,1,74.7,80,0.9337500000000001,0,0,1,0
19,7,8.4,50,0.168,1,1,0,2
5,6,24.0,30,0.8,1,0,1,0
13,1,30.7,60,0.5116666666666666,0,0,0,1
17,4,14.9,60,0.24833333333333335,0,1,0,2
2,1,47.7,60,0.795,0,0,1,0
4,4,42.4,50,0.848,0,0,1,0
4,3,48.4,60,0.8066666666666666,0,0,1,0
20,2,38.1,50,0.762,0,0,0,0
16,4,48.1,60,0.8016666666666666,0,0,0,0
0,3,24.5,30,0.8166666666666667,0,0,1,0
1,1,59.5,60,0.9916666666666667,0,0,1,0
15,4,41.1,80,0.51375,0,0,0,1
9,2,18.7,60,0.31166666666666665,0,1,0,2
1,7,75.1,80,0.93875,1,0,1,0
13,2,45.5,80,0.56875,0,0,0,1
21,1,29.8,60,0.4966666666666667,0,0,0,1
5,4,61.3,80,0.76625,0,0,1,0
18,2,35.5,60,0.5916666666666667,0,1,0,1
11,2,33.6,60,0.56,0,0,0,1
2,3,50.8,60,0.8466666666666666,0,0,1,0
20,7,63.7,100,0.637,1,0,0,1
17,2,10.5,30,0.35,0,1,0,2
13,7,55.6,60,0.9266666666666666,1,0,0,0
4,2,65.6,80,0.82,0,0,1,0
13,3,17.0,30,0.5666666666666667,0,0,0,1
18,6,64.6,100,0.6459999999999999,1,1,0,1
23,2,49.8,60,0.83,0,0,1,0
15,4,46.1,60,0.7683333333333333,0,0,0,0
22,5,56.9,60,0.9483333333333334,0,0,1,0
7,2,73.7,100,0.737,0,1,0,1
13,6,33.3,60,0.5549999999999999,1,0,0,1
8,4,11.4,50,0.228,0,1,0,2
20,6,10.2,60,0.16999999999999998,1,0,0,2
23,2,36.1,60,0.6016666666666667,0,0,1,1
2,4,39.0,60,0.65,0,0,1,1
20,6,20.3,60,0.3383333333333333,1,0,0,2
1,2,69.1,80,0.8637499999999999,0,0,1,0
21,1,33.3,80,0.41624999999999995,0,0,0,2
15,7,25.4,30,0.8466666666666666,1,0,0,0
0,2,57.3,60,0.955,0,0,1,0
16,2,40.2,80,0.5025000000000001,0,0,0,1
6,6,52.2,60,0.87,1,0,0,0
15,1,15.7,50,0.314,0,0,0,2
4,5,42.6,50,0.852,0,0,1,0
10,5,25.5,30,0.85,0,0,0,0
13,2,27.7,30,0.9233333333333333,0,0,0,0
9,7,32.0,80,0.4,1,1,0,2
17,1,15.6,60,0.26,0,1,0,2
16,6,14.7,100,0.147,1,0,0,2
0,3,88.0,100,0.88,0,0,1,0
12,6,65.7,100,0.657,1,0,0,1
16,5,17.1,60,0.28500000000000003,0,0,0,2
6,2,51.8,60,0.8633333333333333,0,0,0,0
20,4,76.6,80,0.9574999999999999,0,0,0,0
21,3,42.0,60,0.7,0,0,0,1
13,3,51.3,80,0.64125,0,0,0,1
8,3,33.2,80,0.41500000000000004,0,1,0,2
3,1,51.9,60,0.865,0,0,1,0
11,2,23.0,30,0.7666666666666667,0,0,0,0
14,2,56.0,60,0.9333333333333333,0,0,0,0
4,5,78.6,80,0.9824999999999999,0,0,1,0
21,5,13.5,50,0.27,0,0,0,2
4,7,67.3,80,0.8412499999999999,1,0,1,0
4,6,39.9,80,0.49874999999999997,1,0,1,1
7,1,9.2,50,0.184,0,1,0,2
0,7,90.8,100,0.9079999999999999,1,0,1,0
7,3,52.6,80,0.6575,0,1,0,1
2,5,59.3,60,0.9883333333333333,0,0,1,0
15,2,21.8,30,0.7266666666666667,0,0,0,1
5,7,36.3,50,0.726,1,0,1,1
22,4,51.9,60,0.865,0,0,1,0
8,5,34.9,60,0.5816666666666667,0,1,0,1
1,2,15.3,30,0.51,0,0,1,1
4,3,42.0,50,0.84,0,0,1,0
1,4,13.6,30,0.4533333333333333,0,0,1,1
6,3,53.5,60,0.8916666666666667,0,0,0,0
17,1,6.0,50,0.12,0,1,0,2
5,4,17.8,30,0.5933333333333334,0,0,1,1
7,6,32.1,100,0.321,1,1,0,2
20,4,75.2,80,0.9400000000000001,0,0,0,0
9,5,31.9,80,0.39875,0,1,0,2
15,4,10.4,60,0.17333333333333334,0,0,0,2
10,5,81.3,100,0.813,0,0,0,0
17,7,9.2,60,0.15333333333333332,1,1,0,2
6,1,42.5,80,0.53125,0,0,0,1
9,5,23.4,80,0.2925,0,1,0,2
6,6,77.5,80,0.96875,1,0,0,0
11,2,47.2,50,0.9440000000000001,0,0,0,0
7,3,77.6,80,0.97,0,1,0,0
21,2,35.0,50,0.7,0,0,0,1
13,4,49.9,60,0.8316666666666667,0,0,0,0
10,2,28.4,30,0.9466666666666667,0,0,0,0
17,7,30.0,50,0.6,1,1,0,1
5,1,52.2,60,0.87,0,0,1,0
14,1,32.0,50,0.64,0,0,0,1
22,4,50.0,60,0.8333333333333334,0,0,1,0
19,6,40.5,80,0.50625,1,1,0,1
10,1,34.7,100,0.34700000000000003,0,0,0,2
16,4,32.1,60,0.535,0,0,0,1
4,6,50.0,60,0.8333333333333334,1,0,1,0
8,7,47.4,60,0.7899999999999999,1,1,0,0
1,5,71.9,80,0.89875,0,0,1,0
23,3,30.3,60,0.505,0,0,1,1
13,3,43.0,50,0.86,0,0,0,0
9,7,47.6,50,0.9520000000000001,1,1,0,0
5,1,52.9,60,0.8816666666666666,0,0,1,0
0,1,48.5,60,0.8083333333333333,0,0,1,0
21,4,26.0,50,0.52,0,0,0,1
15,6,79.4,80,0.9925,1,0,0,0
7,6,44.8,50,0.8959999999999999,1,1,0,0
1,3,33.7,80,0.42125,0,0,1,2
5,7,12.8,50,0.256,1,0,1,2
15,6,65.3,80,0.8162499999999999,1,0,0,0
11,6,40.9,50,0.818,1,0,0,0
4,7,45.3,50,0.9059999999999999,1,0,1,0
3,1,40.4,50,0.8079999999999999,0,0,1,0
15,4,55.7,60,0.9283333333333333,0,0,0,0
21,4,45.7,50,0.914,0,0,0,0
7,7,43.4,50,0.868,1,1,0,0
10,6,25.7,50,0.514,1,0,0,1
15,5,53.6,60,0.8933333333333333,0,0,0,0
21,2,61.0,80,0.7625,0,0,0,0
3,1,56.2,60,0.9366666666666668,0,0,1,0
19,2,7.8,60,0.13,0,1,0,2
23,6,38.6,50,0.772,1,0,1,0
17,7,26.4,60,0.44,1,1,0,2
11,3,17.7,60,0.295,0,0,0,2
20,3,33.9,60,0.565,0,0,0,1
1,1,38.2,50,0.764,0,0,1,0
9,5,12.1,50,0.242,0,1,0,2
7,6,73.1,80,0.91375,1,1,0,0
10,2,52.9,60,0.8816666666666666,0,0,0,0
9,7,73.9,80,0.9237500000000001,1,1,0,0
23,7,55.2,60,0.92,1,0,1,0
21,5,67.7,80,0.8462500000000001,0,0,0,0
21,4,6.4,60,0.10666666666666667,0,0,0,2
1,5,85.7,100,0.857,0,0,1,0
20,1,45.3,60,0.755,0,0,0,0
12,4,80.3,100,0.8029999999999999,0,0,0,0
8,2,56.5,80,0.70625,0,1,0,1
23,7,91.5,100,0.915,1,0,1,0
18,1,37.1,80,0.46375,0,1,0,1
14,1,48.0,80,0.6,0,0,0,1
1,3,27.6,30,0.92,0,0,1,0
23,7,38.4,80,0.48,1,0,1,1
16,5,47.0,50,0.94,0,0,0,0
18,7,35.0,80,0.4375,1,1,0,2
0,2,95.3,100,0.953,0,0,1,0
3,4,66.5,80,0.83125,0,0,1,0
20,2,49.1,60,0.8183333333333334,0,0,0,0
3,4,26.0,30,0.8666666666666667,0,0,1,0
22,1,24.1,50,0.48200000000000004,0,0,1,1
9,3,19.6,30,0.6533333333333334,0,1,0,1
2,5,55.2,60,0.92,0,0,1,0
2,1,38.5,50,0.77,0,0,1,0
18,7,24.7,50,0.494,1,1,0,1
10,5,65.9,80,0.8237500000000001,0,0,0,0
15,3,28.0,30,0.9333333333333333,0,0,0,0
22,7,52.1,80,0.65125,1,0,1,1
1,4,52.1,60,0.8683333333333334,0,0,1,0
22,1,49.1,50,0.982,0,0,1,0
9,7,49.9,50,0.998,1,1,0,0
2,5,77.5,80,0.96875,0,0,1,0
6,1,10.2,50,0.204,0,0,0,2
23,2,49.7,50,0.9940000000000001,0,0,1,0
22,3,89.5,100,0.895,0,0,1,0
10,3,31.6,60,0.5266666666666667,0,0,0,1
1,1,52.2,60,0.87,0,0,1,0
6,4,30.5,60,0.5083333333333333,0,0,0,1
23,2,44.3,60,0.7383333333333333,0,0,1,1
7,3,36.7,80,0.45875000000000005,0,1,0,1
21,7,34.4,50,0.688,1,0,0,1
22,7,64.2,80,0.8025,1,0,1,0
7,5,31.3,60,0.5216666666666667,0,1,0,1
2,2,93.8,100,0.938,0,0,1,0
13,5,42.7,60,0.7116666666666667,0,0,0,1
21,7,42.7,60,0.7116666666666667,1,0,0,1
7,2,21.1,50,0.42200000000000004,0,1,0,2
12,1,52.5,60,0.875,0,0,0,0
8,6,48.9,50,0.978,1,1,0,0
0,4,76.1,80,0.9512499999999999,0,0,1,0
20,4,53.0,60,0.8833333333333333,0,0,0,0
4,5,75.4,100,0.754,0,0,1,0
7,3,32.4,80,0.40499999999999997,0,1,0,2
17,4,21.3,60,0.35500000000000004,0,1,0,2
22,2,14.7,30,0.49,0,0,1,1
15,6,42.8,50,0.856,1,0,0,0
5,3,77.4,80,0.9675,0,0,1,0
21,5,44.5,80,0.55625,0,0,0,1
3,1,47.6,50,0.9520000000000001,0,0,1,0
9,1,16.3,60,0.27166666666666667,0,1,0,2
20,7,29.6,30,0.9866666666666667,1,0,0,0
5,3,55.9,60,0.9316666666666666,0,0,1,0
20,5,27.9,30,0.9299999999999999,0,0,0,0
15,4,39.8,60,0.6633333333333333,0,0,0,1
12,5,49.8,60,0.83,0,0,0,0
23,1,66.3,80,0.82875,0,0,1,0
11,6,22.6,60,0.3766666666666667,1,0,0,2
4,6,59.8,60,0.9966666666666666,1,0,1,0
3,5,46.2,50,0.924,0,0,1,0
16,7,48.5,50,0.97,1,0,0,0
5,2,45.8,50,0.9159999999999999,0,0,1,0
5,1,60.8,80,0.76,0,0,1,0
0,7,38.3,50,0.7659999999999999,1,0,1,0
2,4,27.8,50,0.556,0,0,1,1
0,1,44.5,50,0.89,0,0,1,0
22,5,7.2,50,0.14400000000000002,0,0,1,2
3,3,76.1,100,0.7609999999999999,0,0,1,0
2,5,53.3,60,0.8883333333333333,0,0,1,0
20,4,38.2,50,0.764,0,0,0,0
7,1,40.4,50,0.8079999999999999,0,1,0,0
6,4,53.7,60,0.895,0,0,0,0
11,5,55.2,60,0.92,0,0,0,0
6,1,63.9,80,0.79875,0,0,0,0
21,4,62.1,80,0.77625,0,0,0,0
3,1,79.9,80,0.99875,0,0,1,0
8,7,24.7,30,0.8233333333333334,1,1,0,0
6,2,14.5,30,0.48333333333333334,0,0,0,1
8,4,7.7,30,0.25666666666666665,0,1,0,2
22,7,24.8,30,0.8266666666666667,1,0,1,0
8,3,12.2,60,0.2033333333333333,0,1,0,2
4,6,39.1,50,0.782,1,0,1,0
1,7,63.4,80,0.7925,1,0,1,0
5,5,61.2,80,0.765,0,0,1,0
2,1,56.1,60,0.935,0,0,1,0
9,2,6.0,50,0.12,0,1,0,2
1,6,28.7,30,0.9566666666666667,1,0,1,0
12,6,44.4,50,0.888,1,0,0,0
23,7,7.7,60,0.12833333333333333,1,0,1,2
16,4,18.3,30,0.61,0,0,0,1
1,6,48.6,60,0.81,1,0,1,0
1,2,74.8,80,0.9349999999999999,0,0,1,0
1,7,46.6,60,0.7766666666666667,1,0,1,0
11,1,10.1,30,0.33666666666666667,0,0,0,2
5,3,48.6,60,0.81,0,0,1,0
16,3,61.7,80,0.77125,0,0,0,0
19,1,17.2,60,0.2866666666666667,0,1,0,2
5,1,40.4,60,0.6733333333333333,0,0,1,1
6,2,54.2,60,0.9033333333333334,0,0,0,0
23,7,8.4,60,0.14,1,0,1,2
13,5,15.2,80,0.19,0,0,0,2
7,2,17.5,30,0.5833333333333334,0,1,0,1
2,6,8.0,60,0.13333333333333333,1,0,1,2
12,1,16.6,30,0.5533333333333333,0,0,0,1
8,5,43.4,60,0.7233333333333333,0,1,0,1
13,1,19.0,30,0.6333333333333333,0,0,0,1
14,4,59.0,60,0.9833333333333333,0,0,0,0
14,2,36.3,80,0.45375,0,0,0,1
19,1,8.8,30,0.29333333333333333,0,1,0,2
21,6,56.0,60,0.9333333333333333,1,0,0,0
21,2,92.4,100,0.924,0,0,0,0
15,4,24.8,30,0.8266666666666667,0,0,0,0
19,2,19.3,60,0.32166666666666666,0,1,0,2
15,1,45.8,60,0.7633333333333333,0,0,0,0
2,5,72.4,80,0.905,0,0,1,0
19,2,43.5,100,0.435,0,1,0,2
16,1,23.8,30,0.7933333333333333,0,0,0,0
5,1,54.0,60,0.9,0,0,1,0
23,4,45.0,50,0.9,0,0,1,0
19,4,54.4,80,0.6799999999999999,0,1,0,1
10,7,28.7,60,0.47833333333333333,1,0,0,1
15,7,20.8,30,0.6933333333333334,1,0,0,1
21,7,48.9,50,0.978,1,0,0,0
19,3,20.8,100,0.20800000000000002,0,1,0,2
12,2,32.1,50,0.642,0,0,0,1
7,6,10.2,30,0.33999999999999997,1,1,0,2
20,3,42.0,60,0.7,0,0,0,1
19,4,54.2,100,0.542,0,1,0,1
20,2,78.4,100,0.784,0,0,0,0
8,2,31.6,100,0.316,0,1,0,2
3,2,11.2,50,0.22399999999999998,0,0,1,2
19,1,26.3,60,0.43833333333333335,0,1,0,2
20,4,47.8,60,0.7966666666666666,0,0,0,0
12,5,56.5,80,0.70625,0,0,0,1
17,5,30.1,50,0.602,0,1,0,1
4,2,59.5,60,0.9916666666666667,0,0,1,0
15,7,17.7,50,0.354,1,0,0,2
3,1,49.8,50,0.996,0,0,1,0
13,5,52.5,60,0.875,0,0,0,0
14,6,14.7,60,0.245,1,0,0,2
9,6,51.0,60,0.85,1,1,0,0
0,1,59.3,60,0.9883333333333333,0,0,1,0
11,3,17.7,60,0.295,0,0,0,2
2,6,4.5,30,0.15,1,0,1,2
14,3,96.1,100,0.961,0,0,0,0
18,3,18.3,50,0.366,0,1,0,2
0,2,49.1,60,0.8183333333333334,0,0,1,0
20,7,47.0,60,0.7833333333333333,1,0,0,0
6,3,69.8,80,0.8724999999999999,0,0,0,0
2,1,89.8,100,0.898,0,0,1,0
10,4,38.7,80,0.48375,0,0,0,1
20,4,17.7,50,0.354,0,0,0,2
12,2,49.9,60,0.8316666666666667,0,0,0,0
12,7,16.8,50,0.336,1,0,0,2
12,7,55.7,80,0.69625,1,0,0,1
16,7,52.2,60,0.87,1,0,0,0
23,4,45.9,60,0.765,0,0,1,0
4,4,93.4,100,0.934,0,0,1,0
14,3,48.2,60,0.8033333333333333,0,0,0,0
17,3,27.3,50,0.546,0,1,0,1
1,6,70.0,80,0.875,1,0,1,0
23,1,26.9,30,0.8966666666666666,0,0,1,0
10,3,42.4,80,0.53,0,0,0,1
20,5,13.7,60,0.22833333333333333,0,0,0,2
1,7,52.3,60,0.8716666666666666,1,0,1,0
11,3,39.5,80,0.49375,0,0,0,1
14,2,93.5,100,0.935,0,0,0,0
13,2,40.0,60,0.6666666666666666,0,0,0,1
13,7,29.9,80,0.37374999999999997,1,0,0,2
7,3,16.0,60,0.26666666666666666,0,1,0,2
7,3,19.4,50,0.38799999999999996,0,1,0,2
21,5,67.8,100,0.6779999999999999,0,0,0,1
18,4,4.6,30,0.15333333333333332,0,1,0,2
6,3,88.2,100,0.882,0,0,0,0
10,1,44.4,60,0.74,0,0,0,1
2,2,99.8,100,0.998,0,0,1,0
11,3,70.1,80,0.87625,0,0,0,0
12,7,68.1,100,0.6809999999999999,1,0,0,1
20,1,38.1,80,0.47625,0,0,0,1
2,3,81.9,100,0.8190000000000001,0,0,1,0
22,7,75.0,100,0.75,1,0,1,0
14,5,43.9,80,0.54875,0,0,0,1
3,4,56.2,60,0.9366666666666668,0,0,1,0
13,6,6.9,60,0.115,1,0,0,2
10,7,6.2,50,0.124,1,0,0,2
2,1,25.2,30,0.84,0,0,1,0
4,1,60.3,80,0.7537499999999999,0,0,1,0
9,5,37.2,100,0.37200000000000005,0,1,0,2
6,5,65.8,80,0.8225,0,0,0,0
8,3,36.1,80,0.45125000000000004,0,1,0,1
3,3,35.7,60,0.5950000000000001,0,0,1,1
21,6,87.6,100,0.8759999999999999,1,0,0,0
19,4,49.0,80,0.6125,0,1,0,1
2,6,56.4,60,0.94,1,0,1,0
23,4,47.0,60,0.7833333333333333,0,0,1,0
14,1,40.9,50,0.818,0,0,0,0
18,1,48.6,60,0.81,0,1,0,0
0,2,40.7,60,0.6783333333333333,0,0,1,1
5,5,25.0,30,0.8333333333333334,0,0,1,0
21,6,32.9,80,0.41125,1,0,0,2
12,3,34.2,50,0.684,0,0,0,1
14,2,46.5,60,0.775,0,0,0,0
9,6,59.0,60,0.9833333333333333,1,1,0,0
2,2,56.7,60,0.9450000000000001,0,0,1,0
16,4,89.5,100,0.895,0,0,0,0
17,2,26.5,50,0.53,0,1,0,1
18,2,23.9,30,0.7966666666666666,0,1,0,0
22,2,50.6,60,0.8433333333333334,0,0,1,0
2,5,26.8,30,0.8933333333333333,0,0,1,0
3,6,48.9,60,0.815,1,0,1,0
21,5,49.4,50,0.988,0,0,0,0
7,1,19.8,60,0.33,0,1,0,2
13,1,46.0,60,0.7666666666666667,0,0,0,0
8,4,20.8,60,0.3466666666666667,0,1,0,2
20,4,55.9,60,0.9316666666666666,0,0,0,0
15,7,47.2,50,0.9440000000000001,1,0,0,0
13,5,37.6,50,0.752,0,0,0,0
18,5,20.0,60,0.3333333333333333,0,1,0,2
7,3,37.4,60,0.6233333333333333,0,1,0,1
10,6,10.4,50,0.20800000000000002,1,0,0,2
12,4,21.9,30,0.73,0,0,0,1
8,2,6.6,50,0.132,0,1,0,2
18,6,56.6,60,0.9433333333333334,1,1,0,0
18,4,37.6,60,0.6266666666666667,0,1,0,1
17,2,37.4,60,0.6233333333333333,0,1,0,1
22,6,56.6,60,0.9433333333333334,1,0,1,0
13,2,40.8,50,0.816,0,0,0,0
21,2,8.2,30,0.2733333333333333,0,0,0,2
16,1,34.5,60,0.575,0,0,0,1
6,6,52.4,60,0.8733333333333333,1,0,0,0
14,5,51.6,60,0.86,0,0,0,0
14,7,41.8,80,0.5225,1,0,0,1
21,1,65.1,100,0.6509999999999999,0,0,0,1
18,3,6.5,50,0.13,0,1,0,2
18,7,66.5,100,0.665,1,1,0,1
5,7,46.9,50,0.938,1,0,1,0
17,7,36.1,80,0.45125000000000004,1,1,0,1
12,4,35.5,50,0.71,0,0,0,1
5,2,57.2,80,0.7150000000000001,0,0,1,1
21,1,52.6,60,0.8766666666666667,0,0,0,0
18,1,8.9,30,0.2966666666666667,0,1,0,2
22,2,97.4,100,0.9740000000000001,0,0,1,0
21,2,95.4,100,0.9540000000000001,0,0,0,0
17,2,11.8,80,0.14750000000000002,0,1,0,2
20,6,45.3,60,0.755,1,0,0,0
10,4,52.5,60,0.875,0,0,0,0
22,4,50.4,60,0.84,0,0,1,0
21,3,31.9,60,0.5316666666666666,0,0,0,1
10,4,48.7,60,0.8116666666666668,0,0,0,0
3,1,59.5,60,0.9916666666666667,0,0,1,0
6,7,58.5,60,0.975,1,0,0,0
1,5,41.0,60,0.6833333333333333,0,0,1,1
4,4,71.1,80,0.8887499999999999,0,0,1,0
1,3,14.9,30,0.4966666666666667,0,0,1,1
7,4,29.5,60,0.49166666666666664,0,1,0,1
4,4,61.5,80,0.76875,0,0,1,0
4,2,40.4,50,0.8079999999999999,0,0,1,0
10,2,35.8,50,0.716,0,0,0,1
13,4,5.3,50,0.106,0,0,0,2
3,4,54.9,60,0.9149999999999999,0,0,1,0
14,3,38.2,60,0.6366666666666667,0,0,0,1
12,7,6.7,30,0.22333333333333333,1,0,0,2
0,5,99.1,100,0.991,0,0,1,0
19,4,30.5,60,0.5083333333333333,0,1,0,1
12,5,47.2,60,0.7866666666666667,0,0,0,0
17,6,19.7,60,0.3283333333333333,1,1,0,2
16,3,15.7,50,0.314,0,0,0,2
14,7,59.5,60,0.9916666666666667,1,0,0,0
10,1,39.0,50,0.78,0,0,0,0
6,2,58.6,60,0.9766666666666667,0,0,0,0
9,7,77.5,100,0.775,1,1,0,0
14,6,10.4,60,0.17333333333333334,1,0,0,2
17,6,48.1,100,0.48100000000000004,1,1,0,1
17,6,9.0,80,0.1125,1,1,0,2
2,1,44.7,50,0.894,0,0,1,0
19,4,8.2,60,0.13666666666666666,0,1,0,2
15,4,89.9,100,0.899,0,0,0,0
19,3,14.7,60,0.245,0,1,0,2
5,4,17.8,50,0.35600000000000004,0,0,1,2
10,3,52.0,60,0.8666666666666667,0,0,0,0
20,2,34.7,50,0.6940000000000001,0,0,0,1
18,6,55.5,80,0.69375,1,1,0,1
4,1,99.6,100,0.996,0,0,1,0
9,3,11.4,50,0.228,0,1,0,2
4,4,49.1,60,0.8183333333333334,0,0,1,0
15,2,43.0,100,0.43,0,0,0,2
11,3,29.2,60,0.48666666666666664,0,0,0,1
0,4,25.0,50,0.5,0,0,1,1
14,5,28.9,60,0.48166666666666663,0,0,0,1
16,7,82.4,100,0.8240000000000001,1,0,0,0
14,5,45.5,50,0.91,0,0,0,0
21,3,57.0,60,0.95,0,0,0,0
18,1,3.7,30,0.12333333333333334,0,1,0,2
17,1,14.4,80,0.18,0,1,0,2
11,6,30.1,50,0.602,1,0,0,1
12,6,11.5,60,0.19166666666666668,1,0,0,2
21,6,36.4,100,0.364,1,0,0,2
1,5,55.2,60,0.92,0,0,1,0
4,7,81.8,100,0.818,1,0,1,0
21,5,83.1,100,0.831,0,0,0,0
1,4,46.0,60,0.7666666666666667,0,0,1,0
14,6,25.4,60,0.4233333333333333,1,0,0,2
6,3,6.7,60,0.11166666666666666,0,0,0,2
7,5,16.9,60,0.2816666666666666,0,1,0,2
4,1,34.9,60,0.5816666666666667,0,0,1,1
12,3,28.9,30,0.9633333333333333,0,0,0,0
11,4,29.7,50,0.594,0,0,0,1
1,4,63.7,80,0.79625,0,0,1,0
1,4,52.2,60,0.87,0,0,1,0
14,4,20.8,50,0.41600000000000004,0,0,0,2
18,1,9.4,30,0.31333333333333335,0,1,0,2
8,6,46.9,100,0.469,1,1,0,1
20,5,34.1,60,0.5683333333333334,0,0,0,1
0,4,50.4,60,0.84,0,0,1,0
8,5,14.6,30,0.48666666666666664,0,1,0,1
19,7,78.6,100,0.7859999999999999,1,1,0,0
3,1,75.0,80,0.9375,0,0,1,0
4,3,6.9,60,0.115,0,0,1,2
20,6,34.7,60,0.5783333333333334,1,0,0,1
16,2,59.5,60,0.9916666666666667,0,0,0,0
6,1,40.4,60,0.6733333333333333,0,0,0,1
19,4,17.4,50,0.348,0,1,0,2
8,6,58.1,80,0.7262500000000001,1,1,0,1
20,5,32.7,60,0.545,0,0,0,1
0,6,59.1,80,0.73875,1,0,1,1
6,7,66.3,80,0.82875,1,0,0,0
17,5,30.4,80,0.38,0,1,0,2
20,1,42.3,50,0.846,0,0,0,0
23,5,13.0,30,0.43333333333333335,0,0,1,2
23,6,75.7,100,0.757,1,0,1,0
1,7,88.6,100,0.8859999999999999,1,0,1,0
12,7,48.2,50,0.9640000000000001,1,0,0,0
15,4,73.2,100,0.732,0,0,0,1
4,1,52.3,60,0.8716666666666666,0,0,1,0
2,5,59.3,60,0.9883333333333333,0,0,1,0
20,7,26.6,50,0.532,1,0,0,1
9,5,23.1,30,0.77,0,1,0,0
20,7,28.0,80,0.35,1,0,0,2
11,5,45.9,60,0.765,0,0,0,0
22,7,66.8,80,0.835,1,0,1,0
0,1,64.4,80,0.805,0,0,1,0
2,4,40.6,50,0.812,0,0,1,0
7,4,40.1,60,0.6683333333333333,0,1,0,1
12,6,58.5,60,0.975,1,0,0,0
3,2,46.3,80,0.57875,0,0,1,1
20,4,58.4,60,0.9733333333333333,0,0,0,0
8,1,23.6,80,0.29500000000000004,0,1,0,2
13,7,17.0,30,0.5666666666666667,1,0,0,1
13,7,26.0,50,0.52,1,0,0,1
0,1,58.1,60,0.9683333333333334,0,0,1,0
9,2,7.1,60,0.11833333333333333,0,1,0,2
10,6,34.4,60,0.5733333333333334,1,0,0,1
10,6,92.0,100,0.92,1,0,0,0
11,4,8.5,60,0.14166666666666666,0,0,0,2
13,2,15.5,80,0.19375,0,0,0,2
3,2,25.4,60,0.4233333333333333,0,0,1,2
14,7,15.0,60,0.25,1,0,0,2
6,5,22.0,80,0.275,0,0,0,2
7,6,47.8,60,0.7966666666666666,1,1,0,0
14,7,21.4,80,0.26749999999999996,1,0,0,2
1,1,60.8,80,0.76,0,0,1,0
9,5,26.0,60,0.43333333333333335,0,1,0,2
12,4,16.4,30,0.5466666666666666,0,0,0,1
18,7,11.8,60,0.19666666666666668,1,1,0,2
16,5,51.1,60,0.8516666666666667,0,0,0,0
22,1,83.5,100,0.835,0,0,1,0
8,5,13.9,30,0.4633333333333333,0,1,0,1
10,7,44.4,60,0.74,1,0,0,1
19,3,31.0,50,0.62,0,1,0,1
7,3,23.3,80,0.29125,0,1,0,2
0,4,58.4,60,0.9733333333333333,0,0,1,0
13,2,29.9,60,0.4983333333333333,0,0,0,1
11,7,26.1,100,0.261,1,0,0,2
23,7,60.9,100,0.609,1,0,1,1
0,4,37.6,50,0.752,0,0,1,0
21,4,59.2,60,0.9866666666666667,0,0,0,0
2,1,50.4,60,0.84,0,0,1,0
19,4,43.1,60,0.7183333333333334,0,1,0,1
23,3,66.9,80,0.83625,0,0,1,0
15,3,23.7,30,0.7899999999999999,0,0,0,0
4,3,44.5,50,0.89,0,0,1,0
18,3,5.9,50,0.11800000000000001,0,1,0,2
22,2,46.4,50,0.9279999999999999,0,0,1,0
2,6,51.1,80,0.63875,1,0,1,1
5,5,59.7,60,0.995,0,0,1,0
3,7,58.4,60,0.9733333333333333,1,0,1,0
15,5,47.1,60,0.785,0,0,0,0
1,3,56.0,80,0.7,0,0,1,1
17,5,51.9,80,0.6487499999999999,0,1,0,1
19,6,38.8,50,0.7759999999999999,1,1,0,0
8,4,61.8,80,0.7725,0,1,0,0
13,1,63.8,80,0.7975,0,0,0,0
15,4,56.1,60,0.935,0,0,0,0
1,3,41.5,50,0.83,0,0,1,0
12,7,48.1,60,0.8016666666666666,1,0,0,0
10,3,26.0,80,0.325,0,0,0,2
15,5,13.8,60,0.23,0,0,0,2
3,7,46.2,60,0.77,1,0,1,0
1,6,30.0,60,0.5,1,0,1,1
1,2,47.5,50,0.95,0,0,1,0
7,1,41.1,60,0.685,0,1,0,1
14,3,32.5,50,0.65,0,0,0,1
6,6,13.6,50,0.272,1,0,0,2
20,1,47.0,60,0.7833333333333333,0,0,0,0
0,3,48.7,50,0.9740000000000001,0,0,1,0
4,2,59.3,60,0.9883333333333333,0,0,1,0
15,4,39.4,80,0.4925,0,0,0,1
13,7,18.5,60,0.30833333333333335,1,0,0,2
21,6,46.3,50,0.9259999999999999,1,0,0,0
7,4,40.6,60,0.6766666666666666,0,1,0,1
19,6,29.2,60,0.48666666666666664,1,1,0,1
21,6,51.6,80,0.645,1,0,0,1
21,5,51.4,60,0.8566666666666667,0,0,0,0
21,6,59.3,60,0.9883333333333333,1,0,0,0
15,1,47.2,80,0.5900000000000001,0,0,0,1
5,2,28.7,30,0.9566666666666667,0,0,1,0
7,3,15.8,100,0.158,0,1,0,2
4,1,99.6,100,0.996,0,0,1,0
12,7,44.7,50,0.894,1,0,0,0
21,2,50.9,60,0.8483333333333333,0,0,0,0
13,7,50.2,80,0.6275000000000001,1,0,0,1
10,4,51.0,60,0.85,0,0,0,0
12,4,12.3,30,0.41000000000000003,0,0,0,2
20,2,52.4,60,0.8733333333333333,0,0,0,0
2,6,24.3,50,0.486,1,0,1,1
13,4,40.0,80,0.5,0,0,0,1
8,6,51.3,60,0.855,1,1,0,0
16,4,47.4,60,0.7899999999999999,0,0,0,0
12,7,20.8,30,0.6933333333333334,1,0,0,1
7,4,48.1,50,0.9620000000000001,0,1,0,0
18,1,21.2,100,0.212,0,1,0,2
13,5,51.1,100,0.511,0,0,0,1
11,6,39.4,60,0.6566666666666666,1,0,0,1
20,1,66.5,80,0.83125,0,0,0,0
21,7,27.8,50,0.556,1,0,0,1
23,7,99.7,100,0.997,1,0,1,0
23,7,52.8,60,0.88,1,0,1,0
9,3,5.8,30,0.19333333333333333,0,1,0,2
13,3,34.4,60,0.5733333333333334,0,0,0,1
19,3,35.9,60,0.5983333333333333,0,1,0,1
5,2,56.2,60,0.9366666666666668,0,0,1,0
2,3,78.9,80,0.9862500000000001,0,0,1,0
0,6,53.3,60,0.8883333333333333,1,0,1,0
1,4,60.6,80,0.7575000000000001,0,0,1,0
22,5,25.8,30,0.86,0,0,1,0
4,2,57.9,60,0.965,0,0,1,0
17,6,27.0,60,0.45,1,1,0,1
7,4,18.6,80,0.2325,0,1,0,2
13,3,88.3,100,0.883,0,0,0,0
6,6,54.6,80,0.6825,1,0,0,1
10,5,41.1,50,0.8220000000000001,0,0,0,0
6,7,94.4,100,0.9440000000000001,1,0,0,0
3,7,23.0,30,0.7666666666666667,1,0,1,0
18,5,10.9,60,0.18166666666666667,0,1,0,2
22,3,56.9,60,0.9483333333333334,0,0,1,0
10,5,27.5,80,0.34375,0,0,0,2
19,3,73.8,100,0.738,0,1,0,1
18,2,38.0,80,0.475,0,1,0,1
10,2,67.1,80,0.8387499999999999,0,0,0,0
5,3,39.2,50,0.784,0,0,1,0
18,6,59.2,60,0.9866666666666667,1,1,0,0
2,2,72.1,80,0.9012499999999999,0,0,1,0
14,6,29.6,100,0.29600000000000004,1,0,0,2
22,3,46.1,50,0.922,0,0,1,0
4,6,26.4,50,0.528,1,0,1,1
20,5,46.6,60,0.7766666666666667,0,0,0,0
17,7,25.7,30,0.8566666666666667,1,1,0,0
22,5,41.5,50,0.83,0,0,1,0
7,3,14.2,30,0.47333333333333333,0,1,0,1
16,5,58.1,60,0.9683333333333334,0,0,0,0
3,4,53.7,60,0.895,0,0,1,0
22,2,29.6,30,0.9866666666666667,0,0,1,0
15,7,12.7,80,0.15875,1,0,0,2
22,1,47.6,50,0.9520000000000001,0,0,1,0
11,6,52.8,60,0.88,1,0,0,0
15,2,10.7,50,0.214,0,0,0,2
15,3,46.2,50,0.924,0,0,0,0
3,7,68.8,80,0.86,1,0,1,0
10,1,34.1,50,0.682,0,0,0,1
16,4,44.1,60,0.735,0,0,0,1
12,6,35.6,50,0.7120000000000001,1,0,0,1
20,2,15.9,30,0.53,0,0,0,1
4,4,57.2,60,0.9533333333333334,0,0,1,0
6,7,49.1,50,0.982,1,0,0,0
12,5,21.2,30,0.7066666666666667,0,0,0,1
11,2,66.8,80,0.835,0,0,0,0
8,6,31.1,60,0.5183333333333333,1,1,0,1
23,1,76.9,80,0.96125,0,0,1,0
0,5,29.8,30,0.9933333333333334,0,0,1,0
13,4,10.6,30,0.35333333333333333,0,0,0,2
12,5,43.9,50,0.878,0,0,0,0
22,1,56.4,60,0.94,0,0,1,0
0,2,46.0,60,0.7666666666666667,0,0,1,0
23,7,58.6,80,0.7325,1,0,1,1
1,1,41.5,50,0.83,0,0,1,0
13,1,33.7,60,0.5616666666666668,0,0,0,1
8,2,33.9,50,0.6779999999999999,0,1,0,1
23,6,61.5,80,0.76875,1,0,1,0
1,4,58.4,60,0.9733333333333333,0,0,1,0
13,4,32.8,50,0.6559999999999999,0,0,0,1
13,1,65.2,80,0.8150000000000001,0,0,0,0
8,1,21.1,60,0.3516666666666667,0,1,0,2
11,2,32.3,100,0.32299999999999995,0,0,0,2
2,1,79.9,100,0.799,0,0,1,0
15,3,23.4,30,0.7799999999999999,0,0,0,0
13,5,38.5,80,0.48125,0,0,0,1
10,6,7.4,60,0.12333333333333334,1,0,0,2
23,5,48.1,60,0.8016666666666666,0,0,1,0
3,5,54.0,60,0.9,0,0,1,0
4,5,69.4,80,0.8675,0,0,1,0
1,6,25.3,30,0.8433333333333334,1,0,1,0
22,4,47.0,100,0.47,0,0,1,1
5,6,54.0,60,0.9,1,0,1,0
0,5,27.3,30,0.91,0,0,1,0
19,2,24.0,60,0.4,0,1,0,2
3,1,16.2,80,0.20249999999999999,0,0,1,2
7,3,11.2,80,0.13999999999999999,0,1,0,2
19,7,12.7,30,0.4233333333333333,1,1,0,2
9,4,8.7,60,0.145,0,1,0,2
4,7,52.9,60,0.8816666666666666,1,0,1,0
16,7,38.3,100,0.38299999999999995,1,0,0,2
8,2,24.5,60,0.4083333333333333,0,1,0,2
21,4,27.2,50,0.544,0,0,0,1
19,1,31.0,80,0.3875,0,1,0,2
13,2,87.3,100,0.873,0,0,0,0
1,5,24.2,30,0.8066666666666666,0,0,1,0
13,3,43.2,50,0.8640000000000001,0,0,0,0
20,3,45.2,50,0.904,0,0,0,0
18,5,15.4,80,0.1925,0,1,0,2
1,5,76.9,80,0.96125,0,0,1,0
22,6,23.6,30,0.7866666666666667,1,0,1,0
17,3,5.4,50,0.10800000000000001,0,1,0,2
7,3,14.5,60,0.24166666666666667,0,1,0,2
19,4,12.3,60,0.20500000000000002,0,1,0,2
9,5,61.0,80,0.7625,0,1,0,0
16,4,33.5,60,0.5583333333333333,0,0,0,1
1,6,79.7,80,0.9962500000000001,1,0,1,0
13,3,42.7,60,0.7116666666666667,0,0,0,1
6,3,77.6,80,0.97,0,0,0,0
18,7,49.6,60,0.8266666666666667,1,1,0,0
18,7,11.8,60,0.19666666666666668,1,1,0,2
17,7,29.1,60,0.48500000000000004,1,1,0,1
7,5,97.4,100,0.9740000000000001,0,1,0,0
3,4,57.4,60,0.9566666666666667,0,0,1,0
8,4,41.6,60,0.6933333333333334,0,1,0,1
9,7,56.6,60,0.9433333333333334,1,1,0,0
19,6,13.8,60,0.23,1,1,0,2
23,2,42.6,50,0.852,0,0,1,0
20,5,39.0,50,0.78,0,0,0,0
20,1,76.5,80,0.95625,0,0,0,0
3,1,46.1,60,0.7683333333333333,0,0,1,0
18,4,23.1,60,0.385,0,1,0,2
5,1,97.0,100,0.97,0,0,1,0
13,1,48.5,60,0.8083333333333333,0,0,0,0
6,7,39.3,50,0.7859999999999999,1,0,0,0
14,5,31.3,50,0.626,0,0,0,1
15,6,34.2,50,0.684,1,0,0,1
0,5,62.9,80,0.78625,0,0,1,0
20,6,26.5,80,0.33125,1,0,0,2
10,2,78.9,100,0.789,0,0,0,0
23,7,76.9,80,0.96125,1,0,1,0
20,6,54.1,60,0.9016666666666667,1,0,0,0
20,7,53.1,60,0.885,1,0,0,0
11,4,49.2,60,0.8200000000000001,0,0,0,0
2,3,40.1,60,0.6683333333333333,0,0,1,1
0,3,52.5,60,0.875,0,0,1,0
5,4,39.0,50,0.78,0,0,1,0
8,6,48.3,60,0.8049999999999999,1,1,0,0
22,3,76.0,80,0.95,0,0,1,0
0,5,71.0,80,0.8875,0,0,1,0
8,6,86.0,100,0.86,1,1,0,0
22,7,67.7,80,0.8462500000000001,1,0,1,0
0,6,82.1,100,0.821,1,0,1,0
19,5,20.8,50,0.41600000000000004,0,1,0,2
9,1,14.6,60,0.24333333333333332,0,1,0,2
12,4,83.1,100,0.831,0,0,0,0
10,4,36.1,50,0.722,0,0,0,1
5,6,23.3,30,0.7766666666666667,1,0,1,0
0,4,68.6,80,0.8574999999999999,0,0,1,0
22,4,24.5,30,0.8166666666666667,0,0,1,0
11,4,45.6,60,0.76,0,0,0,0
9,7,98.0,100,0.98,1,1,0,0
20,3,49.1,60,0.8183333333333334,0,0,0,0
19,6,10.4,80,0.13,1,1,0,2
15,4,75.2,80,0.9400000000000001,0,0,0,0
16,7,45.9,80,0.57375,1,0,0,1
12,6,14.5,60,0.24166666666666667,1,0,0,2
21,1,47.6,80,0.595,0,0,0,1
23,3,49.4,50,0.988,0,0,1,0
22,7,57.1,60,0.9516666666666667,1,0,1,0
11,2,45.6,80,0.5700000000000001,0,0,0,1
0,5,77.3,80,0.9662499999999999,0,0,1,0
4,5,50.8,60,0.8466666666666666,0,0,1,0
19,2,37.8,60,0.63,0,1,0,1
22,5,56.6,60,0.9433333333333334,0,0,1,0
17,4,26.0,50,0.52,0,1,0,1
3,3,76.7,80,0.95875,0,0,1,0
2,7,19.7,50,0.39399999999999996,1,0,1,2
20,1,58.2,60,0.9700000000000001,0,0,0,0
5,1,48.5,50,0.97,0,0,1,0
20,4,27.7,60,0.46166666666666667,0,0,0,1
4,1,29.5,30,0.9833333333333333,0,0,1,0
23,6,71.6,80,0.8949999999999999,1,0,1,0
10,3,27.1,50,0.542,0,0,0,1
22,2,50.7,60,0.8450000000000001,0,0,1,0
21,4,47.3,50,0.946,0,0,0,0
20,6,27.0,30,0.9,1,0,0,0
10,1,75.6,100,0.7559999999999999,0,0,0,0
8,6,43.6,50,0.872,1,1,0,0
1,3,84.7,100,0.847,0,0,1,0
22,2,60.6,80,0.7575000000000001,0,0,1,0
8,6,58.1,60,0.9683333333333334,1,1,0,0
13,1,25.8,60,0.43,0,0,0,2
10,3,24.4,50,0.488,0,0,0,1
6,7,48.9,50,0.978,1,0,0,0
7,6,41.2,50,0.8240000000000001,1,1,0,0
17,4,16.3,50,0.326,0,1,0,2
0,7,56.2,60,0.9366666666666668,1,0,1,0
10,5,45.0,60,0.75,0,0,0,0
15,2,60.1,80,0.75125,0,0,0,0
14,6,27.8,60,0.4633333333333333,1,0,0,1
1,2,51.1,60,0.8516666666666667,0,0,1,0
19,1,24.5,50,0.49,0,1,0,1
19,2,12.5,50,0.25,0,1,0,2
11,1,53.4,60,0.89,0,0,0,0
15,1,52.8,60,0.88,0,0,0,0
8,4,15.4,60,0.25666666666666665,0,1,0,2
23,5,42.5,50,0.85,0,0,1,0
21,3,67.5,80,0.84375,0,0,0,0
0,3,57.9,60,0.965,0,0,1,0
19,2,47.7,60,0.795,0,1,0,0
4,7,38.9,100,0.389,1,0,1,2
16,5,56.4,100,0.564,0,0,0,1
2,5,45.6,50,0.912,0,0,1,0
4,6,18.9,60,0.315,1,0,1,2
16,4,49.7,50,0.9940000000000001,0,0,0,0
22,7,37.5,60,0.625,1,0,1,1
3,2,59.0,60,0.9833333333333333,0,0,1,0
22,3,68.6,100,0.6859999999999999,0,0,1,1
4,3,62.7,80,0.7837500000000001,0,0,1,0
11,1,7.9,60,0.13166666666666668,0,0,0,2
21,1,28.4,60,0.47333333333333333,0,0,0,1
6,7,36.1,60,0.6016666666666667,1,0,0,1
15,6,29.4,80,0.3675,1,0,0,2
2,6,28.1,30,0.9366666666666668,1,0,1,0
8,3,48.6,100,0.486,0,1,0,1
5,1,97.0,100,0.97,0,0,1,0
0,6,46.2,60,0.77,1,0,1,0
13,1,31.1,50,0.622,0,0,0,1
0,2,40.6,50,0.812,0,0,1,0
7,2,25.5,60,0.425,0,1,0,2
4,4,54.5,60,0.9083333333333333,0,0,1,0
17,4,21.1,60,0.3516666666666667,0,1,0,2
3,4,27.9,60,0.46499999999999997,0,0,1,1
12,6,78.9,100,0.789,1,0,0,0
6,1,72.0,80,0.9,0,0,0,0
13,5,10.0,60,0.16666666666666666,0,0,0,2
5,1,49.5,60,0.825,0,0,1,0
6,5,82.7,100,0.8270000000000001,0,0,0,0
18,5,54.2,60,0.9033333333333334,0,1,0,0
12,4,22.6,50,0.452,0,0,0,1
21,4,53.2,60,0.8866666666666667,0,0,0,0
9,4,15.3,80,0.19125,0,1,0,2
21,4,70.5,80,0.88125,0,0,0,0
6,2,15.2,50,0.304,0,0,0,2
23,7,23.1,80,0.28875,1,0,1,2
13,5,11.3,30,0.3766666666666667,0,0,0,2
16,3,9.7,60,0.16166666666666665,0,0,0,2
17,4,6.9,60,0.115,0,1,0,2
3,1,27.6,50,0.552,0,0,1,1
9,7,59.0,60,0.9833333333333333,1,1,0,0
0,3,49.9,60,0.8316666666666667,0,0,1,0
13,4,21.9,50,0.43799999999999994,0,0,0,2
16,4,43.3,60,0.7216666666666666,0,0,0,1
7,2,20.1,30,0.67,0,1,0,1
8,5,18.3,50,0.366,0,1,0,2
1,7,75.6,80,0.945,1,0,1,0
15,7,29.6,50,0.5920000000000001,1,0,0,1
2,1,88.6,100,0.8859999999999999,0,0,1,0
22,6,26.5,30,0.8833333333333333,1,0,1,0
12,1,58.9,100,0.589,0,0,0,1
5,3,45.0,60,0.75,0,0,1,0
19,6,10.3,80,0.12875,1,1,0,2
23,5,45.2,60,0.7533333333333334,0,0,1,0
3,1,43.3,50,0.866,0,0,1,0
21,2,76.9,80,0.96125,0,0,0,0
16,2,20.3,60,0.3383333333333333,0,0,0,2
14,1,50.2,60,0.8366666666666667,0,0,0,0
21,2,58.2,60,0.9700000000000001,0,0,0,0
19,6,24.5,60,0.4083333333333333,1,1,0,2
8,7,36.4,50,0.728,1,1,0,1
19,1,10.7,60,0.17833333333333332,0,1,0,2
9,7,14.8,60,0.24666666666666667,1,1,0,2
17,4,12.3,50,0.24600000000000002,0,1,0,2
8,2,48.5,50,0.97,0,1,0,0
16,3,73.2,80,0.915,0,0,0,0
17,7,58.7,60,0.9783333333333334,1,1,0,0
4,2,55.3,60,0.9216666666666666,0,0,1,0
11,1,35.1,50,0.7020000000000001,0,0,0,1
0,4,27.3,60,0.455,0,0,1,1
23,7,45.2,60,0.7533333333333334,1,0,1,0
3,7,47.7,50,0.9540000000000001,1,0,1,0
5,2,47.9,50,0.958,0,0,1,0
15,7,29.3,80,0.36625,1,0,0,2
23,7,51.9,60,0.865,1,0,1,0
4,7,46.9,50,0.938,1,0,1,0
7,1,14.1,80,0.17625,0,1,0,2
5,4,49.8,60,0.83,0,0,1,0
10,4,60.8,80,0.76,0,0,0,0
21,5,59.7,100,0.597,0,0,0,1
21,6,60.5,80,0.75625,1,0,0,0
22,5,99.8,100,0.998,0,0,1,0
21,3,53.9,60,0.8983333333333333,0,0,0,0
5,5,57.2,60,0.9533333333333334,0,0,1,0
19,4,5.6,30,0.18666666666666665,0,1,0,2
1,1,38.8,50,0.7759999999999999,0,0,1,0
6,4,7.0,30,0.23333333333333334,0,0,0,2
0,6,25.5,100,0.255,1,0,1,2
23,7,48.5,50,0.97,1,0,1,0
2,4,85.5,100,0.855,0,0,1,0
7,3,14.5,60,0.24166666666666667,0,1,0,2
8,5,27.2,60,0.4533333333333333,0,1,0,1
13,6,18.7,60,0.31166666666666665,1,0,0,2
4,1,52.8,60,0.88,0,0,1,0
3,5,57.4,60,0.9566666666666667,0,0,1,0
10,5,74.2,80,0.9275,0,0,0,0
23,4,23.5,50,0.47,0,0,1,1
18,5,31.3,50,0.626,0,1,0,1
17,1,63.9,80,0.79875,0,1,0,0
5,3,46.9,60,0.7816666666666666,0,0,1,0
5,4,64.5,80,0.80625,0,0,1,0
11,1,71.8,80,0.8975,0,0,0,0
10,1,57.7,60,0.9616666666666667,0,0,0,0
4,7,23.9,30,0.7966666666666666,1,0,1,0
23,1,40.5,50,0.81,0,0,1,0
7,1,26.4,60,0.44,0,1,0,2
11,6,53.5,80,0.66875,1,0,0,1
22,1,24.1,30,0.8033333333333333,0,0,1,0
15,7,36.6,60,0.61,1,0,0,1
11,3,12.5,60,0.20833333333333334,0,0,0,2
7,1,33.6,60,0.56,0,1,0,1
21,4,92.8,100,0.9279999999999999,0,0,0,0
4,5,14.7,30,0.49,0,0,1,1
3,6,27.4,30,0.9133333333333333,1,0,1,0
8,5,22.1,60,0.36833333333333335,0,1,0,2
10,1,24.9,50,0.498,0,0,0,1
16,7,47.0,100,0.47,1,0,0,1
17,2,39.0,50,0.78,0,1,0,0
16,3,40.9,80,0.51125,0,0,0,1
1,4,58.5,60,0.975,0,0,1,0
1,2,34.9,60,0.5816666666666667,0,0,1,1
8,2,6.3,60,0.105,0,1,0,2
19,2,23.6,30,0.7866666666666667,0,1,0,0
3,4,72.5,80,0.90625,0,0,1,0
14,6,34.1,50,0.682,1,0,0,1
18,4,54.4,80,0.6799999999999999,0,1,0,1
19,4,8.4,80,0.10500000000000001,0,1,0,2
0,3,47.6,60,0.7933333333333333,0,0,1,0
10,2,45.3,60,0.755,0,0,0,0
18,2,18.5,30,0.6166666666666667,0,1,0,1
1,6,56.6,60,0.9433333333333334,1,0,1,0
14,1,26.7,80,0.33375,0,0,0,2
20,4,44.5,50,0.89,0,0,0,0
23,1,76.6,100,0.7659999999999999,0,0,1,0
22,7,72.4,80,0.905,1,0,1,0
1,6,58.0,60,0.9666666666666667,1,0,1,0
16,1,41.8,50,0.836,0,0,0,0
15,6,7.2,30,0.24000000000000002,1,0,0,2
19,1,30.9,80,0.38625,0,1,0,2
1,7,37.6,50,0.752,1,0,1,0
1,5,84.0,100,0.84,0,0,1,0
8,3,9.9,60,0.165,0,1,0,2
14,1,38.0,80,0.475,0,0,0,1
17,5,17.9,60,0.2983333333333333,0,1,0,2
12,3,19.8,30,0.66,0,0,0,1
7,7,50.6,60,0.8433333333333334,1,1,0,0
17,6,36.8,50,0.736,1,1,0,1
3,7,48.8,60,0.8133333333333332,1,0,1,0
23,4,27.0,30,0.9,0,0,1,0
12,6,27.0,50,0.54,1,0,0,1
15,3,21.2,30,0.7066666666666667,0,0,0,1
1,2,48.6,60,0.81,0,0,1,0
3,7,54.0,80,0.675,1,0,1,1
8,7,16.9,80,0.21125,1,1,0,2
21,2,58.3,60,0.9716666666666666,0,0,0,0
3,6,52.7,60,0.8783333333333334,1,0,1,0
9,7,93.8,100,0.938,1,1,0,0
5,4,29.6,50,0.5920000000000001,0,0,1,1
2,5,56.3,60,0.9383333333333332,0,0,1,0
18,5,16.9,50,0.33799999999999997,0,1,0,2
7,6,22.9,30,0.7633333333333333,1,1,0,0
4,6,48.1,60,0.8016666666666666,1,0,1,0
1,3,76.9,80,0.96125,0,0,1,0
4,5,84.9,100,0.8490000000000001,0,0,1,0
18,7,10.3,50,0.20600000000000002,1,1,0,2
8,4,12.5,60,0.20833333333333334,0,1,0,2
18,1,43.5,80,0.54375,0,1,0,1
15,6,5.8,50,0.11599999999999999,1,0,0,2
12,3,5.7,50,0.114,0,0,0,2
4,4,29.3,30,0.9766666666666667,0,0,1,0
1,2,48.5,60,0.8083333333333333,0,0,1,0
17,1,13.0,60,0.21666666666666667,0,1,0,2
13,5,38.4,60,0.64,0,0,0,1
23,7,55.6,60,0.9266666666666666,1,0,1,0
22,4,48.9,50,0.978,0,0,1,0
4,1,49.2,60,0.8200000000000001,0,0,1,0
14,7,10.6,50,0.212,1,0,0,2
3,6,20.0,60,0.3333333333333333,1,0,1,2
13,7,21.2,30,0.7066666666666667,1,0,0,1
3,4,45.0,50,0.9,0,0,1,0
22,7,61.3,80,0.76625,1,0,1,0
2,5,49.8,60,0.83,0,0,1,0
19,1,9.4,60,0.15666666666666668,0,1,0,2
9,4,28.5,50,0.57,0,1,0,1
13,1,12.9,50,0.258,0,0,0,2
0,7,48.4,50,0.968,1,0,1,0
5,7,77.2,80,0.9650000000000001,1,0,1,0
12,2,14.2,30,0.47333333333333333,0,0,0,1
4,2,30.1,50,0.602,0,0,1,1
4,4,24.8,30,0.8266666666666667,0,0,1,0
22,4,14.7,80,0.18375,0,0,1,2
19,5,19.6,50,0.392,0,1,0,2
11,7,71.1,100,0.711,1,0,0,1
23,1,60.4,80,0.755,0,0,1,0
0,5,4.2,30,0.14,0,0,1,2
21,5,69.7,80,0.8712500000000001,0,0,0,0
2,2,41.2,50,0.8240000000000001,0,0,1,0
13,5,43.0,60,0.7166666666666667,0,0,0,1
10,6,57.3,80,0.7162499999999999,1,0,0,1
6,3,63.8,80,0.7975,0,0,0,0
15,7,8.3,30,0.27666666666666667,1,0,0,2
4,6,7.8,60,0.13,1,0,1,2
14,6,20.9,60,0.34833333333333333,1,0,0,2
21,1,27.7,50,0.5539999999999999,0,0,0,1
2,1,58.9,60,0.9816666666666667,0,0,1,0
22,5,65.2,80,0.8150000000000001,0,0,1,0
3,1,28.0,30,0.9333333333333333,0,0,1,0
17,4,27.4,30,0.9133333333333333,0,1,0,0
12,2,23.6,60,0.39333333333333337,0,0,0,2
9,1,7.4,50,0.14800000000000002,0,1,0,2
21,7,23.3,60,0.38833333333333336,1,0,0,2
20,1,65.0,100,0.65,0,0,0,1
2,7,31.1,60,0.5183333333333333,1,0,1,1
7,3,68.3,80,0.85375,0,1,0,0
23,5,76.6,80,0.9574999999999999,0,0,1,0
0,7,27.8,50,0.556,1,0,1,1
12,7,23.9,50,0.478,1,0,0,1
8,1,38.2,80,0.47750000000000004,0,1,0,1
22,4,59.6,60,0.9933333333333334,0,0,1,0
21,5,72.5,80,0.90625,0,0,0,0
9,2,76.0,80,0.95,0,1,0,0
4,4,49.0,50,0.98,0,0,1,0
4,5,53.8,60,0.8966666666666666,0,0,1,0
14,1,53.8,60,0.8966666666666666,0,0,0,0
8,7,65.5,100,0.655,1,1,0,1
21,2,67.4,80,0.8425,0,0,0,0
15,5,35.1,80,0.43875000000000003,0,0,0,2
19,4,92.7,100,0.927,0,1,0,0
16,2,38.9,50,0.778,0,0,0,0
2,6,48.2,60,0.8033333333333333,1,0,1,0
4,7,28.8,60,0.48000000000000004,1,0,1,1
17,3,24.8,100,0.248,0,1,0,2
14,7,35.1,80,0.43875000000000003,1,0,0,2
15,6,24.4,50,0.488,1,0,0,1
5,3,53.8,60,0.8966666666666666,0,0,1,0
11,3,54.1,60,0.9016666666666667,0,0,0,0
16,2,23.3,60,0.38833333333333336,0,0,0,2
23,1,55.5,60,0.925,0,0,1,0
10,7,36.8,60,0.6133333333333333,1,0,0,1
5,4,66.7,80,0.83375,0,0,1,0
22,5,74.2,80,0.9275,0,0,1,0
16,5,48.7,50,0.9740000000000001,0,0,0,0
17,4,4.6,30,0.15333333333333332,0,1,0,2
21,2,46.8,60,0.7799999999999999,0,0,0,0
2,5,41.7,60,0.6950000000000001,0,0,1,1
2,5,65.4,80,0.8175000000000001,0,0,1,0
11,1,29.1,30,0.9700000000000001,0,0,0,0
23,6,9.2,60,0.15333333333333332,1,0,1,2
23,5,47.3,60,0.7883333333333333,0,0,1,0
13,4,35.3,60,0.5883333333333333,0,0,0,1
19,4,24.0,60,0.4,0,1,0,2
15,2,28.8,60,0.48000000000000004,0,0,0,1
23,5,59.8,60,0.9966666666666666,0,0,1,0
16,4,50.4,60,0.84,0,0,0,0
2,4,53.3,60,0.8883333333333333,0,0,1,0
19,1,69.3,80,0.86625,0,1,0,0
3,7,20.6,30,0.6866666666666668,1,0,1,1
0,1,54.6,60,0.91,0,0,1,0
12,7,80.0,80,1.0,1,0,0,0
19,4,11.3,60,0.18833333333333335,0,1,0,2
3,3,62.7,80,0.7837500000000001,0,0,1,0
7,7,38.1,50,0.762,1,1,0,0
3,4,69.7,80,0.8712500000000001,0,0,1,0
7,5,8.9,80,0.11125,0,1,0,2
8,5,24.0,60,0.4,0,1,0,2
2,4,36.2,80,0.4525,0,0,1,1
22,5,42.5,50,0.85,0,0,1,0
8,5,46.1,80,0.57625,0,1,0,1
21,6,72.4,80,0.905,1,0,0,0
0,3,44.6,50,0.892,0,0,1,0
5,4,41.2,50,0.8240000000000001,0,0,1,0
21,5,60.4,80,0.755,0,0,0,0
1,6,69.5,80,0.86875,1,0,1,0
8,6,54.4,60,0.9066666666666666,1,1,0,0
0,1,61.3,80,0.76625,0,0,1,0
20,7,60.3,100,0.603,1,0,0,1
4,7,55.4,60,0.9233333333333333,1,0,1,0
11,7,55.6,100,0.556,1,0,0,1
0,3,37.9,50,0.758,0,0,1,0
12,5,14.9,80,0.18625,0,0,0,2
22,5,55.5,60,0.925,0,0,1,0
3,1,96.8,100,0.968,0,0,1,0
9,6,75.3,80,0.9412499999999999,1,1,0,0
0,3,45.8,50,0.9159999999999999,0,0,1,0
5,5,51.4,60,0.8566666666666667,0,0,1,0
1,1,37.5,50,0.75,0,0,1,0
3,3,37.6,50,0.752,0,0,1,0
19,7,54.1,60,0.9016666666666667,1,1,0,0
10,4,22.2,30,0.74,0,0,0,1
3,2,25.2,30,0.84,0,0,1,0
9,5,30.1,50,0.602,0,1,0,1
0,4,66.4,80,0.8300000000000001,0,0,1,0
2,6,21.9,60,0.365,1,0,1,2
2,4,50.8,60,0.8466666666666666,0,0,1,0
8,6,32.7,50,0.654,1,1,0,1
23,5,73.4,80,0.9175000000000001,0,0,1,0
20,4,27.1,30,0.9033333333333334,0,0,0,0
15,1,91.0,100,0.91,0,0,0,0
1,6,45.1,50,0.902,1,0,1,0
8,5,10.9,50,0.218,0,1,0,2
4,4,48.9,60,0.815,0,0,1,0
23,5,66.8,80,0.835,0,0,1,0
13,5,43.7,60,0.7283333333333334,0,0,0,1
3,1,58.8,60,0.98,0,0,1,0
11,3,32.0,50,0.64,0,0,0,1
10,3,79.0,80,0.9875,0,0,0,0
15,2,32.4,100,0.324,0,0,0,2
20,5,23.3,30,0.7766666666666667,0,0,0,0
8,5,42.0,60,0.7,0,1,0,1
6,3,32.6,60,0.5433333333333333,0,0,0,1
15,3,17.7,60,0.295,0,0,0,2
12,3,17.3,30,0.5766666666666667,0,0,0,1
17,1,31.0,80,0.3875,0,1,0,2
6,5,98.6,100,0.986,0,0,0,0
16,3,63.6,80,0.795,0,0,0,0
6,1,42.0,50,0.84,0,0,0,0
10,7,69.8,80,0.8724999999999999,1,0,0,0
18,5,13.1,60,0.21833333333333332,0,1,0,2
17,4,11.3,50,0.226,0,1,0,2
16,4,49.1,50,0.982,0,0,0,0
23,1,78.2,80,0.9775,0,0,1,0
5,1,47.6,60,0.7933333333333333,0,0,1,0
4,1,59.4,60,0.99,0,0,1,0
1,7,77.8,80,0.9724999999999999,1,0,1,0
5,4,45.6,60,0.76,0,0,1,0
22,5,31.8,100,0.318,0,0,1,2
13,1,7.3,50,0.146,0,0,0,2
6,6,54.1,60,0.9016666666666667,1,0,0,0
4,4,66.0,80,0.825,0,0,1,0
22,1,67.3,100,0.6729999999999999,0,0,1,1
6,4,25.1,50,0.502,0,0,0,1
21,2,51.8,60,0.8633333333333333,0,0,0,0
4,1,69.5,80,0.86875,0,0,1,0
18,4,27.1,100,0.271,0,1,0,2
22,1,27.4,30,0.9133333333333333,0,0,1,0
20,2,17.8,30,0.5933333333333334,0,0,0,1
10,1,94.0,100,0.94,0,0,0,0
5,7,65.6,80,0.82,1,0,1,0
2,6,57.6,60,0.9600000000000001,1,0,1,0
3,2,71.1,80,0.8887499999999999,0,0,1,0
16,6,96.7,100,0.9670000000000001,1,0,0,0
12,2,25.9,60,0.43166666666666664,0,0,0,2
20,1,44.6,80,0.5575,0,0,0,1
10,2,56.4,60,0.94,0,0,0,0
6,4,68.9,80,0.8612500000000001,0,0,0,0
13,1,12.9,50,0.258,0,0,0,2
14,7,49.0,50,0.98,1,0,0,0
20,7,72.9,80,0.9112500000000001,1,0,0,0
18,1,21.0,50,0.42,0,1,0,2
10,2,23.1,30,0.77,0,0,0,0
14,3,6.4,60,0.10666666666666667,0,0,0,2
18,2,7.8,50,0.156,0,1,0,2
0,3,69.5,80,0.86875,0,0,1,0
15,7,98.4,100,0.9840000000000001,1,0,0,0
5,7,40.7,60,0.6783333333333333,1,0,1,1
18,5,49.0,80,0.6125,0,1,0,1
15,3,49.7,60,0.8283333333333334,0,0,0,0
10,3,30.0,60,0.5,0,0,0,1
4,4,86.2,100,0.862,0,0,1,0
2,2,79.3,80,0.99125,0,0,1,0
5,1,79.1,80,0.9887499999999999,0,0,1,0
4,7,64.7,80,0.8087500000000001,1,0,1,0
19,7,41.6,60,0.6933333333333334,1,1,0,1
21,6,50.2,60,0.8366666666666667,1,0,0,0
15,3,45.5,50,0.91,0,0,0,0
14,3,38.9,80,0.48624999999999996,0,0,0,1
6,3,28.4,60,0.47333333333333333,0,0,0,1
4,6,45.6,50,0.912,1,0,1,0
20,1,11.7,50,0.23399999999999999,0,0,0,2
20,3,49.5,50,0.99,0,0,0,0
1,7,42.1,50,0.8420000000000001,1,0,1,0
9,3,20.5,50,0.41,0,1,0,2
14,5,6.1,60,0.10166666666666666,0,0,0,2
9,1,15.9,60,0.265,0,1,0,2
20,7,78.6,80,0.9824999999999999,1,0,0,0
14,6,23.9,60,0.3983333333333333,1,0,0,2
23,7,58.8,60,0.98,1,0,1,0
17,1,25.8,50,0.516,0,1,0,1
14,2,24.2,50,0.484,0,0,0,1
15,4,46.0,60,0.7666666666666667,0,0,0,0
4,4,45.7,50,0.914,0,0,1,0
18,4,13.9,50,0.278,0,1,0,2
4,4,68.6,80,0.8574999999999999,0,0,1,0
3,1,79.9,100,0.799,0,0,1,0
10,2,49.3,60,0.8216666666666667,0,0,0,0
14,6,17.9,80,0.22374999999999998,1,0,0,2
12,2,27.7,50,0.5539999999999999,0,0,0,1
13,7,72.7,80,0.9087500000000001,1,0,0,0
3,1,79.4,100,0.794,0,0,1,0
17,2,17.1,50,0.342,0,1,0,2
13,5,20.6,30,0.6866666666666668,0,0,0,1
10,5,3.4,30,0.11333333333333333,0,0,0,2
4,1,52.8,60,0.88,0,0,1,0
1,5,44.2,50,0.884,0,0,1,0
11,7,88.5,100,0.885,1,0,0,0
16,7,19.9,50,0.39799999999999996,1,0,0,2
23,2,90.4,100,0.904,0,0,1,0
12,4,53.6,100,0.536,0,0,0,1
8,4,17.4,60,0.29,0,1,0,2
2,6,76.5,80,0.95625,1,0,1,0
2,6,55.8,80,0.6975,1,0,1,1
12,6,13.5,50,0.27,1,0,0,2
10,2,74.0,80,0.925,0,0,0,0
23,2,27.6,50,0.552,0,0,1,1
5,3,54.4,60,0.9066666666666666,0,0,1,0
6,3,9.6,30,0.32,0,0,0,2
20,1,52.7,60,0.8783333333333334,0,0,0,0
6,3,28.8,50,0.5760000000000001,0,0,0,1
12,7,36.7,50,0.7340000000000001,1,0,0,1
11,3,36.8,60,0.6133333333333333,0,0,0,1
10,4,36.3,80,0.45375,0,0,0,1
14,5,44.1,60,0.735,0,0,0,1
23,4,45.6,60,0.76,0,0,1,0
7,5,19.4,60,0.3233333333333333,0,1,0,2
21,4,41.0,50,0.82,0,0,0,0
15,5,20.2,50,0.40399999999999997,0,0,0,2
20,1,50.7,60,0.8450000000000001,0,0,0,0
20,3,51.9,60,0.865,0,0,0,0
12,3,46.4,50,0.9279999999999999,0,0,0,0
23,7,49.7,60,0.8283333333333334,1,0,1,0
0,1,40.4,50,0.8079999999999999,0,0,1,0
13,4,39.9,60,0.6649999999999999,0,0,0,1
18,5,49.7,50,0.9940000000000001,0,1,0,0
14,1,41.0,100,0.41,0,0,0,2
21,2,33.2,50,0.664,0,0,0,1
16,7,34.9,50,0.698,1,0,0,1
2,3,39.3,50,0.7859999999999999,0,0,1,0
12,6,47.7,50,0.9540000000000001,1,0,0,0
2,5,54.8,60,0.9133333333333333,0,0,1,0
20,4,28.4,30,0.9466666666666667,0,0,0,0
20,2,58.1,80,0.7262500000000001,0,0,0,1
21,7,89.2,100,0.892,1,0,0,0
12,3,36.9,50,0.738,0,0,0,1
13,6,41.3,60,0.6883333333333332,1,0,0,1
22,6,49.8,60,0.83,1,0,1,0
9,1,39.1,60,0.6516666666666667,0,1,0,1
23,1,28.7,50,0.574,0,0,1,1
5,2,66.2,80,0.8275,0,0,1,0
8,4,9.6,50,0.192,0,1,0,2
15,2,68.4,80,0.8550000000000001,0,0,0,0
9,6,49.7,80,0.6212500000000001,1,1,0,1
10,3,73.1,100,0.731,0,0,0,1
11,1,17.2,80,0.215,0,0,0,2
5,5,29.7,30,0.99,0,0,1,0
13,2,40.3,60,0.6716666666666666,0,0,0,1
20,2,32.4,60,0.5399999999999999,0,0,0,1
19,2,9.8,60,0.16333333333333336,0,1,0,2
4,6,27.6,60,0.46,1,0,1,1
1,3,39.4,60,0.6566666666666666,0,0,1,1
21,7,82.3,100,0.823,1,0,0,0
13,4,52.5,80,0.65625,0,0,0,1
11,1,21.1,100,0.21100000000000002,0,0,0,2
17,7,48.5,50,0.97,1,1,0,0
4,3,99.8,100,0.998,0,0,1,0
17,3,32.6,60,0.5433333333333333,0,1,0,1
16,3,49.4,60,0.8233333333333334,0,0,0,0
23,3,43.2,50,0.8640000000000001,0,0,1,0
8,2,17.7,50,0.354,0,1,0,2
13,1,44.5,50,0.89,0,0,0,0
13,3,18.5,60,0.30833333333333335,0,0,0,2
12,7,52.3,80,0.6537499999999999,1,0,0,1
21,3,55.8,60,0.9299999999999999,0,0,0,0
21,1,38.4,60,0.64,0,0,0,1
19,5,11.3,80,0.14125000000000001,0,1,0,2
22,7,57.1,60,0.9516666666666667,1,0,1,0
2,2,70.9,80,0.8862500000000001,0,0,1,0
11,6,20.8,60,0.3466666666666667,1,0,0,2
2,1,45.6,60,0.76,0,0,1,0
19,6,15.5,30,0.5166666666666667,1,1,0,1
23,4,49.2,60,0.8200000000000001,0,0,1,0
2,2,98.4,100,0.9840000000000001,0,0,1,0
14,3,27.2,50,0.544,0,0,0,1
6,1,51.1,60,0.8516666666666667,0,0,0,0
21,4,99.9,100,0.9990000000000001,0,0,0,0
17,5,5.7,50,0.114,0,1,0,2
9,3,51.4,100,0.514,0,1,0,1
4,1,44.8,50,0.8959999999999999,0,0,1,0
3,5,24.0,80,0.3,0,0,1,2
3,1,56.6,60,0.9433333333333334,0,0,1,0
4,3,58.1,60,0.9683333333333334,0,0,1,0
13,7,33.9,60,0.565,1,0,0,1
7,6,26.3,30,0.8766666666666667,1,1,0,0
4,5,38.0,50,0.76,0,0,1,0
9,3,22.3,60,0.3716666666666667,0,1,0,2
10,7,8.4,80,0.10500000000000001,1,0,0,2
9,5,10.0,50,0.2,0,1,0,2
4,1,55.8,60,0.9299999999999999,0,0,1,0
12,2,42.5,100,0.425,0,0,0,2
17,3,25.9,50,0.518,0,1,0,1
18,2,8.4,50,0.168,0,1,0,2
15,5,23.6,50,0.47200000000000003,0,0,0,1
20,4,39.5,80,0.49375,0,0,0,1
5,3,74.7,80,0.9337500000000001,0,0,1,0
16,6,53.7,60,0.895,1,0,0,0
18,4,11.0,50,0.22,0,1,0,2
15,4,57.8,60,0.9633333333333333,0,0,0,0
23,1,55.4,60,0.9233333333333333,0,0,1,0
13,2,44.4,60,0.74,0,0,0,1
6,2,56.8,80,0.71,0,0,0,1
22,2,98.0,100,0.98,0,0,1,0
0,1,28.9,80,0.36124999999999996,0,0,1,2
15,6,48.3,60,0.8049999999999999,1,0,0,0
21,7,60.8,80,0.76,1,0,0,0
23,7,5.2,30,0.17333333333333334,1,0,1,2
16,4,13.0,30,0.43333333333333335,0,0,0,2
11,5,47.3,50,0.946,0,0,0,0
4,2,55.7,60,0.9283333333333333,0,0,1,0
22,3,56.1,60,0.935,0,0,1,0
7,7,19.3,30,0.6433333333333333,1,1,0,1
16,6,35.2,60,0.5866666666666667,1,0,0,1
4,7,68.0,80,0.85,1,0,1,0
2,7,68.1,100,0.6809999999999999,1,0,1,1
6,7,59.3,60,0.9883333333333333,1,0,0,0
8,7,32.0,80,0.4,1,1,0,2
23,1,75.2,100,0.752,0,0,1,0
14,2,23.0,60,0.38333333333333336,0,0,0,2
13,5,20.2,30,0.6733333333333333,0,0,0,1
14,5,39.3,60,0.6549999999999999,0,0,0,1
20,2,39.1,50,0.782,0,0,0,0
5,2,49.4,50,0.988,0,0,1,0
16,5,66.1,100,0.6609999999999999,0,0,0,1
11,4,45.9,50,0.9179999999999999,0,0,0,0
20,4,28.3,30,0.9433333333333334,0,0,0,0
15,1,50.4,80,0.63,0,0,0,1
16,5,50.4,60,0.84,0,0,0,0
3,7,15.4,50,0.308,1,0,1,2
10,5,27.6,60,0.46,0,0,0,1
10,3,56.8,60,0.9466666666666667,0,0,0,0
0,1,88.9,100,0.889,0,0,1,0
8,3,5.9,30,0.19666666666666668,0,1,0,2
15,5,24.0,50,0.48,0,0,0,1
8,5,25.5,50,0.51,0,1,0,1
15,1,42.4,60,0.7066666666666667,0,0,0,1
14,3,68.3,80,0.85375,0,0,0,0
21,6,65.8,80,0.8225,1,0,0,0
17,5,30.0,50,0.6,0,1,0,1
22,7,47.5,60,0.7916666666666666,1,0,1,0
10,7,53.2,60,0.8866666666666667,1,0,0,0
22,3,46.9,60,0.7816666666666666,0,0,1,0
16,6,39.1,60,0.6516666666666667,1,0,0,1
1,5,49.7,60,0.8283333333333334,0,0,1,0
22,6,10.9,60,0.18166666666666667,1,0,1,2
19,3,21.3,80,0.26625,0,1,0,2
15,3,58.2,60,0.9700000000000001,0,0,0,0
13,2,15.8,50,0.316,0,0,0,2
23,3,45.1,60,0.7516666666666667,0,0,1,0
21,5,35.9,50,0.718,0,0,0,1
6,4,48.7,80,0.60875,0,0,0,1
14,5,16.2,80,0.20249999999999999,0,0,0,2
3,2,54.0,60,0.9,0,0,1,0
19,5,34.6,100,0.34600000000000003,0,1,0,2
12,7,46.7,60,0.7783333333333334,1,0,0,0
14,4,57.4,60,0.9566666666666667,0,0,0,0
9,4,14.5,60,0.24166666666666667,0,1,0,2
6,2,55.6,60,0.9266666666666666,0,0,0,0
14,5,79.9,80,0.99875,0,0,0,0
23,4,48.4,60,0.8066666666666666,0,0,1,0
0,6,33.7,60,0.5616666666666668,1,0,1,1
14,1,20.3,50,0.406,0,0,0,2
23,2,61.7,80,0.77125,0,0,1,0
18,2,40.1,50,0.802,0,1,0,0
7,2,13.2,80,0.16499999999999998,0,1,0,2
1,5,45.9,60,0.765,0,0,1,0
5,5,81.9,100,0.8190000000000001,0,0,1,0
14,7,32.6,80,0.40750000000000003,1,0,0,2
18,2,9.3,50,0.18600000000000003,0,1,0,2
10,2,29.2,60,0.48666666666666664,0,0,0,1
12,3,25.1,30,0.8366666666666667,0,0,0,0
12,5,28.6,80,0.35750000000000004,0,0,0,2
8,3,16.3,60,0.27166666666666667,0,1,0,2
2,4,38.5,60,0.6416666666666667,0,0,1,1
11,2,41.2,80,0.515,0,0,0,1
18,1,25.8,60,0.43,0,1,0,2
14,3,22.6,50,0.452,0,0,0,1
5,6,39.9,50,0.7979999999999999,1,0,1,0
3,2,49.3,50,0.986,0,0,1,0
14,1,39.3,60,0.6549999999999999,0,0,0,1
20,3,66.2,80,0.8275,0,0,0,0
20,4,58.4,60,0.9733333333333333,0,0,0,0
20,7,24.2,50,0.484,1,0,0,1
11,6,55.9,80,0.69875,1,0,0,1
0,6,71.7,80,0.89625,1,0,1,0
7,2,35.6,50,0.7120000000000001,0,1,0,1
11,4,51.0,60,0.85,0,0,0,0
9,5,11.9,30,0.39666666666666667,0,1,0,2
15,3,28.2,50,0.564,0,0,0,1
20,1,25.4,80,0.3175,0,0,0,2
13,6,50.3,80,0.6287499999999999,1,0,0,1
10,4,89.4,100,0.894,0,0,0,0
8,6,57.5,60,0.9583333333333334,1,1,0,0
7,2,69.3,80,0.86625,0,1,0,0
14,6,42.9,50,0.858,1,0,0,0
17,3,19.7,60,0.3283333333333333,0,1,0,2
23,1,67.9,80,0.8487500000000001,0,0,1,0
14,3,26.0,30,0.8666666666666667,0,0,0,0
16,1,19.6,50,0.392,0,0,0,2
12,5,19.1,30,0.6366666666666667,0,0,0,1
12,2,33.3,60,0.5549999999999999,0,0,0,1
20,6,41.9,50,0.838,1,0,0,0
23,4,58.4,60,0.9733333333333333,0,0,1,0
11,3,39.9,50,0.7979999999999999,0,0,0,0
18,2,41.6,60,0.6933333333333334,0,1,0,1
19,5,45.1,80,0.56375,0,1,0,1
19,6,23.6,80,0.29500000000000004,1,1,0,2
8,1,18.4,60,0.30666666666666664,0,1,0,2
22,4,51.4,60,0.8566666666666667,0,0,1,0
9,5,94.2,100,0.9420000000000001,0,1,0,0
19,1,34.1,100,0.341,0,1,0,2
20,3,88.1,100,0.8809999999999999,0,0,0,0
12,2,46.6,100,0.466,0,0,0,1
22,2,49.6,60,0.8266666666666667,0,0,1,0
14,7,39.9,60,0.6649999999999999,1,0,0,1
11,4,47.7,60,0.795,0,0,0,0
9,3,6.4,60,0.10666666666666667,0,1,0,2
10,2,56.4,60,0.94,0,0,0,0
1,5,25.9,50,0.518,0,0,1,1
17,1,27.9,60,0.46499999999999997,0,1,0,1
16,3,23.6,30,0.7866666666666667,0,0,0,0
18,7,34.4,50,0.688,1,1,0,1
13,3,13.6,30,0.4533333333333333,0,0,0,1
15,1,39.0,50,0.78,0,0,0,0
23,5,79.9,80,0.99875,0,0,1,0
8,4,50.4,100,0.504,0,1,0,1
15,1,17.3,30,0.5766666666666667,0,0,0,1
0,6,56.3,60,0.9383333333333332,1,0,1,0
17,7,39.5,100,0.395,1,1,0,2
18,7,59.2,60,0.9866666666666667,1,1,0,0
0,4,29.1,30,0.9700000000000001,0,0,1,0
8,6,19.4,50,0.38799999999999996,1,1,0,2
8,2,31.3,50,0.626,0,1,0,1
22,5,35.6,50,0.7120000000000001,0,0,1,1
20,5,43.6,50,0.872,0,0,0,0
9,4,24.0,60,0.4,0,1,0,2
18,6,35.2,50,0.7040000000000001,1,1,0,1
19,5,11.1,30,0.37,0,1,0,2
16,1,28.1,30,0.9366666666666668,0,0,0,0
9,7,49.7,50,0.9940000000000001,1,1,0,0
15,7,44.5,50,0.89,1,0,0,0
13,4,70.0,100,0.7,0,0,0,1
19,1,28.3,30,0.9433333333333334,0,1,0,0
18,7,27.2,60,0.4533333333333333,1,1,0,1
23,6,55.3,60,0.9216666666666666,1,0,1,0
3,3,41.9,60,0.6983333333333334,0,0,1,1
23,6,52.2,60,0.87,1,0,1,0
5,7,30.4,50,0.608,1,0,1,1
5,3,45.2,60,0.7533333333333334,0,0,1,0
8,4,11.7,60,0.19499999999999998,0,1,0,2
11,5,34.4,50,0.688,0,0,0,1
6,3,34.2,50,0.684,0,0,0,1
1,1,28.5,30,0.95,0,0,1,0
18,7,28.2,50,0.564,1,1,0,1
17,3,20.8,60,0.3466666666666667,0,1,0,2
10,3,40.4,50,0.8079999999999999,0,0,0,0
5,7,78.9,100,0.789,1,0,1,0
2,6,41.8,50,0.836,1,0,1,0
14,6,30.6,50,0.612,1,0,0,1
12,1,14.8,50,0.29600000000000004,0,0,0,2
16,5,27.1,30,0.9033333333333334,0,0,0,0
5,3,92.8,100,0.9279999999999999,0,0,1,0
0,2,56.5,60,0.9416666666666667,0,0,1,0
2,3,73.0,80,0.9125,0,0,1,0
21,2,57.6,60,0.9600000000000001,0,0,0,0
21,6,79.0,80,0.9875,1,0,0,0
7,7,54.2,80,0.6775,1,1,0,1
3,1,58.4,60,0.9733333333333333,0,0,1,0
1,2,43.5,50,0.87,0,0,1,0
0,6,18.9,30,0.63,1,0,1,1
3,3,59.6,60,0.9933333333333334,0,0,1,0
13,2,10.7,50,0.214,0,0,0,2
6,5,15.6,60,0.26,0,0,0,2
14,1,15.1,30,0.5033333333333333,0,0,0,1
6,3,66.4,80,0.8300000000000001,0,0,0,0
12,5,59.1,80,0.73875,0,0,0,1
9,2,8.7,60,0.145,0,1,0,2
16,6,78.5,80,0.98125,1,0,0,0
8,1,23.7,80,0.29625,0,1,0,2
22,7,30.2,60,0.5033333333333333,1,0,1,1
9,1,99.4,100,0.9940000000000001,0,1,0,0
23,1,57.3,60,0.955,0,0,1,0
7,5,14.8,80,0.185,0,1,0,2
2,1,44.2,50,0.884,0,0,1,0
8,1,29.0,30,0.9666666666666667,0,1,0,0
17,4,12.5,60,0.20833333333333334,0,1,0,2
12,6,87.9,100,0.879,1,0,0,0
18,6,54.5,80,0.68125,1,1,0,1
18,1,28.9,50,0.578,0,1,0,1
3,4,75.2,80,0.9400000000000001,0,0,1,0
3,1,10.4,60,0.17333333333333334,0,0,1,2
17,1,5.9,50,0.11800000000000001,0,1,0,2
14,7,41.1,60,0.685,1,0,0,1
16,6,52.9,80,0.66125,1,0,0,1
16,5,12.1,30,0.4033333333333333,0,0,0,2
4,4,66.6,80,0.8324999999999999,0,0,1,0
17,3,39.2,100,0.392,0,1,0,2
8,7,26.9,30,0.8966666666666666,1,1,0,0
19,6,27.0,60,0.45,1,1,0,1
14,4,6.9,50,0.138,0,0,0,2
19,3,5.1,50,0.102,0,1,0,2
21,2,44.4,80,0.5549999999999999,0,0,0,1
15,4,71.5,80,0.89375,0,0,0,0
1,2,96.2,100,0.9620000000000001,0,0,1,0
11,1,29.9,50,0.598,0,0,0,1
0,2,59.8,60,0.9966666666666666,0,0,1,0
10,4,91.7,100,0.917,0,0,0,0
1,5,49.4,60,0.8233333333333334,0,0,1,0
23,3,98.4,100,0.9840000000000001,0,0,1,0
2,2,45.5,50,0.91,0,0,1,0
7,6,8.3,80,0.10375000000000001,1,1,0,2
19,2,12.5,30,0.4166666666666667,0,1,0,2
0,7,55.5,60,0.925,1,0,1,0
2,6,30.4,50,0.608,1,0,1,1
16,5,47.8,60,0.7966666666666666,0,0,0,0
8,3,7.5,50,0.15,0,1,0,2
19,3,34.4,100,0.344,0,1,0,2
22,3,26.1,30,0.87,0,0,1,0
7,6,48.5,60,0.8083333333333333,1,1,0,0
16,7,17.9,80,0.22374999999999998,1,0,0,2
22,4,55.5,60,0.925,0,0,1,0
1,6,53.1,60,0.885,1,0,1,0
6,1,45.6,100,0.456,0,0,0,1
9,3,33.7,80,0.42125,0,1,0,2
16,7,51.7,60,0.8616666666666667,1,0,0,0
4,6,9.3,60,0.155,1,0,1,2
22,5,55.5,60,0.925,0,0,1,0
18,3,10.7,60,0.17833333333333332,0,1,0,2
20,7,45.3,80,0.5662499999999999,1,0,0,1
14,4,48.5,100,0.485,0,0,0,1
10,7,24.2,100,0.242,1,0,0,2
14,5,46.9,50,0.938,0,0,0,0
19,6,39.6,80,0.495,1,1,0,1
11,7,41.4,60,0.69,1,0,0,1
4,4,74.5,80,0.93125,0,0,1,0
4,4,56.0,60,0.9333333333333333,0,0,1,0
19,4,23.1,60,0.385,0,1,0,2
18,3,32.3,80,0.40374999999999994,0,1,0,2
21,1,78.8,80,0.985,0,0,0,0
17,7,15.0,60,0.25,1,1,0,2
4,7,18.9,30,0.63,1,0,1,1
4,6,35.0,80,0.4375,1,0,1,2
2,7,41.5,50,0.83,1,0,1,0
19,6,27.0,50,0.54,1,1,0,1
4,1,51.4,60,0.8566666666666667,0,0,1,0
3,5,77.3,80,0.9662499999999999,0,0,1,0
19,4,13.7,60,0.22833333333333333,0,1,0,2
8,5,32.8,100,0.32799999999999996,0,1,0,2
17,5,29.5,60,0.49166666666666664,0,1,0,1
2,5,21.6,30,0.7200000000000001,0,0,1,1
9,7,78.0,80,0.975,1,1,0,0
10,5,24.8,30,0.8266666666666667,0,0,0,0
3,2,48.5,60,0.8083333333333333,0,0,1,0
9,7,81.0,100,0.81,1,1,0,0
22,2,77.5,80,0.96875,0,0,1,0
18,3,61.0,80,0.7625,0,1,0,0
4,5,53.6,60,0.8933333333333333,0,0,1,0
18,3,13.4,60,0.22333333333333333,0,1,0,2
9,7,51.1,80,0.63875,1,1,0,1
18,5,20.3,80,0.25375000000000003,0,1,0,2
3,3,50.4,60,0.84,0,0,1,0
20,6,36.2,100,0.36200000000000004,1,0,0,2
10,1,68.5,80,0.85625,0,0,0,0
3,6,24.7,50,0.494,1,0,1,1
2,6,43.9,50,0.878,1,0,1,0
9,6,78.9,80,0.9862500000000001,1,1,0,0
12,7,41.0,60,0.6833333333333333,1,0,0,1
8,7,53.8,80,0.6725,1,1,0,1
18,3,26.2,80,0.3275,0,1,0,2
3,3,76.7,100,0.767,0,0,1,0
10,3,65.3,80,0.8162499999999999,0,0,0,0
18,3,34.0,60,0.5666666666666667,0,1,0,1
13,6,76.6,100,0.7659999999999999,1,0,0,0
6,3,71.7,80,0.89625,0,0,0,0
5,7,42.5,50,0.85,1,0,1,0
9,1,19.0,50,0.38,0,1,0,2
22,6,47.6,50,0.9520000000000001,1,0,1,0
0,1,41.2,50,0.8240000000000001,0,0,1,0
0,4,48.9,60,0.815,0,0,1,0
7,4,27.7,80,0.34625,0,1,0,2
7,3,19.9,60,0.33166666666666667,0,1,0,2
22,1,50.8,60,0.8466666666666666,0,0,1,0
15,4,27.0,50,0.54,0,0,0,1
20,3,41.6,60,0.6933333333333334,0,0,0,1
1,3,45.1,50,0.902,0,0,1,0
21,7,45.1,60,0.7516666666666667,1,0,0,0
3,5,49.7,50,0.9940000000000001,0,0,1,0
23,6,60.1,80,0.75125,1,0,1,0
14,3,8.5,50,0.17,0,0,0,2
20,1,22.7,30,0.7566666666666666,0,0,0,0
21,3,48.6,60,0.81,0,0,0,0
7,7,55.5,60,0.925,1,1,0,0
1,3,64.6,80,0.8074999999999999,0,0,1,0
6,5,13.8,30,0.46,0,0,0,1
4,6,49.2,60,0.8200000000000001,1,0,1,0
21,4,17.5,80,0.21875,0,0,0,2
20,3,54.2,80,0.6775,0,0,0,1
8,5,36.8,100,0.368,0,1,0,2
7,2,14.7,60,0.245,0,1,0,2
9,7,51.1,80,0.63875,1,1,0,1
8,4,24.5,100,0.245,0,1,0,2
22,1,70.3,80,0.8787499999999999,0,0,1,0
23,5,82.2,100,0.8220000000000001,0,0,1,0
9,5,10.2,50,0.204,0,1,0,2
17,3,20.1,50,0.402,0,1,0,2
7,1,43.0,50,0.86,0,1,0,0
19,1,9.9,60,0.165,0,1,0,2
4,5,61.2,80,0.765,0,0,1,0
4,3,77.5,80,0.96875,0,0,1,0
20,2,41.4,80,0.5175,0,0,0,1
12,5,62.8,100,0.628,0,0,0,1
7,5,51.8,60,0.8633333333333333,0,1,0,0
3,2,30.8,60,0.5133333333333333,0,0,1,1
17,4,15.3,30,0.51,0,1,0,1
16,6,20.3,60,0.3383333333333333,1,0,0,2
18,4,38.7,60,0.645,0,1,0,1
8,5,33.3,50,0.6659999999999999,0,1,0,1
9,2,36.4,50,0.728,0,1,0,1
2,4,48.2,50,0.9640000000000001,0,0,1,0
20,6,77.1,100,0.7709999999999999,1,0,0,0
14,3,31.7,60,0.5283333333333333,0,0,0,1
11,6,28.0,60,0.4666666666666667,1,0,0,1
20,2,76.6,100,0.7659999999999999,0,0,0,0
7,7,20.0,30,0.6666666666666666,1,1,0,1
6,5,74.5,80,0.93125,0,0,0,0
9,6,16.3,60,0.27166666666666667,1,1,0,2
9,2,19.2,60,0.32,0,1,0,2
2,7,78.9,100,0.789,1,0,1,0
21,6,60.7,80,0.75875,1,0,0,0
16,5,77.5,100,0.775,0,0,0,0
2,2,58.4,60,0.9733333333333333,0,0,1,0
15,4,50.7,60,0.8450000000000001,0,0,0,0
4,2,36.7,60,0.6116666666666667,0,0,1,1
23,5,25.3,30,0.8433333333333334,0,0,1,0
5,2,60.0,80,0.75,0,0,1,0
5,6,69.3,80,0.86625,1,0,1,0
19,3,25.6,50,0.512,0,1,0,1
3,5,82.6,100,0.826,0,0,1,0
5,5,47.4,60,0.7899999999999999,0,0,1,0
4,3,29.1,60,0.48500000000000004,0,0,1,1
9,6,51.4,60,0.8566666666666667,1,1,0,0
22,7,10.4,30,0.3466666666666667,1,0,1,2
13,5,69.7,100,0.6970000000000001,0,0,0,1
4,3,12.3,50,0.24600000000000002,0,0,1,2
18,2,9.1,50,0.182,0,1,0,2
5,5,50.0,60,0.8333333333333334,0,0,1,0
17,2,23.4,80,0.2925,0,1,0,2
4,5,70.9,80,0.8862500000000001,0,0,1,0
23,3,23.9,30,0.7966666666666666,0,0,1,0
11,1,34.1,80,0.42625,0,0,0,2
10,3,42.6,50,0.852,0,0,0,0
6,3,49.8,100,0.498,0,0,0,1
23,1,48.0,50,0.96,0,0,1,0
10,7,11.8,30,0.39333333333333337,1,0,0,2
5,1,47.6,50,0.9520000000000001,0,0,1,0
4,2,46.3,50,0.9259999999999999,0,0,1,0
23,3,77.4,80,0.9675,0,0,1,0
7,4,34.0,80,0.425,0,1,0,2
10,7,50.4,80,0.63,1,0,0,1
9,5,32.2,60,0.5366666666666667,0,1,0,1
14,7,50.5,100,0.505,1,0,0,1
4,5,66.3,80,0.82875,0,0,1,0
19,3,14.4,60,0.24000000000000002,0,1,0,2
3,7,47.3,60,0.7883333333333333,1,0,1,0
19,4,13.3,80,0.16625,0,1,0,2
21,3,58.2,100,0.5820000000000001,0,0,0,1
13,3,12.0,50,0.24,0,0,0,2
21,4,48.0,60,0.8,0,0,0,0
23,3,97.5,100,0.975,0,0,1,0
11,3,42.6,60,0.7100000000000001,0,0,0,1
0,2,21.4,30,0.7133333333333333,0,0,1,1
12,5,48.6,80,0.6075,0,0,0,1
12,3,69.6,80,0.8699999999999999,0,0,0,0
21,5,35.0,60,0.5833333333333334,0,0,0,1
16,3,60.1,80,0.75125,0,0,0,0
7,4,7.2,30,0.24000000000000002,0,1,0,2
1,1,51.2,60,0.8533333333333334,0,0,1,0
13,7,29.8,50,0.596,1,0,0,1
23,5,69.5,80,0.86875,0,0,1,0
14,7,25.1,80,0.31375000000000003,1,0,0,2
12,6,61.9,100,0.619,1,0,0,1
3,2,67.3,80,0.8412499999999999,0,0,1,0
23,4,46.3,50,0.9259999999999999,0,0,1,0
18,6,66.7,100,0.667,1,1,0,1
8,3,27.0,60,0.45,0,1,0,1
22,2,76.1,100,0.7609999999999999,0,0,1,0
1,4,39.2,60,0.6533333333333334,0,0,1,1
2,6,99.5,100,0.995,1,0,1,0
19,4,78.6,80,0.9824999999999999,0,1,0,0
7,6,51.8,60,0.8633333333333333,1,1,0,0
5,3,44.7,50,0.894,0,0,1,0
21,4,49.1,60,0.8183333333333334,0,0,0,0
9,4,21.8,60,0.36333333333333334,0,1,0,2
23,6,56.4,60,0.94,1,0,1,0
9,1,46.0,60,0.7666666666666667,0,1,0,0
5,5,58.7,60,0.9783333333333334,0,0,1,0
0,2,51.0,60,0.85,0,0,1,0
9,4,16.9,80,0.21125,0,1,0,2
17,2,15.2,60,0.2533333333333333,0,1,0,2
8,3,33.5,80,0.41875,0,1,0,2
16,6,34.0,100,0.34,1,0,0,2
5,6,25.8,30,0.86,1,0,1,0
0,6,18.7,50,0.374,1,0,1,2
15,7,18.7,50,0.374,1,0,0,2
6,7,31.3,50,0.626,1,0,0,1
0,6,30.4,60,0.5066666666666666,1,0,1,1
22,3,46.7,60,0.7783333333333334,0,0,1,0
23,7,30.0,30,1.0,1,0,1,0
7,2,46.5,80,0.58125,0,1,0,1
8,2,50.3,80,0.6287499999999999,0,1,0,1
3,1,41.0,50,0.82,0,0,1,0
1,6,45.7,60,0.7616666666666667,1,0,1,0
10,6,42.7,60,0.7116666666666667,1,0,0,1
20,2,62.9,80,0.78625,0,0,0,0
21,2,39.8,60,0.6633333333333333,0,0,0,1
8,3,32.8,80,0.41,0,1,0,2
15,4,19.7,30,0.6566666666666666,0,0,0,1
9,7,50.8,60,0.8466666666666666,1,1,0,0
5,2,65.5,80,0.81875,0,0,1,0
17,5,13.7,60,0.22833333333333333,0,1,0,2
23,5,45.3,60,0.755,0,0,1,0
10,6,10.7,60,0.17833333333333332,1,0,0,2
18,1,25.2,60,0.42,0,1,0,2
16,2,41.6,60,0.6933333333333334,0,0,0,1
22,5,54.6,60,0.91,0,0,1,0
21,1,61.4,80,0.7675,0,0,0,0
2,1,77.3,80,0.9662499999999999,0,0,1,0
3,2,47.5,50,0.95,0,0,1,0
7,7,54.8,60,0.9133333333333333,1,1,0,0
1,4,83.3,100,0.833,0,0,1,0
22,7,37.8,50,0.7559999999999999,1,0,1,0
20,6,10.0,50,0.2,1,0,0,2
23,6,12.9,50,0.258,1,0,1,2
22,6,45.4,60,0.7566666666666666,1,0,1,0
6,4,47.5,60,0.7916666666666666,0,0,0,0
6,1,52.9,80,0.66125,0,0,0,1
0,6,59.8,60,0.9966666666666666,1,0,1,0
6,1,31.7,60,0.5283333333333333,0,0,0,1
17,7,23.1,50,0.462,1,1,0,1
5,5,87.0,100,0.87,0,0,1,0
9,4,32.2,80,0.4025,0,1,0,2
11,7,17.1,30,0.5700000000000001,1,0,0,1
9,6,23.5,30,0.7833333333333333,1,1,0,0
18,4,29.6,80,0.37,0,1,0,2
11,2,49.5,50,0.99,0,0,0,0
14,7,35.2,60,0.5866666666666667,1,0,0,1
4,2,75.9,100,0.759,0,0,1,0
6,7,45.8,80,0.5725,1,0,0,1
6,4,74.9,80,0.93625,0,0,0,0
15,5,25.0,30,0.8333333333333334,0,0,0,0
7,1,27.6,60,0.46,0,1,0,1
1,6,19.2,60,0.32,1,0,1,2
2,1,54.6,60,0.91,0,0,1,0
17,6,57.1,80,0.71375,1,1,0,1
6,2,78.3,80,0.97875,0,0,0,0
11,3,42.4,60,0.7066666666666667,0,0,0,1
10,6,42.9,80,0.53625,1,0,0,1
2,3,26.9,30,0.8966666666666666,0,0,1,0
13,6,16.7,30,0.5566666666666666,1,0,0,1
16,5,36.6,50,0.732,0,0,0,1
13,5,13.1,80,0.16375,0,0,0,2
15,2,45.3,50,0.9059999999999999,0,0,0,0
13,2,26.4,50,0.528,0,0,0,1
10,7,38.3,60,0.6383333333333333,1,0,0,1
22,6,85.9,100,0.8590000000000001,1,0,1,0
11,6,17.4,60,0.29,1,0,0,2
21,7,49.1,60,0.8183333333333334,1,0,0,0
12,2,40.5,60,0.675,0,0,0,1
17,3,42.5,100,0.425,0,1,0,2
6,2,55.7,80,0.69625,0,0,0,1
2,1,46.6,60,0.7766666666666667,0,0,1,0
8,2,22.9,60,0.38166666666666665,0,1,0,2
1,2,98.9,100,0.9890000000000001,0,0,1,0
5,6,71.7,80,0.89625,1,0,1,0
23,2,56.9,60,0.9483333333333334,0,0,1,0
12,7,48.7,60,0.8116666666666668,1,0,0,0
0,6,13.7,30,0.45666666666666667,1,0,1,1
19,7,28.4,50,0.568,1,1,0,1
20,7,20.9,30,0.6966666666666667,1,0,0,1
19,7,23.1,50,0.462,1,1,0,1
17,6,6.9,50,0.138,1,1,0,2
5,4,19.4,60,0.3233333333333333,0,0,1,2
16,5,47.0,50,0.94,0,0,0,0
22,2,56.4,60,0.94,0,0,1,0
19,2,20.3,100,0.203,0,1,0,2
18,2,81.6,100,0.816,0,1,0,0
10,3,66.2,80,0.8275,0,0,0,0
8,4,14.3,60,0.23833333333333334,0,1,0,2
21,1,81.2,100,0.812,0,0,0,0
20,3,64.3,80,0.80375,0,0,0,0
16,2,23.2,60,0.38666666666666666,0,0,0,2
23,6,54.4,60,0.9066666666666666,1,0,1,0
16,7,49.0,60,0.8166666666666667,1,0,0,0
3,6,63.3,80,0.79125,1,0,1,0
15,3,29.3,50,0.586,0,0,0,1
9,5,78.6,100,0.7859999999999999,0,1,0,0
5,2,74.7,80,0.9337500000000001,0,0,1,0
13,7,17.1,60,0.28500000000000003,1,0,0,2
16,1,15.9,30,0.53,0,0,0,1
18,7,17.8,60,0.2966666666666667,1,1,0,2
18,5,19.7,60,0.3283333333333333,0,1,0,2
6,3,93.6,100,0.9359999999999999,0,0,0,0
3,2,55.4,60,0.9233333333333333,0,0,1,0
4,3,40.4,60,0.6733333333333333,0,0,1,1
5,2,47.1,50,0.9420000000000001,0,0,1,0
14,2,64.8,80,0.8099999999999999,0,0,0,0
16,4,50.3,60,0.8383333333333333,0,0,0,0
4,6,24.6,30,0.8200000000000001,1,0,1,0
13,5,32.8,60,0.5466666666666666,0,0,0,1
23,1,69.7,80,0.8712500000000001,0,0,1,0
1,2,44.7,50,0.894,0,0,1,0
18,6,44.6,50,0.892,1,1,0,0
21,5,69.0,100,0.69,0,0,0,1
19,3,50.6,60,0.8433333333333334,0,1,0,0
2,6,37.6,50,0.752,1,0,1,0
10,1,41.7,50,0.8340000000000001,0,0,0,0
10,4,28.9,50,0.578,0,0,0,1
3,4,62.9,80,0.78625,0,0,1,0
23,3,44.6,50,0.892,0,0,1,0
9,1,47.5,50,0.95,0,1,0,0
16,2,29.2,30,0.9733333333333333,0,0,0,0
15,7,87.2,100,0.872,1,0,0,0
9,7,17.2,60,0.2866666666666667,1,1,0,2
23,3,42.2,50,0.8440000000000001,0,0,1,0
5,6,15.3,60,0.255,1,0,1,2
9,2,8.5,80,0.10625,0,1,0,2
23,7,55.5,60,0.925,1,0,1,0
20,1,76.6,80,0.9574999999999999,0,0,0,0
7,6,61.5,80,0.76875,1,1,0,0
3,5,63.4,80,0.7925,0,0,1,0
9,3,55.8,100,0.5579999999999999,0,1,0,1
10,7,82.6,100,0.826,1,0,0,0
0,6,56.4,60,0.94,1,0,1,0
15,4,13.9,60,0.23166666666666666,0,0,0,2
12,4,42.2,50,0.8440000000000001,0,0,0,0
9,1,48.0,50,0.96,0,1,0,0
7,2,37.5,80,0.46875,0,1,0,1
21,1,53.6,60,0.8933333333333333,0,0,0,0
16,6,41.4,60,0.69,1,0,0,1
12,5,70.1,80,0.87625,0,0,0,0
18,1,46.4,100,0.46399999999999997,0,1,0,1
14,4,25.3,80,0.31625000000000003,0,0,0,2
1,3,27.0,30,0.9,0,0,1,0
11,4,48.3,60,0.8049999999999999,0,0,0,0
15,1,58.6,60,0.9766666666666667,0,0,0,0
22,2,45.8,60,0.7633333333333333,0,0,1,0
18,2,31.9,80,0.39875,0,1,0,2
13,2,73.9,80,0.9237500000000001,0,0,0,0
0,2,45.4,60,0.7566666666666666,0,0,1,0
3,5,46.2,50,0.924,0,0,1,0
1,4,61.0,80,0.7625,0,0,1,0
13,7,52.8,60,0.88,1,0,0,0
11,5,23.7,30,0.7899999999999999,0,0,0,0
15,7,38.1,60,0.635,1,0,0,1
2,1,59.3,60,0.9883333333333333,0,0,1,0
14,3,87.8,100,0.878,0,0,0,0
22,5,74.4,80,0.93,0,0,1,0
20,1,23.5,60,0.39166666666666666,0,0,0,2
9,2,36.3,50,0.726,0,1,0,1
12,3,13.5,60,0.225,0,0,0,2
18,4,54.9,100,0.5489999999999999,0,1,0,1
19,5,89.6,100,0.8959999999999999,0,1,0,0
10,6,23.2,50,0.46399999999999997,1,0,0,1
17,7,51.8,60,0.8633333333333333,1,1,0,0
2,5,37.7,60,0.6283333333333334,0,0,1,1
15,7,25.3,60,0.4216666666666667,1,0,0,2
11,3,33.5,80,0.41875,0,0,0,2
6,5,44.5,50,0.89,0,0,0,0
1,1,56.5,100,0.565,0,0,1,1
8,4,13.7,60,0.22833333333333333,0,1,0,2
17,5,31.8,80,0.3975,0,1,0,2
12,3,19.1,80,0.23875000000000002,0,0,0,2
17,2,12.7,30,0.4233333333333333,0,1,0,2
13,1,31.3,60,0.5216666666666667,0,0,0,1
8,2,6.9,30,0.23,0,1,0,2
15,4,49.8,60,0.83,0,0,0,0
12,3,83.8,100,0.838,0,0,0,0
9,5,25.4,60,0.4233333333333333,0,1,0,2
13,4,52.7,100,0.527,0,0,0,1
2,1,55.2,60,0.92,0,0,1,0
20,1,34.4,50,0.688,0,0,0,1
5,1,48.6,50,0.972,0,0,1,0
4,4,37.0,60,0.6166666666666667,0,0,1,1
13,3,41.3,50,0.826,0,0,0,0
3,2,74.5,80,0.93125,0,0,1,0
19,4,42.9,100,0.429,0,1,0,2
21,3,39.1,50,0.782,0,0,0,0
0,7,11.9,60,0.19833333333333333,1,0,1,2
3,4,48.0,50,0.96,0,0,1,0
16,6,52.9,60,0.8816666666666666,1,0,0,0
2,1,55.1,60,0.9183333333333333,0,0,1,0
4,5,48.8,60,0.8133333333333332,0,0,1,0
5,4,59.0,60,0.9833333333333333,0,0,1,0
8,7,46.9,50,0.938,1,1,0,0
22,1,66.5,80,0.83125,0,0,1,0
14,5,27.3,50,0.546,0,0,0,1
6,7,47.1,50,0.9420000000000001,1,0,0,0
2,1,65.6,80,0.82,0,0,1,0
6,4,20.3,30,0.6766666666666666,0,0,0,1
9,5,48.6,60,0.81,0,1,0,0
17,5,31.0,60,0.5166666666666667,0,1,0,1
17,4,65.0,100,0.65,0,1,0,1
22,1,95.1,100,0.951,0,0,1,0
7,4,12.0,60,0.2,0,1,0,2
8,7,27.6,60,0.46,1,1,0,1
14,7,27.0,50,0.54,1,0,0,1
1,5,52.1,60,0.8683333333333334,0,0,1,0
7,6,31.5,60,0.525,1,1,0,1
21,6,52.1,60,0.8683333333333334,1,0,0,0
0,6,27.8,30,0.9266666666666666,1,0,1,0
11,4,37.6,50,0.752,0,0,0,0
11,1,78.9,80,0.9862500000000001,0,0,0,0
9,5,28.6,80,0.35750000000000004,0,1,0,2
7,4,6.4,60,0.10666666666666667,0,1,0,2
12,4,39.8,50,0.7959999999999999,0,0,0,0
2,5,48.8,50,0.976,0,0,1,0
9,3,16.3,100,0.163,0,1,0,2
10,3,43.9,50,0.878,0,0,0,0
8,3,23.4,50,0.46799999999999997,0,1,0,1
23,4,23.0,30,0.7666666666666667,0,0,1,0
5,5,27.3,30,0.91,0,0,1,0
3,7,78.8,80,0.985,1,0,1,0
21,5,54.5,60,0.9083333333333333,0,0,0,0
16,3,30.0,60,0.5,0,0,0,1
2,6,66.9,80,0.83625,1,0,1,0
0,6,87.9,100,0.879,1,0,1,0
11,7,54.7,60,0.9116666666666667,1,0,0,0
20,7,12.6,50,0.252,1,0,0,2
4,7,48.4,60,0.8066666666666666,1,0,1,0
6,3,44.9,80,0.56125,0,0,0,1
2,1,71.8,80,0.8975,0,0,1,0
16,2,19.5,60,0.325,0,0,0,2
14,5,50.9,60,0.8483333333333333,0,0,0,0
21,4,42.6,50,0.852,0,0,0,0
2,4,11.2,60,0.18666666666666665,0,0,1,2
17,6,13.5,60,0.225,1,1,0,2
6,3,59.3,60,0.9883333333333333,0,0,0,0
9,4,7.2,60,0.12000000000000001,0,1,0,2
21,2,64.4,80,0.805,0,0,0,0
21,4,27.6,60,0.46,0,0,0,1
1,2,70.6,80,0.8825,0,0,1,0
0,1,35.1,50,0.7020000000000001,0,0,1,1
3,3,45.1,100,0.451,0,0,1,1
5,1,25.1,30,0.8366666666666667,0,0,1,0
9,3,52.1,60,0.8683333333333334,0,1,0,0
4,5,64.4,80,0.805,0,0,1,0
6,7,52.1,60,0.8683333333333334,1,0,0,0
23,2,59.6,60,0.9933333333333334,0,0,1,0
2,7,10.7,30,0.35666666666666663,1,0,1,2
9,4,30.2,60,0.5033333333333333,0,1,0,1
10,7,20.5,60,0.3416666666666667,1,0,0,2
15,5,87.2,100,0.872,0,0,0,0
20,1,29.2,50,0.584,0,0,0,1
16,1,54.1,60,0.9016666666666667,0,0,0,0
10,5,26.9,50,0.5379999999999999,0,0,0,1
19,1,14.7,50,0.294,0,1,0,2
23,6,49.8,60,0.83,1,0,1,0
19,2,38.9,60,0.6483333333333333,0,1,0,1
0,3,43.1,50,0.862,0,0,1,0
20,4,45.2,60,0.7533333333333334,0,0,0,0
19,1,29.5,60,0.49166666666666664,0,1,0,1
9,1,41.0,50,0.82,0,1,0,0
19,1,74.9,80,0.93625,0,1,0,0
3,1,66.8,80,0.835,0,0,1,0
15,2,63.7,80,0.79625,0,0,0,0
16,2,57.0,60,0.95,0,0,0,0
20,7,45.6,60,0.76,1,0,0,0
6,1,72.6,80,0.9075,0,0,0,0
2,2,36.7,80,0.45875000000000005,0,0,1,1
7,2,27.8,60,0.4633333333333333,0,1,0,1
18,2,11.4,60,0.19,0,1,0,2
13,3,40.8,50,0.816,0,0,0,0
16,7,42.4,80,0.53,1,0,0,1
1,5,75.9,80,0.9487500000000001,0,0,1,0
21,3,37.7,60,0.6283333333333334,0,0,0,1
18,2,16.3,30,0.5433333333333333,0,1,0,1
5,7,51.7,60,0.8616666666666667,1,0,1,0
5,4,84.0,100,0.84,0,0,1,0
1,5,24.5,30,0.8166666666666667,0,0,1,0
22,5,8.1,60,0.13499999999999998,0,0,1,2
14,2,31.8,50,0.636,0,0,0,1
0,5,47.7,60,0.795,0,0,1,0
21,6,48.4,80,0.605,1,0,0,1
22,6,61.1,80,0.76375,1,0,1,0
11,4,12.9,100,0.129,0,0,0,2
14,3,67.6,100,0.6759999999999999,0,0,0,1
22,4,60.9,80,0.76125,0,0,1,0
20,7,46.9,60,0.7816666666666666,1,0,0,0
11,2,22.9,80,0.28625,0,0,0,2
5,4,47.2,60,0.7866666666666667,0,0,1,0
6,1,40.5,80,0.50625,0,0,0,1
22,4,53.1,60,0.885,0,0,1,0
19,3,35.9,60,0.5983333333333333,0,1,0,1
4,5,65.8,80,0.8225,0,0,1,0
18,7,15.6,100,0.156,1,1,0,2
5,4,56.8,60,0.9466666666666667,0,0,1,0
2,4,77.5,80,0.96875,0,0,1,0
5,1,47.5,60,0.7916666666666666,0,0,1,0
21,6,26.8,50,0.536,1,0,0,1
9,5,47.0,80,0.5875,0,1,0,1
9,4,15.7,80,0.19624999999999998,0,1,0,2
6,3,26.1,50,0.522,0,0,0,1
4,3,20.1,80,0.25125000000000003,0,0,1,2
15,5,41.6,50,0.8320000000000001,0,0,0,0
7,3,27.9,60,0.46499999999999997,0,1,0,1
14,2,58.4,80,0.73,0,0,0,1
22,6,60.0,60,1.0,1,0,1,0
2,5,76.1,80,0.9512499999999999,0,0,1,0
12,3,37.7,60,0.6283333333333334,0,0,0,1
13,3,57.9,100,0.579,0,0,0,1
9,3,58.0,60,0.9666666666666667,0,1,0,0
23,6,27.9,60,0.46499999999999997,1,0,1,1
3,3,38.9,50,0.778,0,0,1,0
4,5,24.2,30,0.8066666666666666,0,0,1,0
14,2,40.4,60,0.6733333333333333,0,0,0,1
2,4,27.1,60,0.4516666666666667,0,0,1,1
2,7,41.2,60,0.6866666666666668,1,0,1,1
0,3,53.4,60,0.89,0,0,1,0
20,5,12.9,80,0.16125,0,0,0,2
9,6,40.9,50,0.818,1,1,0,0
10,7,36.4,50,0.728,1,0,0,1
18,2,17.8,80,0.2225,0,1,0,2
14,6,38.1,80,0.47625,1,0,0,1
15,2,48.1,60,0.8016666666666666,0,0,0,0
20,2,53.6,80,0.67,0,0,0,1
18,6,33.5,60,0.5583333333333333,1,1,0,1
0,7,28.8,60,0.48000000000000004,1,0,1,1
4,6,7.5,60,0.125,1,0,1,2
6,7,70.1,100,0.701,1,0,0,1
4,7,32.4,60,0.5399999999999999,1,0,1,1
4,5,70.0,80,0.875,0,0,1,0
11,6,10.6,60,0.17666666666666667,1,0,0,2
6,5,56.4,80,0.705,0,0,0,1
8,2,11.7,50,0.23399999999999999,0,1,0,2
2,5,44.4,50,0.888,0,0,1,0
19,6,56.8,60,0.9466666666666667,1,1,0,0
13,7,34.5,80,0.43125,1,0,0,2
16,1,45.3,50,0.9059999999999999,0,0,0,0
23,2,29.3,30,0.9766666666666667,0,0,1,0
16,7,30.6,50,0.612,1,0,0,1
20,4,72.6,100,0.726,0,0,0,1
1,2,65.1,80,0.81375,0,0,1,0
6,5,68.2,80,0.8525,0,0,0,0
8,2,13.2,50,0.264,0,1,0,2
18,5,4.3,30,0.14333333333333334,0,1,0,2
2,2,47.5,50,0.95,0,0,1,0
3,3,87.1,100,0.871,0,0,1,0
21,7,40.4,80,0.505,1,0,0,1
21,6,13.2,30,0.44,1,0,0,2
5,3,61.6,80,0.77,0,0,1,0
20,6,32.1,60,0.535,1,0,0,1
14,1,88.3,100,0.883,0,0,0,0
11,7,6.9,30,0.23,1,0,0,2
0,5,15.1,50,0.302,0,0,1,2
13,5,45.5,60,0.7583333333333333,0,0,0,0
20,7,13.1,50,0.262,1,0,0,2
23,3,74.2,80,0.9275,0,0,1,0
23,4,75.2,100,0.752,0,0,1,0
3,4,52.5,60,0.875,0,0,1,0
23,6,76.7,80,0.95875,1,0,1,0
20,1,84.4,100,0.8440000000000001,0,0,0,0
5,4,52.2,60,0.87,0,0,1,0
11,5,30.0,60,0.5,0,0,0,1
6,7,23.3,60,0.38833333333333336,1,0,0,2
21,3,57.0,80,0.7125,0,0,0,1
2,7,37.1,60,0.6183333333333334,1,0,1,1
18,2,31.5,60,0.525,0,1,0,1
3,7,39.9,60,0.6649999999999999,1,0,1,1
19,7,44.0,80,0.55,1,1,0,1
19,4,93.5,100,0.935,0,1,0,0
19,6,68.7,100,0.687,1,1,0,1
20,1,16.6,60,0.27666666666666667,0,0,0,2
19,1,19.9,80,0.24874999999999997,0,1,0,2
15,7,12.4,30,0.41333333333333333,1,0,0,2
23,5,50.2,80,0.6275000000000001,0,0,1,1
21,3,57.5,60,0.9583333333333334,0,0,0,0
3,2,93.9,100,0.9390000000000001,0,0,1,0
12,7,47.4,100,0.474,1,0,0,1
0,7,37.1,60,0.6183333333333334,1,0,1,1
2,4,25.3,30,0.8433333333333334,0,0,1,0
9,1,21.7,50,0.434,0,1,0,2
21,6,78.9,100,0.789,1,0,0,0
22,2,46.4,60,0.7733333333333333,0,0,1,0
0,5,56.4,60,0.94,0,0,1,0
9,2,37.2,80,0.465,0,1,0,1
13,5,21.9,60,0.365,0,0,0,2
7,1,26.2,50,0.524,0,1,0,1
11,4,80.0,100,0.8,0,0,0,0
18,4,8.8,60,0.14666666666666667,0,1,0,2
7,1,15.9,100,0.159,0,1,0,2
20,1,52.4,80,0.655,0,0,0,1
0,5,86.5,100,0.865,0,0,1,0
23,6,68.0,100,0.68,1,0,1,1
2,7,48.6,50,0.972,1,0,1,0
5,2,86.0,100,0.86,0,0,1,0
5,5,57.8,60,0.9633333333333333,0,0,1,0
17,5,8.5,30,0.2833333333333333,0,1,0,2
7,6,59.4,60,0.99,1,1,0,0
0,7,47.3,50,0.946,1,0,1,0
3,2,91.9,100,0.919,0,0,1,0
12,3,80.7,100,0.807,0,0,0,0
5,3,67.1,80,0.8387499999999999,0,0,1,0
6,2,40.2,60,0.67,0,0,0,1
8,3,29.1,100,0.29100000000000004,0,1,0,2
4,4,55.9,60,0.9316666666666666,0,0,1,0
6,4,34.3,50,0.6859999999999999,0,0,0,1
21,4,40.6,50,0.812,0,0,0,0
14,5,71.7,100,0.7170000000000001,0,0,0,1
23,7,50.0,60,0.8333333333333334,1,0,1,0
8,4,47.5,60,0.7916666666666666,0,1,0,0
6,6,56.0,60,0.9333333333333333,1,0,0,0
10,1,57.7,80,0.7212500000000001,0,0,0,1
14,6,44.9,50,0.898,1,0,0,0
7,1,38.3,60,0.6383333333333333,0,1,0,1
10,7,35.5,50,0.71,1,0,0,1
22,5,23.5,50,0.47,0,0,1,1
23,4,13.9,30,0.4633333333333333,0,0,1,1
4,5,41.9,50,0.838,0,0,1,0
18,4,32.6,50,0.652,0,1,0,1
5,6,40.5,80,0.50625,1,0,1,1
10,6,49.9,80,0.62375,1,0,0,1
10,7,5.8,30,0.19333333333333333,1,0,0,2
11,5,52.6,80,0.6575,0,0,0,1
8,3,55.8,80,0.6975,0,1,0,1
13,5,11.1,60,0.185,0,0,0,2
11,7,15.1,60,0.25166666666666665,1,0,0,2
11,2,28.3,60,0.4716666666666667,0,0,0,1
4,4,66.5,80,0.83125,0,0,1,0
21,2,76.1,80,0.9512499999999999,0,0,0,0
9,2,9.5,60,0.15833333333333333,0,1,0,2
7,7,46.8,60,0.7799999999999999,1,1,0,0
0,3,56.5,60,0.9416666666666667,0,0,1,0
23,1,77.6,80,0.97,0,0,1,0
19,6,18.0,30,0.6,1,1,0,1
23,6,38.0,50,0.76,1,0,1,0
18,2,18.9,50,0.37799999999999995,0,1,0,2
14,3,23.0,30,0.7666666666666667,0,0,0,0
18,3,20.8,50,0.41600000000000004,0,1,0,2
14,7,33.8,60,0.5633333333333332,1,0,0,1
4,2,52.7,60,0.8783333333333334,0,0,1,0
7,6,58.3,80,0.72875,1,1,0,1
7,4,16.3,50,0.326,0,1,0,2
16,3,59.3,60,0.9883333333333333,0,0,0,0
11,1,78.7,80,0.98375,0,0,0,0
8,2,42.6,60,0.7100000000000001,0,1,0,1
23,5,57.0,60,0.95,0,0,1,0
16,3,25.6,30,0.8533333333333334,0,0,0,0
5,1,55.9,60,0.9316666666666666,0,0,1,0
23,5,27.8,30,0.9266666666666666,0,0,1,0
13,3,29.9,30,0.9966666666666666,0,0,0,0
19,2,37.5,60,0.625,0,1,0,1
11,1,22.0,50,0.44,0,0,0,2
11,6,53.4,80,0.6675,1,0,0,1
23,1,75.6,80,0.945,0,0,1,0
18,5,52.1,80,0.65125,0,1,0,1
17,1,36.2,100,0.36200000000000004,0,1,0,2
11,1,39.6,50,0.792,0,0,0,0
23,4,78.6,80,0.9824999999999999,0,0,1,0
14,5,38.2,80,0.47750000000000004,0,0,0,1
20,6,40.9,60,0.6816666666666666,1,0,0,1
6,4,43.5,60,0.725,0,0,0,1
2,1,42.0,50,0.84,0,0,1,0
23,7,56.4,60,0.94,1,0,1,0
12,5,33.9,60,0.565,0,0,0,1
22,1,39.2,50,0.784,0,0,1,0
11,2,74.1,80,0.9262499999999999,0,0,0,0
10,5,49.5,60,0.825,0,0,0,0
15,5,61.7,80,0.77125,0,0,0,0
16,4,30.7,50,0.614,0,0,0,1
8,5,46.0,60,0.7666666666666667,0,1,0,0
8,1,36.4,60,0.6066666666666667,0,1,0,1
10,1,52.1,60,0.8683333333333334,0,0,0,0
22,5,58.3,60,0.9716666666666666,0,0,1,0
15,5,50.9,80,0.63625,0,0,0,1
18,1,3.3,30,0.11,0,1,0,2
12,6,47.4,50,0.948,1,0,0,0
19,2,25.9,50,0.518,0,1,0,1
7,5,34.8,60,0.58,0,1,0,1
15,5,9.0,60,0.15,0,0,0,2
18,1,8.9,50,0.17800000000000002,0,1,0,2
0,3,55.5,60,0.925,0,0,1,0
12,4,27.8,30,0.9266666666666666,0,0,0,0
18,5,16.6,100,0.166,0,1,0,2
21,5,79.9,100,0.799,0,0,0,0
5,7,31.6,50,0.632,1,0,1,1
0,7,54.1,60,0.9016666666666667,1,0,1,0
17,4,6.6,30,0.22,0,1,0,2
3,1,50.0,50,1.0,0,0,1,0
2,6,38.2,60,0.6366666666666667,1,0,1,1
14,4,41.3,80,0.51625,0,0,0,1
22,7,93.3,100,0.9329999999999999,1,0,1,0
17,4,31.3,60,0.5216666666666667,0,1,0,1
17,1,11.9,50,0.23800000000000002,0,1,0,2
17,6,44.9,80,0.56125,1,1,0,1
1,6,77.6,80,0.97,1,0,1,0
15,6,51.5,80,0.64375,1,0,0,1
7,4,32.8,60,0.5466666666666666,0,1,0,1
13,4,43.8,60,0.73,0,0,0,1
3,2,55.0,60,0.9166666666666666,0,0,1,0
15,7,58.5,80,0.73125,1,0,0,1
0,5,45.7,50,0.914,0,0,1,0
10,6,26.9,30,0.8966666666666666,1,0,0,0
2,1,84.6,100,0.846,0,0,1,0
7,7,40.7,60,0.6783333333333333,1,1,0,1
22,7,29.5,30,0.9833333333333333,1,0,1,0
0,1,56.0,60,0.9333333333333333,0,0,1,0
6,6,52.0,60,0.8666666666666667,1,0,0,0
4,1,62.7,80,0.7837500000000001,0,0,1,0
14,2,45.9,60,0.765,0,0,0,0
21,4,21.0,60,0.35,0,0,0,2
20,5,11.4,60,0.19,0,0,0,2
0,7,77.4,80,0.9675,1,0,1,0
12,5,27.5,60,0.4583333333333333,0,0,0,1
11,7,10.1,80,0.12625,1,0,0,2
19,2,17.6,60,0.29333333333333333,0,1,0,2
1,2,52.9,60,0.8816666666666666,0,0,1,0
15,7,38.5,60,0.6416666666666667,1,0,0,1
19,4,34.8,60,0.58,0,1,0,1
22,3,67.3,80,0.8412499999999999,0,0,1,0
11,2,13.3,60,0.22166666666666668,0,0,0,2
21,4,21.0,60,0.35,0,0,0,2
23,5,39.3,50,0.7859999999999999,0,0,1,0
19,4,6.8,60,0.11333333333333333,0,1,0,2
4,4,52.5,60,0.875,0,0,1,0
9,6,18.5,30,0.6166666666666667,1,1,0,1
19,6,6.6,50,0.132,1,1,0,2
9,6,32.7,50,0.654,1,1,0,1
6,6,38.2,50,0.764,1,0,0,0
2,1,54.6,60,0.91,0,0,1,0
21,7,52.5,60,0.875,1,0,0,0
5,4,48.2,100,0.48200000000000004,0,0,1,1
12,4,36.3,50,0.726,0,0,0,1
17,3,5.7,50,0.114,0,1,0,2
2,6,68.3,80,0.85375,1,0,1,0
23,4,71.6,80,0.8949999999999999,0,0,1,0
7,4,15.7,60,0.26166666666666666,0,1,0,2
3,2,46.9,60,0.7816666666666666,0,0,1,0
5,5,33.6,50,0.672,0,0,1,1
12,2,13.9,30,0.4633333333333333,0,0,0,1
18,1,53.5,60,0.8916666666666667,0,1,0,0
19,1,20.4,60,0.33999999999999997,0,1,0,2
19,1,22.4,60,0.3733333333333333,0,1,0,2
3,7,13.9,30,0.4633333333333333,1,0,1,1
0,6,31.3,50,0.626,1,0,1,1
13,6,60.0,80,0.75,1,0,0,0
8,1,34.7,100,0.34700000000000003,0,1,0,2
11,6,60.7,100,0.607,1,0,0,1
2,4,72.1,80,0.9012499999999999,0,0,1,0
12,7,18.6,60,0.31,1,0,0,2
21,6,15.7,100,0.157,1,0,0,2
21,7,55.7,60,0.9283333333333333,1,0,0,0
12,6,36.4,60,0.6066666666666667,1,0,0,1
17,6,43.9,60,0.7316666666666667,1,1,0,1
19,6,21.9,30,0.73,1,1,0,1
2,3,54.5,60,0.9083333333333333,0,0,1,0
4,1,54.8,60,0.9133333333333333,0,0,1,0
7,7,57.7,60,0.9616666666666667,1,1,0,0
13,3,39.2,60,0.6533333333333334,0,0,0,1
18,4,23.9,60,0.3983333333333333,0,1,0,2
22,3,60.0,80,0.75,0,0,1,0
9,3,11.7,60,0.19499999999999998,0,1,0,2
0,1,69.8,80,0.8724999999999999,0,0,1,0
2,5,57.7,60,0.9616666666666667,0,0,1,0
2,5,71.9,80,0.89875,0,0,1,0
20,4,14.7,30,0.49,0,0,0,1
19,2,6.5,60,0.10833333333333334,0,1,0,2
7,4,32.1,60,0.535,0,1,0,1
19,5,18.0,50,0.36,0,1,0,2
22,6,45.0,60,0.75,1,0,1,0
12,1,89.9,100,0.899,0,0,0,0
4,6,47.3,60,0.7883333333333333,1,0,1,0
3,5,43.0,50,0.86,0,0,1,0
9,6,44.5,50,0.89,1,1,0,0
6,1,48.4,60,0.8066666666666666,0,0,0,0
7,4,6.6,60,0.11,0,1,0,2
4,1,18.4,80,0.22999999999999998,0,0,1,2
9,7,63.2,80,0.79,1,1,0,0
8,6,41.3,80,0.51625,1,1,0,1
22,3,22.8,30,0.76,0,0,1,0
12,7,38.6,50,0.772,1,0,0,0
8,7,48.1,60,0.8016666666666666,1,1,0,0
22,1,55.0,60,0.9166666666666666,0,0,1,0
2,7,32.8,60,0.5466666666666666,1,0,1,1
3,3,72.3,80,0.9037499999999999,0,0,1,0
19,2,37.2,60,0.62,0,1,0,1
21,3,37.5,60,0.625,0,0,0,1
11,5,48.5,60,0.8083333333333333,0,0,0,0
12,4,19.3,30,0.6433333333333333,0,0,0,1
19,1,11.3,60,0.18833333333333335,0,1,0,2
12,1,63.3,100,0.633,0,0,0,1
0,7,16.5,30,0.55,1,0,1,1
15,4,64.9,80,0.81125,0,0,0,0
11,2,32.9,60,0.5483333333333333,0,0,0,1
19,4,30.5,80,0.38125,0,1,0,2
3,1,53.4,60,0.89,0,0,1,0
18,1,14.2,60,0.23666666666666666,0,1,0,2
1,7,41.2,50,0.8240000000000001,1,0,1,0
19,7,25.1,50,0.502,1,1,0,1
1,5,36.5,80,0.45625,0,0,1,1
18,4,27.8,30,0.9266666666666666,0,1,0,0
21,4,77.2,80,0.9650000000000001,0,0,0,0
0,2,40.4,50,0.8079999999999999,0,0,1,0
6,3,45.7,60,0.7616666666666667,0,0,0,0
4,1,59.0,100,0.59,0,0,1,1
15,4,54.9,80,0.68625,0,0,0,1
19,6,14.8,30,0.49333333333333335,1,1,0,1
15,4,30.1,60,0.5016666666666667,0,0,0,1
19,1,36.0,60,0.6,0,1,0,1
16,5,76.5,80,0.95625,0,0,0,0
21,4,41.1,80,0.51375,0,0,0,1
8,6,65.8,80,0.8225,1,1,0,0
13,5,57.7,60,0.9616666666666667,0,0,0,0
20,6,26.9,30,0.8966666666666666,1,0,0,0
10,5,49.8,60,0.83,0,0,0,0
18,5,38.3,80,0.47874999999999995,0,1,0,1
22,5,87.7,100,0.877,0,0,1,0
8,2,41.4,100,0.414,0,1,0,2
23,5,43.6,50,0.872,0,0,1,0
15,5,68.0,80,0.85,0,0,0,0
1,6,24.8,60,0.41333333333333333,1,0,1,2
10,5,37.0,100,0.37,0,0,0,2
0,1,38.7,60,0.645,0,0,1,1
3,3,27.5,30,0.9166666666666666,0,0,1,0
6,1,48.2,60,0.8033333333333333,0,0,0,0
10,7,32.9,100,0.32899999999999996,1,0,0,2
23,7,83.2,100,0.8320000000000001,1,0,1,0
14,6,25.2,30,0.84,1,0,0,0
11,7,14.8,80,0.185,1,0,0,2
23,5,73.9,80,0.9237500000000001,0,0,1,0
19,5,8.8,60,0.14666666666666667,0,1,0,2
22,3,93.5,100,0.935,0,0,1,0
1,2,78.5,80,0.98125,0,0,1,0
16,3,29.3,60,0.48833333333333334,0,0,0,1
19,4,23.9,60,0.3983333333333333,0,1,0,2
9,4,48.6,60,0.81,0,1,0,0
22,4,49.3,50,0.986,0,0,1,0
13,3,28.4,80,0.355,0,0,0,2
12,3,32.4,60,0.5399999999999999,0,0,0,1
15,7,49.1,50,0.982,1,0,0,0
17,5,10.7,60,0.17833333333333332,0,1,0,2
7,2,19.4,60,0.3233333333333333,0,1,0,2
7,7,29.5,30,0.9833333333333333,1,1,0,0
20,4,53.0,80,0.6625,0,0,0,1
15,1,51.0,60,0.85,0,0,0,0
5,6,53.2,100,0.532,1,0,1,1
17,5,16.3,60,0.27166666666666667,0,1,0,2
12,5,45.5,50,0.91,0,0,0,0
20,6,29.1,60,0.48500000000000004,1,0,0,1
16,2,54.5,60,0.9083333333333333,0,0,0,0
10,5,50.5,60,0.8416666666666667,0,0,0,0
19,4,11.7,50,0.23399999999999999,0,1,0,2
13,7,8.4,60,0.14,1,0,0,2
20,4,38.7,60,0.645,0,0,0,1
11,3,52.8,60,0.88,0,0,0,0
5,4,47.0,60,0.7833333333333333,0,0,1,0
1,7,46.3,60,0.7716666666666666,1,0,1,0
0,7,76.5,100,0.765,1,0,1,0
14,5,15.9,30,0.53,0,0,0,1
11,3,12.1,60,0.20166666666666666,0,0,0,2
7,3,11.6,50,0.23199999999999998,0,1,0,2
10,6,32.6,50,0.652,1,0,0,1
22,2,24.6,30,0.8200000000000001,0,0,1,0
18,5,16.6,60,0.27666666666666667,0,1,0,2
20,4,68.2,80,0.8525,0,0,0,0
5,6,57.6,60,0.9600000000000001,1,0,1,0
15,6,43.7,100,0.43700000000000006,1,0,0,2
11,2,55.8,80,0.6975,0,0,0,1
19,3,23.6,60,0.39333333333333337,0,1,0,2
6,1,28.5,60,0.475,0,0,0,1
2,4,33.9,60,0.565,0,0,1,1
14,5,36.8,80,0.45999999999999996,0,0,0,1
5,7,51.6,60,0.86,1,0,1,0
0,5,56.7,60,0.9450000000000001,0,0,1,0
3,5,48.8,50,0.976,0,0,1,0
8,6,25.1,30,0.8366666666666667,1,1,0,0
18,6,15.2,50,0.304,1,1,0,2
14,3,33.8,50,0.6759999999999999,0,0,0,1
13,7,27.6,30,0.92,1,0,0,0
12,2,23.0,30,0.7666666666666667,0,0,0,0
2,2,28.4,60,0.47333333333333333,0,0,1,1
2,2,96.6,100,0.966,0,0,1,0
0,6,29.1,30,0.9700000000000001,1,0,1,0
8,3,26.1,60,0.435,0,1,0,2
10,6,32.7,50,0.654,1,0,0,1
22,5,62.2,80,0.7775000000000001,0,0,1,0
12,7,14.4,60,0.24000000000000002,1,0,0,2
3,7,51.9,60,0.865,1,0,1,0
15,6,73.2,80,0.915,1,0,0,0
12,6,54.7,60,0.9116666666666667,1,0,0,0
13,2,39.3,80,0.49124999999999996,0,0,0,1
12,6,32.1,60,0.535,1,0,0,1
20,4,59.3,60,0.9883333333333333,0,0,0,0
13,7,18.5,60,0.30833333333333335,1,0,0,2
16,2,12.9,30,0.43,0,0,0,2
12,6,42.1,50,0.8420000000000001,1,0,0,0
20,5,41.0,60,0.6833333333333333,0,0,0,1
0,2,24.4,30,0.8133333333333332,0,0,1,0
23,7,59.3,60,0.9883333333333333,1,0,1,0
15,5,49.5,80,0.61875,0,0,0,1
10,1,12.2,60,0.2033333333333333,0,0,0,2
7,1,51.1,80,0.63875,0,1,0,1
5,1,58.4,60,0.9733333333333333,0,0,1,0
11,6,48.2,60,0.8033333333333333,1,0,0,0
16,3,76.6,80,0.9574999999999999,0,0,0,0
21,1,19.1,60,0.31833333333333336,0,0,0,2
12,4,3.7,30,0.12333333333333334,0,0,0,2
19,3,25.2,50,0.504,0,1,0,1
16,6,42.8,60,0.7133333333333333,1,0,0,1
7,4,31.5,80,0.39375,0,1,0,2
1,6,17.4,60,0.29,1,0,1,2
11,3,26.8,30,0.8933333333333333,0,0,0,0
12,1,75.6,80,0.945,0,0,0,0
14,3,34.7,50,0.6940000000000001,0,0,0,1
6,7,43.4,50,0.868,1,0,0,0
15,2,28.6,60,0.4766666666666667,0,0,0,1
10,3,55.2,60,0.92,0,0,0,0
9,3,21.8,60,0.36333333333333334,0,1,0,2
9,1,22.1,80,0.27625,0,1,0,2
13,1,56.1,60,0.935,0,0,0,0
17,2,41.5,100,0.415,0,1,0,2
23,7,46.4,60,0.7733333333333333,1,0,1,0
8,2,21.3,50,0.426,0,1,0,2
6,7,28.4,30,0.9466666666666667,1,0,0,0
9,4,28.9,60,0.48166666666666663,0,1,0,1
17,7,34.9,50,0.698,1,1,0,1
15,7,8.7,60,0.145,1,0,0,2
4,3,24.7,30,0.8233333333333334,0,0,1,0
7,5,42.7,50,0.8540000000000001,0,1,0,0
21,5,36.2,60,0.6033333333333334,0,0,0,1
22,5,31.1,60,0.5183333333333333,0,0,1,1
2,3,50.7,60,0.8450000000000001,0,0,1,0
6,2,41.7,50,0.8340000000000001,0,0,0,0
17,7,50.9,60,0.8483333333333333,1,1,0,0
4,2,47.7,50,0.9540000000000001,0,0,1,0
12,7,43.1,60,0.7183333333333334,1,0,0,1
22,1,58.4,60,0.9733333333333333,0,0,1,0
17,3,24.1,60,0.40166666666666667,0,1,0,2
4,5,59.3,60,0.9883333333333333,0,0,1,0
17,4,13.0,60,0.21666666666666667,0,1,0,2
1,1,33.3,60,0.5549999999999999,0,0,1,1
18,4,11.0,50,0.22,0,1,0,2
5,2,55.8,60,0.9299999999999999,0,0,1,0
15,2,49.6,60,0.8266666666666667,0,0,0,0
4,2,55.6,60,0.9266666666666666,0,0,1,0
12,6,16.7,30,0.5566666666666666,1,0,0,1
22,2,52.6,60,0.8766666666666667,0,0,1,0
5,1,27.1,30,0.9033333333333334,0,0,1,0
14,5,19.3,50,0.386,0,0,0,2
16,3,11.1,60,0.185,0,0,0,2
21,5,24.0,60,0.4,0,0,0,2
8,1,7.4,60,0.12333333333333334,0,1,0,2
5,1,92.3,100,0.9229999999999999,0,0,1,0
10,5,31.5,80,0.39375,0,0,0,2
8,7,45.5,50,0.91,1,1,0,0
13,4,57.6,60,0.9600000000000001,0,0,0,0
11,6,32.4,60,0.5399999999999999,1,0,0,1
2,1,66.3,80,0.82875,0,0,1,0
19,6,36.9,100,0.369,1,1,0,2
20,7,22.2,60,0.37,1,0,0,2
0,4,37.9,50,0.758,0,0,1,0
17,7,40.8,60,0.6799999999999999,1,1,0,1
10,4,78.8,80,0.985,0,0,0,0
14,4,39.1,50,0.782,0,0,0,0
23,4,56.0,60,0.9333333333333333,0,0,1,0
5,7,48.4,60,0.8066666666666666,1,0,1,0
3,1,40.7,50,0.8140000000000001,0,0,1,0
21,2,28.1,30,0.9366666666666668,0,0,0,0
21,7,61.2,80,0.765,1,0,0,0
16,1,19.9,60,0.33166666666666667,0,0,0,2
6,7,54.3,60,0.9049999999999999,1,0,0,0
20,5,42.6,50,0.852,0,0,0,0
8,6,49.7,60,0.8283333333333334,1,1,0,0
5,2,79.2,100,0.792,0,0,1,0
7,2,10.2,60,0.16999999999999998,0,1,0,2
6,6,76.1,100,0.7609999999999999,1,0,0,0
3,4,41.6,50,0.8320000000000001,0,0,1,0
12,1,73.1,80,0.91375,0,0,0,0
13,7,41.0,50,0.82,1,0,0,0
15,1,29.6,60,0.49333333333333335,0,0,0,1
17,5,34.5,50,0.69,0,1,0,1
14,3,54.7,60,0.9116666666666667,0,0,0,0
13,1,44.8,50,0.8959999999999999,0,0,0,0
14,4,62.1,80,0.77625,0,0,0,0
4,3,51.1,60,0.8516666666666667,0,0,1,0
1,6,56.7,60,0.9450000000000001,1,0,1,0
2,3,49.0,60,0.8166666666666667,0,0,1,0
5,6,32.3,50,0.6459999999999999,1,0,1,1
8,6,18.1,30,0.6033333333333334,1,1,0,1
11,3,17.4,30,0.58,0,0,0,1
12,7,22.4,80,0.27999999999999997,1,0,0,2
13,6,20.8,50,0.41600000000000004,1,0,0,2
3,6,22.7,30,0.7566666666666666,1,0,1,0
0,6,47.7,60,0.795,1,0,1,0
12,6,44.4,80,0.5549999999999999,1,0,0,1
21,6,27.2,30,0.9066666666666666,1,0,0,0
6,1,35.8,60,0.5966666666666666,0,0,0,1
12,5,24.3,60,0.405,0,0,0,2
16,6,35.0,60,0.5833333333333334,1,0,0,1
14,1,49.9,50,0.998,0,0,0,0
3,6,69.3,80,0.86625,1,0,1,0
12,2,20.7,30,0.69,0,0,0,1
17,3,10.4,80,0.13,0,1,0,2
22,5,42.4,50,0.848,0,0,1,0
11,2,49.4,60,0.8233333333333334,0,0,0,0
20,6,23.6,60,0.39333333333333337,1,0,0,2
4,5,72.2,80,0.9025000000000001,0,0,1,0
4,6,40.9,50,0.818,1,0,1,0
2,3,56.6,60,0.9433333333333334,0,0,1,0
21,1,23.2,30,0.7733333333333333,0,0,0,0
23,6,23.8,60,0.39666666666666667,1,0,1,2
14,3,13.6,50,0.272,0,0,0,2
10,6,59.5,60,0.9916666666666667,1,0,0,0
1,7,58.7,60,0.9783333333333334,1,0,1,0
22,6,37.5,60,0.625,1,0,1,1
8,1,35.5,60,0.5916666666666667,0,1,0,1
11,5,64.0,80,0.8,0,0,0,0
4,4,29.3,100,0.293,0,0,1,2
8,1,39.6,80,0.495,0,1,0,1
1,7,59.9,60,0.9983333333333333,1,0,1,0
6,7,16.5,60,0.275,1,0,0,2
10,5,54.5,60,0.9083333333333333,0,0,0,0
18,5,42.9,80,0.53625,0,1,0,1
12,3,43.7,50,0.8740000000000001,0,0,0,0
7,3,66.8,80,0.835,0,1,0,0
0,7,41.2,50,0.8240000000000001,1,0,1,0
19,7,28.1,60,0.4683333333333334,1,1,0,1
2,6,75.2,100,0.752,1,0,1,0
13,4,48.9,50,0.978,0,0,0,0
7,6,47.0,50,0.94,1,1,0,0
17,7,35.8,60,0.5966666666666666,1,1,0,1
5,6,47.4,50,0.948,1,0,1,0
17,2,9.2,80,0.11499999999999999,0,1,0,2
8,5,14.8,80,0.185,0,1,0,2
2,2,54.0,60,0.9,0,0,1,0
7,5,63.9,80,0.79875,0,1,0,0
8,1,27.2,80,0.33999999999999997,0,1,0,2
9,6,19.5,60,0.325,1,1,0,2
5,5,46.9,60,0.7816666666666666,0,0,1,0
7,6,41.6,50,0.8320000000000001,1,1,0,0
5,6,51.4,60,0.8566666666666667,1,0,1,0
23,7,45.2,60,0.7533333333333334,1,0,1,0
0,6,69.7,80,0.8712500000000001,1,0,1,0
11,7,67.8,100,0.6779999999999999,1,0,0,1
9,3,69.0,100,0.69,0,1,0,1
15,2,59.3,60,0.9883333333333333,0,0,0,0
13,6,54.0,100,0.54,1,0,0,1
20,2,56.3,60,0.9383333333333332,0,0,0,0
1,4,57.9,60,0.965,0,0,1,0
7,6,76.2,80,0.9525,1,1,0,0
11,3,28.1,30,0.9366666666666668,0,0,0,0
17,2,29.0,50,0.58,0,1,0,1
23,3,56.2,60,0.9366666666666668,0,0,1,0
5,5,47.8,60,0.7966666666666666,0,0,1,0
12,4,58.9,80,0.73625,0,0,0,1
16,6,15.6,80,0.195,1,0,0,2
18,6,20.0,30,0.6666666666666666,1,1,0,1
21,2,35.5,50,0.71,0,0,0,1
13,1,77.4,80,0.9675,0,0,0,0
9,3,6.5,60,0.10833333333333334,0,1,0,2
17,5,43.8,100,0.43799999999999994,0,1,0,2
13,3,58.5,60,0.975,0,0,0,0
2,2,26.2,30,0.8733333333333333,0,0,1,0
16,6,46.9,50,0.938,1,0,0,0
16,4,43.8,50,0.8759999999999999,0,0,0,0
20,2,36.0,60,0.6,0,0,0,1
11,6,57.1,60,0.9516666666666667,1,0,0,0
18,6,35.9,60,0.5983333333333333,1,1,0,1
5,4,23.2,30,0.7733333333333333,0,0,1,0
9,2,9.8,50,0.196,0,1,0,2
18,3,6.9,50,0.138,0,1,0,2
12,4,37.6,80,0.47000000000000003,0,0,0,1
1,1,63.1,80,0.7887500000000001,0,0,1,0
7,2,30.8,50,0.616,0,1,0,1
6,2,42.3,50,0.846,0,0,0,0
7,1,9.4,30,0.31333333333333335,0,1,0,2
10,4,74.4,80,0.93,0,0,0,0
20,3,15.1,100,0.151,0,0,0,2
9,5,23.1,60,0.385,0,1,0,2
9,6,43.5,50,0.87,1,1,0,0
4,1,55.2,60,0.92,0,0,1,0
10,5,50.1,60,0.8350000000000001,0,0,0,0
19,5,16.2,100,0.162,0,1,0,2
16,2,38.1,50,0.762,0,0,0,0
19,7,30.2,60,0.5033333333333333,1,1,0,1
11,3,15.0,50,0.3,0,0,0,2
7,3,58.0,100,0.58,0,1,0,1
8,1,11.6,80,0.145,0,1,0,2
14,7,64.6,100,0.6459999999999999,1,0,0,1
10,7,11.9,30,0.39666666666666667,1,0,0,2
0,6,23.2,60,0.38666666666666666,1,0,1,2
16,4,36.4,50,0.728,0,0,0,1
6,2,19.5,50,0.39,0,0,0,2
7,7,9.9,30,0.33,1,1,0,2
5,2,55.1,60,0.9183333333333333,0,0,1,0
16,3,90.8,100,0.9079999999999999,0,0,0,0
8,3,32.3,80,0.40374999999999994,0,1,0,2
9,2,40.7,50,0.8140000000000001,0,1,0,0
11,4,61.1,100,0.611,0,0,0,1
3,3,62.3,80,0.7787499999999999,0,0,1,0
5,3,10.4,50,0.20800000000000002,0,0,1,2
9,6,52.7,60,0.8783333333333334,1,1,0,0
20,7,51.4,60,0.8566666666666667,1,0,0,0
1,1,78.4,80,0.9800000000000001,0,0,1,0
0,6,23.3,30,0.7766666666666667,1,0,1,0
13,2,29.2,50,0.584,0,0,0,1
5,4,72.0,80,0.9,0,0,1,0
5,2,26.4,30,0.88,0,0,1,0
19,6,10.4,60,0.17333333333333334,1,1,0,2
5,4,28.8,30,0.9600000000000001,0,0,1,0
7,7,78.1,100,0.7809999999999999,1,1,0,0
4,5,51.8,60,0.8633333333333333,0,0,1,0
22,5,15.2,30,0.5066666666666666,0,0,1,1
9,3,58.5,80,0.73125,0,1,0,1
14,1,41.2,60,0.6866666666666668,0,0,0,1
9,7,49.7,60,0.8283333333333334,1,1,0,0
9,7,43.1,50,0.862,1,1,0,0
6,2,46.4,60,0.7733333333333333,0,0,0,0
5,2,57.3,60,0.955,0,0,1,0
10,1,56.0,60,0.9333333333333333,0,0,0,0
15,5,48.8,60,0.8133333333333332,0,0,0,0
6,7,46.1,50,0.922,1,0,0,0
0,5,57.5,60,0.9583333333333334,0,0,1,0
19,7,55.4,60,0.9233333333333333,1,1,0,0
15,5,33.6,60,0.56,0,0,0,1
9,7,52.8,60,0.88,1,1,0,0
11,2,43.9,60,0.7316666666666667,0,0,0,1
6,4,9.4,30,0.31333333333333335,0,0,0,2
10,2,39.2,50,0.784,0,0,0,0
0,4,63.7,80,0.79625,0,0,1,0
1,4,55.4,60,0.9233333333333333,0,0,1,0
21,4,54.2,60,0.9033333333333334,0,0,0,0
2,3,85.0,100,0.85,0,0,1,0
8,7,45.1,50,0.902,1,1,0,0
13,4,57.5,60,0.9583333333333334,0,0,0,0
8,4,19.6,100,0.196,0,1,0,2
6,4,20.3,30,0.6766666666666666,0,0,0,1
19,4,15.7,60,0.26166666666666666,0,1,0,2
20,6,49.1,60,0.8183333333333334,1,0,0,0
10,2,49.6,60,0.8266666666666667,0,0,0,0
10,3,73.5,100,0.735,0,0,0,1
23,6,59.4,60,0.99,1,0,1,0
19,6,25.5,50,0.51,1,1,0,1
19,5,22.6,50,0.452,0,1,0,1
5,6,26.7,30,0.89,1,0,1,0
8,6,43.0,50,0.86,1,1,0,0
12,6,32.5,60,0.5416666666666666,1,0,0,1
15,2,28.6,30,0.9533333333333334,0,0,0,0
2,7,16.8,50,0.336,1,0,1,2
11,4,18.1,30,0.6033333333333334,0,0,0,1
17,2,21.4,80,0.26749999999999996,0,1,0,2
15,5,61.4,80,0.7675,0,0,0,0
23,5,24.4,30,0.8133333333333332,0,0,1,0
4,2,50.3,60,0.8383333333333333,0,0,1,0
10,6,28.6,50,0.5720000000000001,1,0,0,1
6,1,51.5,80,0.64375,0,0,0,1
9,5,69.2,100,0.6920000000000001,0,1,0,1
15,1,33.6,60,0.56,0,0,0,1
22,5,51.9,60,0.865,0,0,1,0
18,5,12.9,100,0.129,0,1,0,2
7,6,52.4,60,0.8733333333333333,1,1,0,0
0,4,24.1,30,0.8033333333333333,0,0,1,0
11,1,53.7,80,0.67125,0,0,0,1
23,7,45.6,50,0.912,1,0,1,0
21,4,29.7,30,0.99,0,0,0,0
3,1,83.3,100,0.833,0,0,1,0
3,1,72.2,80,0.9025000000000001,0,0,1,0
3,4,50.9,60,0.8483333333333333,0,0,1,0
4,6,46.5,60,0.775,1,0,1,0
7,4,43.0,60,0.7166666666666667,0,1,0,1
20,4,19.4,50,0.38799999999999996,0,0,0,2
2,6,53.6,60,0.8933333333333333,1,0,1,0
13,7,16.9,80,0.21125,1,0,0,2
23,7,45.6,60,0.76,1,0,1,0
23,2,62.3,80,0.7787499999999999,0,0,1,0
0,7,25.0,30,0.8333333333333334,1,0,1,0
2,4,21.5,60,0.35833333333333334,0,0,1,2
21,4,23.2,30,0.7733333333333333,0,0,0,0
11,3,30.2,60,0.5033333333333333,0,0,0,1
21,4,28.9,30,0.9633333333333333,0,0,0,0
3,4,76.5,80,0.95625,0,0,1,0
4,7,44.7,50,0.894,1,0,1,0
1,6,14.0,30,0.4666666666666667,1,0,1,1
13,5,22.3,60,0.3716666666666667,0,0,0,2
2,1,57.2,60,0.9533333333333334,0,0,1,0
2,6,66.2,80,0.8275,1,0,1,0
11,5,22.6,50,0.452,0,0,0,1
3,7,48.5,60,0.8083333333333333,1,0,1,0
22,5,69.3,80,0.86625,0,0,1,0
4,6,41.5,60,0.6916666666666667,1,0,1,1
20,1,91.5,100,0.915,0,0,0,0
19,3,11.8,30,0.39333333333333337,0,1,0,2
3,3,48.1,60,0.8016666666666666,0,0,1,0
14,5,94.1,100,0.941,0,0,0,0
12,2,22.2,60,0.37,0,0,0,2
15,7,39.5,50,0.79,1,0,0,0
19,2,16.8,60,0.28,0,1,0,2
17,7,54.6,80,0.6825,1,1,0,1
14,6,24.3,60,0.405,1,0,0,2
7,3,28.9,60,0.48166666666666663,0,1,0,1
0,5,67.6,80,0.845,0,0,1,0
15,4,21.1,30,0.7033333333333334,0,0,0,1
6,1,34.4,60,0.5733333333333334,0,0,0,1
1,7,24.5,30,0.8166666666666667,1,0,1,0
11,5,14.5,30,0.48333333333333334,0,0,0,1
22,6,95.7,100,0.9570000000000001,1,0,1,0
1,2,50.5,60,0.8416666666666667,0,0,1,0
16,1,47.7,50,0.9540000000000001,0,0,0,0
16,1,37.3,80,0.46624999999999994,0,0,0,1
15,3,87.9,100,0.879,0,0,0,0
23,4,42.4,50,0.848,0,0,1,0
13,7,29.7,60,0.495,1,0,0,1
7,4,12.5,80,0.15625,0,1,0,2
3,7,42.2,50,0.8440000000000001,1,0,1,0
21,2,25.7,60,0.42833333333333334,0,0,0,2
19,4,47.9,50,0.958,0,1,0,0
0,7,39.7,50,0.794,1,0,1,0
12,6,30.2,80,0.3775,1,0,0,2
10,5,73.3,80,0.91625,0,0,0,0
1,2,9.2,80,0.11499999999999999,0,0,1,2
17,2,28.3,30,0.9433333333333334,0,1,0,0
6,1,28.9,50,0.578,0,0,0,1
14,4,58.6,80,0.7325,0,0,0,1
10,7,53.4,60,0.89,1,0,0,0
22,5,58.4,60,0.9733333333333333,0,0,1,0
17,7,7.2,60,0.12000000000000001,1,1,0,2
6,7,36.2,60,0.6033333333333334,1,0,0,1
22,1,61.8,80,0.7725,0,0,1,0
8,5,14.8,50,0.29600000000000004,0,1,0,2
8,6,24.1,100,0.24100000000000002,1,1,0,2
23,7,16.2,30,0.5399999999999999,1,0,1,1
17,1,6.2,50,0.124,0,1,0,2
9,1,21.1,60,0.3516666666666667,0,1,0,2
3,3,67.4,80,0.8425,0,0,1,0
20,6,51.4,100,0.514,1,0,0,1
16,2,18.1,60,0.3016666666666667,0,0,0,2
23,1,54.7,60,0.9116666666666667,0,0,1,0
23,2,47.2,60,0.7866666666666667,0,0,1,0
8,7,50.4,60,0.84,1,1,0,0
5,1,45.2,80,0.5650000000000001,0,0,1,1
2,1,34.4,80,0.43,0,0,1,2
20,6,47.8,50,0.956,1,0,0,0
22,5,41.5,50,0.83,0,0,1,0
10,2,11.7,60,0.19499999999999998,0,0,0,2
6,3,38.9,50,0.778,0,0,0,0
12,4,29.2,60,0.48666666666666664,0,0,0,1
2,7,45.9,80,0.57375,1,0,1,1
5,2,27.3,30,0.91,0,0,1,0
14,6,46.9,80,0.5862499999999999,1,0,0,1
14,5,30.8,50,0.616,0,0,0,1
11,1,7.2,60,0.12000000000000001,0,0,0,2
8,2,45.7,50,0.914,0,1,0,0
8,6,26.5,30,0.8833333333333333,1,1,0,0
7,1,57.9,80,0.72375,0,1,0,1
5,2,62.9,100,0.629,0,0,1,1
23,6,39.9,80,0.49874999999999997,1,0,1,1
11,4,32.1,60,0.535,0,0,0,1
11,2,63.3,80,0.79125,0,0,0,0
15,7,4.5,30,0.15,1,0,0,2
17,3,16.7,80,0.20875,0,1,0,2
17,6,25.5,50,0.51,1,1,0,1
6,6,25.5,30,0.85,1,0,0,0
8,5,25.7,60,0.42833333333333334,0,1,0,2
23,7,67.8,80,0.8474999999999999,1,0,1,0
16,4,33.7,60,0.5616666666666668,0,0,0,1
20,4,38.3,50,0.7659999999999999,0,0,0,0
1,2,39.9,50,0.7979999999999999,0,0,1,0
8,6,67.1,80,0.8387499999999999,1,1,0,0
17,7,25.6,30,0.8533333333333334,1,1,0,0
14,5,29.6,60,0.49333333333333335,0,0,0,1
19,6,46.6,60,0.7766666666666667,1,1,0,0
19,6,47.1,80,0.58875,1,1,0,1
0,6,76.4,80,0.9550000000000001,1,0,1,0
18,1,31.4,60,0.5233333333333333,0,1,0,1
3,2,75.8,80,0.9475,0,0,1,0
15,1,28.3,30,0.9433333333333334,0,0,0,0
6,6,54.3,60,0.9049999999999999,1,0,0,0
5,7,9.0,60,0.15,1,0,1,2
20,6,6.6,60,0.11,1,0,0,2
5,6,27.0,30,0.9,1,0,1,0
17,5,48.1,60,0.8016666666666666,0,1,0,0
21,5,67.1,80,0.8387499999999999,0,0,0,0
22,2,37.6,50,0.752,0,0,1,0
20,3,27.5,60,0.4583333333333333,0,0,0,1
23,5,25.4,50,0.508,0,0,1,1
21,4,52.9,60,0.8816666666666666,0,0,0,0
3,1,50.5,60,0.8416666666666667,0,0,1,0
2,6,47.1,100,0.47100000000000003,1,0,1,1
15,7,53.7,60,0.895,1,0,0,0
23,2,47.0,50,0.94,0,0,1,0
11,3,16.4,30,0.5466666666666666,0,0,0,1
23,2,55.9,60,0.9316666666666666,0,0,1,0
18,4,17.0,60,0.2833333333333333,0,1,0,2
22,5,51.2,60,0.8533333333333334,0,0,1,0
1,3,68.5,80,0.85625,0,0,1,0
15,7,41.8,50,0.836,1,0,0,0
20,1,61.0,80,0.7625,0,0,0,0
21,5,31.7,60,0.5283333333333333,0,0,0,1
21,7,43.1,50,0.862,1,0,0,0
7,5,15.6,60,0.26,0,1,0,2
15,2,59.1,60,0.985,0,0,0,0
22,7,51.3,80,0.64125,1,0,1,1
22,6,25.2,30,0.84,1,0,1,0
10,2,43.7,60,0.7283333333333334,0,0,0,1
4,2,32.8,60,0.5466666666666666,0,0,1,1
18,5,39.8,100,0.39799999999999996,0,1,0,2
21,1,68.9,80,0.8612500000000001,0,0,0,0
8,6,52.2,100,0.522,1,1,0,1
5,4,47.3,50,0.946,0,0,1,0
15,5,50.2,60,0.8366666666666667,0,0,0,0
8,7,61.5,80,0.76875,1,1,0,0
18,3,29.6,60,0.49333333333333335,0,1,0,1
22,5,49.9,60,0.8316666666666667,0,0,1,0
1,7,69.8,80,0.8724999999999999,1,0,1,0
23,2,77.8,80,0.9724999999999999,0,0,1,0
23,2,46.0,60,0.7666666666666667,0,0,1,0
8,3,41.5,60,0.6916666666666667,0,1,0,1
16,6,20.5,50,0.41,1,0,0,2
23,3,52.1,60,0.8683333333333334,0,0,1,0
15,3,98.2,100,0.982,0,0,0,0
17,1,14.4,60,0.24000000000000002,0,1,0,2
6,6,50.7,60,0.8450000000000001,1,0,0,0
13,1,21.7,30,0.7233333333333333,0,0,0,1
10,4,53.4,60,0.89,0,0,0,0
17,2,19.3,80,0.24125000000000002,0,1,0,2
3,7,42.3,60,0.705,1,0,1,1
7,2,28.3,60,0.4716666666666667,0,1,0,1
14,4,48.7,50,0.9740000000000001,0,0,0,0
19,2,17.6,30,0.5866666666666667,0,1,0,1
5,6,54.5,60,0.9083333333333333,1,0,1,0
22,5,62.9,80,0.78625,0,0,1,0
16,5,46.3,50,0.9259999999999999,0,0,0,0
21,1,67.0,80,0.8375,0,0,0,0
6,4,26.1,30,0.87,0,0,0,0
1,5,42.5,60,0.7083333333333334,0,0,1,1
16,4,65.0,80,0.8125,0,0,0,0
3,3,59.9,60,0.9983333333333333,0,0,1,0
9,2,19.6,60,0.3266666666666667,0,1,0,2
2,6,45.7,60,0.7616666666666667,1,0,1,0
15,1,35.1,60,0.5850000000000001,0,0,0,1
9,5,65.2,80,0.8150000000000001,0,1,0,0
19,7,33.2,50,0.664,1,1,0,1
11,6,17.5,80,0.21875,1,0,0,2
1,4,39.6,50,0.792,0,0,1,0
19,4,15.5,60,0.25833333333333336,0,1,0,2
18,1,19.2,60,0.32,0,1,0,2
5,1,64.1,80,0.8012499999999999,0,0,1,0
17,1,22.7,30,0.7566666666666666,0,1,0,0
22,1,47.3,50,0.946,0,0,1,0
22,3,51.7,60,0.8616666666666667,0,0,1,0
19,6,31.9,50,0.638,1,1,0,1
21,1,48.3,50,0.966,0,0,0,0
13,6,34.3,50,0.6859999999999999,1,0,0,1
14,1,28.1,60,0.4683333333333334,0,0,0,1
0,7,8.8,80,0.11000000000000001,1,0,1,2
0,6,54.2,60,0.9033333333333334,1,0,1,0
17,4,33.3,60,0.5549999999999999,0,1,0,1
17,3,10.9,60,0.18166666666666667,0,1,0,2
2,6,70.2,80,0.8775000000000001,1,0,1,0
23,4,54.6,60,0.91,0,0,1,0
7,4,6.4,60,0.10666666666666667,0,1,0,2
6,6,29.0,60,0.48333333333333334,1,0,0,1
23,1,48.7,60,0.8116666666666668,0,0,1,0
17,6,7.5,30,0.25,1,1,0,2
19,3,12.5,50,0.25,0,1,0,2
5,4,59.1,60,0.985,0,0,1,0
11,4,76.2,100,0.762,0,0,0,0
3,4,45.8,50,0.9159999999999999,0,0,1,0
10,2,33.3,50,0.6659999999999999,0,0,0,1
20,4,55.0,60,0.9166666666666666,0,0,0,0
15,7,57.9,80,0.72375,1,0,0,1
12,1,47.5,60,0.7916666666666666,0,0,0,0
15,7,27.3,60,0.455,1,0,0,1
22,5,35.6,60,0.5933333333333334,0,0,1,1
17,4,34.3,80,0.42874999999999996,0,1,0,2
8,6,70.9,100,0.7090000000000001,1,1,0,1
4,6,55.7,60,0.9283333333333333,1,0,1,0
23,7,73.1,80,0.91375,1,0,1,0
10,6,40.6,60,0.6766666666666666,1,0,0,1
23,5,70.4,80,0.8800000000000001,0,0,1,0
13,2,50.4,60,0.84,0,0,0,0
10,2,79.2,100,0.792,0,0,0,0
5,2,23.0,30,0.7666666666666667,0,0,1,0
5,1,49.3,60,0.8216666666666667,0,0,1,0
10,7,34.0,50,0.68,1,0,0,1
4,4,47.2,60,0.7866666666666667,0,0,1,0
3,7,41.4,50,0.828,1,0,1,0
19,1,72.1,100,0.721,0,1,0,1
2,7,77.8,100,0.778,1,0,1,0
1,7,51.3,60,0.855,1,0,1,0
7,5,25.1,60,0.41833333333333333,0,1,0,2
12,1,18.6,30,0.62,0,0,0,1
12,1,22.7,50,0.45399999999999996,0,0,0,1
13,3,67.8,80,0.8474999999999999,0,0,0,0
8,7,52.8,60,0.88,1,1,0,0
0,2,45.9,50,0.9179999999999999,0,0,1,0
22,6,13.5,30,0.45,1,0,1,1
12,3,23.1,60,0.385,0,0,0,2
1,6,26.1,50,0.522,1,0,1,1
23,4,45.8,60,0.7633333333333333,0,0,1,0
16,6,24.4,80,0.305,1,0,0,2
2,6,49.4,80,0.6174999999999999,1,0,1,1
19,7,52.3,60,0.8716666666666666,1,1,0,0
9,7,24.6,50,0.49200000000000005,1,1,0,1
18,4,17.8,80,0.2225,0,1,0,2
15,4,25.0,30,0.8333333333333334,0,0,0,0
0,1,30.1,60,0.5016666666666667,0,0,1,1
2,7,57.8,60,0.9633333333333333,1,0,1,0
18,5,23.5,60,0.39166666666666666,0,1,0,2
18,1,21.7,50,0.434,0,1,0,2
21,6,64.3,100,0.643,1,0,0,1
22,7,59.5,60,0.9916666666666667,1,0,1,0
12,4,51.4,80,0.6425,0,0,0,1
18,5,13.3,60,0.22166666666666668,0,1,0,2
0,4,53.2,60,0.8866666666666667,0,0,1,0
2,3,72.0,80,0.9,0,0,1,0
11,5,50.8,60,0.8466666666666666,0,0,0,0
1,1,41.3,50,0.826,0,0,1,0
6,6,59.1,60,0.985,1,0,0,0
17,3,33.1,50,0.662,0,1,0,1
12,7,17.6,60,0.29333333333333333,1,0,0,2
6,6,59.3,60,0.9883333333333333,1,0,0,0
19,7,22.1,30,0.7366666666666667,1,1,0,1
18,6,47.1,60,0.785,1,1,0,0
19,7,17.7,60,0.295,1,1,0,2
16,7,29.8,60,0.4966666666666667,1,0,0,1
18,4,8.9,30,0.2966666666666667,0,1,0,2
1,2,40.1,50,0.802,0,0,1,0
18,2,27.5,80,0.34375,0,1,0,2
10,5,78.5,80,0.98125,0,0,0,0
21,2,32.9,60,0.5483333333333333,0,0,0,1
2,2,55.1,60,0.9183333333333333,0,0,1,0
7,5,20.7,50,0.414,0,1,0,2
4,5,24.7,80,0.30874999999999997,0,0,1,2
22,3,45.8,60,0.7633333333333333,0,0,1,0
12,1,48.2,80,0.6025,0,0,0,1
4,3,40.9,50,0.818,0,0,1,0
22,2,48.1,60,0.8016666666666666,0,0,1,0
20,5,76.3,80,0.95375,0,0,0,0
16,6,63.6,100,0.636,1,0,0,1
6,4,23.0,30,0.7666666666666667,0,0,0,0
10,3,72.8,80,0.9099999999999999,0,0,0,0
5,4,49.3,50,0.986,0,0,1,0
21,1,28.5,30,0.95,0,0,0,0
7,3,12.1,100,0.121,0,1,0,2
5,2,60.0,60,1.0,0,0,1,0
23,1,45.6,50,0.912,0,0,1,0
21,6,46.2,60,0.77,1,0,0,0
10,5,55.4,60,0.9233333333333333,0,0,0,0
16,2,31.5,60,0.525,0,0,0,1
10,6,77.9,80,0.9737500000000001,1,0,0,0
5,2,51.0,60,0.85,0,0,1,0
8,5,16.4,60,0.2733333333333333,0,1,0,2
14,6,93.4,100,0.934,1,0,0,0
14,4,57.8,80,0.7224999999999999,0,0,0,1
12,6,27.0,30,0.9,1,0,0,0
6,1,44.5,50,0.89,0,0,0,0
0,6,26.0,50,0.52,1,0,1,1
1,7,45.4,50,0.9079999999999999,1,0,1,0
7,3,15.9,60,0.265,0,1,0,2
5,4,55.0,60,0.9166666666666666,0,0,1,0
0,6,72.3,80,0.9037499999999999,1,0,1,0
21,1,79.3,100,0.7929999999999999,0,0,0,0
17,4,5.4,50,0.10800000000000001,0,1,0,2
23,5,54.9,60,0.9149999999999999,0,0,1,0
12,5,49.3,50,0.986,0,0,0,0
7,6,58.1,60,0.9683333333333334,1,1,0,0
5,7,40.3,80,0.5037499999999999,1,0,1,1
6,5,26.2,30,0.8733333333333333,0,0,0,0
5,4,94.0,100,0.94,0,0,1,0
13,7,36.5,50,0.73,1,0,0,1
23,7,49.8,60,0.83,1,0,1,0
21,3,46.7,80,0.58375,0,0,0,1
19,5,43.5,60,0.725,0,1,0,1
18,5,16.5,60,0.275,0,1,0,2
7,1,18.1,80,0.22625,0,1,0,2
9,4,33.7,80,0.42125,0,1,0,2
22,7,85.4,100,0.8540000000000001,1,0,1,0
18,5,17.6,80,0.22000000000000003,0,1,0,2
11,4,55.8,60,0.9299999999999999,0,0,0,0
6,7,48.6,60,0.81,1,0,0,0
22,5,28.7,30,0.9566666666666667,0,0,1,0
7,6,59.1,60,0.985,1,1,0,0
19,4,10.9,60,0.18166666666666667,0,1,0,2
12,5,21.6,60,0.36000000000000004,0,0,0,2
5,7,48.8,50,0.976,1,0,1,0
22,3,46.3,60,0.7716666666666666,0,0,1,0
19,5,8.4,60,0.14,0,1,0,2
2,2,41.6,50,0.8320000000000001,0,0,1,0
5,1,66.5,80,0.83125,0,0,1,0
0,5,49.8,50,0.996,0,0,1,0
3,5,46.4,50,0.9279999999999999,0,0,1,0
16,4,15.7,30,0.5233333333333333,0,0,0,1
4,1,94.4,100,0.9440000000000001,0,0,1,0
7,4,58.3,80,0.72875,0,1,0,1
0,2,63.2,80,0.79,0,0,1,0
1,1,31.4,60,0.5233333333333333,0,0,1,1
21,5,28.8,60,0.48000000000000004,0,0,0,1
5,3,52.4,60,0.8733333333333333,0,0,1,0
13,2,50.9,60,0.8483333333333333,0,0,0,0
2,7,50.3,60,0.8383333333333333,1,0,1,0
14,6,39.8,50,0.7959999999999999,1,0,0,0
3,1,50.2,60,0.8366666666666667,0,0,1,0
23,1,52.9,60,0.8816666666666666,0,0,1,0
10,6,28.2,80,0.3525,1,0,0,2
14,1,12.4,50,0.248,0,0,0,2
23,2,43.1,60,0.7183333333333334,0,0,1,1
7,6,29.3,30,0.9766666666666667,1,1,0,0
4,2,53.7,60,0.895,0,0,1,0
10,6,45.3,60,0.755,1,0,0,0
16,2,26.0,80,0.325,0,0,0,2
9,3,50.4,100,0.504,0,1,0,1
5,7,55.4,60,0.9233333333333333,1,0,1,0
22,7,43.1,60,0.7183333333333334,1,0,1,1
7,5,11.1,60,0.185,0,1,0,2
21,6,75.7,80,0.94625,1,0,0,0
21,1,84.7,100,0.847,0,0,0,0
14,1,55.8,80,0.6975,0,0,0,1
6,7,38.2,60,0.6366666666666667,1,0,0,1
14,5,21.1,60,0.3516666666666667,0,0,0,2
5,2,79.0,80,0.9875,0,0,1,0
21,5,50.6,60,0.8433333333333334,0,0,0,0
18,7,33.7,80,0.42125,1,1,0,2
5,1,89.7,100,0.897,0,0,1,0
4,5,73.7,80,0.92125,0,0,1,0
17,1,25.4,60,0.4233333333333333,0,1,0,2
17,1,21.0,50,0.42,0,1,0,2
5,2,28.8,50,0.5760000000000001,0,0,1,1
8,1,15.7,60,0.26166666666666666,0,1,0,2
15,7,40.1,80,0.50125,1,0,0,1
18,4,27.4,60,0.45666666666666667,0,1,0,1
17,1,30.0,60,0.5,0,1,0,1
10,2,22.3,60,0.3716666666666667,0,0,0,2
12,3,14.4,60,0.24000000000000002,0,0,0,2
9,5,13.4,60,0.22333333333333333,0,1,0,2
10,2,93.2,100,0.932,0,0,0,0
17,7,20.5,30,0.6833333333333333,1,1,0,1
22,7,23.0,30,0.7666666666666667,1,0,1,0
2,4,56.3,60,0.9383333333333332,0,0,1,0
15,7,42.1,50,0.8420000000000001,1,0,0,0
13,1,53.4,60,0.89,0,0,0,0
4,1,57.1,60,0.9516666666666667,0,0,1,0
1,5,75.8,100,0.758,0,0,1,0
0,5,94.0,100,0.94,0,0,1,0
9,4,20.7,50,0.414,0,1,0,2
7,2,77.4,80,0.9675,0,1,0,0
3,3,46.7,60,0.7783333333333334,0,0,1,0
4,4,60.5,80,0.75625,0,0,1,0
15,4,45.7,60,0.7616666666666667,0,0,0,0
12,5,53.3,60,0.8883333333333333,0,0,0,0
17,4,6.7,50,0.134,0,1,0,2
16,2,56.2,60,0.9366666666666668,0,0,0,0
23,3,70.9,80,0.8862500000000001,0,0,1,0
23,5,43.6,60,0.7266666666666667,0,0,1,1
4,5,31.7,60,0.5283333333333333,0,0,1,1
1,7,96.6,100,0.966,1,0,1,0
8,7,55.8,60,0.9299999999999999,1,1,0,0
6,2,70.5,80,0.88125,0,0,0,0
11,6,42.0,60,0.7,1,0,0,1
4,1,24.4,30,0.8133333333333332,0,0,1,0
19,1,21.3,50,0.426,0,1,0,2
18,1,32.3,50,0.6459999999999999,0,1,0,1
5,3,66.2,80,0.8275,0,0,1,0
21,3,83.9,100,0.8390000000000001,0,0,0,0
3,4,54.3,60,0.9049999999999999,0,0,1,0
8,7,57.0,60,0.95,1,1,0,0
16,5,28.3,50,0.5660000000000001,0,0,0,1
16,1,37.7,60,0.6283333333333334,0,0,0,1
21,5,35.4,50,0.708,0,0,0,1
5,3,74.4,80,0.93,0,0,1,0
13,5,55.6,80,0.6950000000000001,0,0,0,1
0,5,45.9,60,0.765,0,0,1,0
3,5,49.3,60,0.8216666666666667,0,0,1,0
17,6,26.8,50,0.536,1,1,0,1
1,4,45.3,60,0.755,0,0,1,0
0,3,53.2,60,0.8866666666666667,0,0,1,0
20,1,50.0,50,1.0,0,0,0,0
10,1,26.2,30,0.8733333333333333,0,0,0,0
1,1,23.0,30,0.7666666666666667,0,0,1,0
19,2,52.2,60,0.87,0,1,0,0
6,7,26.0,60,0.43333333333333335,1,0,0,2
2,3,70.6,80,0.8825,0,0,1,0
2,4,45.9,60,0.765,0,0,1,0
10,3,34.7,60,0.5783333333333334,0,0,0,1
5,3,86.2,100,0.862,0,0,1,0
0,2,49.3,60,0.8216666666666667,0,0,1,0
23,4,35.8,60,0.5966666666666666,0,0,1,1
15,3,58.6,60,0.9766666666666667,0,0,0,0
12,4,95.9,100,0.9590000000000001,0,0,0,0
3,4,27.0,30,0.9,0,0,1,0
21,1,31.3,60,0.5216666666666667,0,0,0,1
6,5,76.6,80,0.9574999999999999,0,0,0,0
5,6,70.6,80,0.8825,1,0,1,0
15,7,14.5,60,0.24166666666666667,1,0,0,2
0,3,64.4,80,0.805,0,0,1,0
17,5,49.6,100,0.496,0,1,0,1
19,1,53.5,100,0.535,0,1,0,1
16,2,57.0,60,0.95,0,0,0,0
5,1,5.6,30,0.18666666666666665,0,0,1,2
20,6,54.1,80,0.67625,1,0,0,1
10,2,82.4,100,0.8240000000000001,0,0,0,0
23,6,41.2,60,0.6866666666666668,1,0,1,1
8,2,23.1,80,0.28875,0,1,0,2
16,4,47.0,50,0.94,0,0,0,0
5,2,52.9,60,0.8816666666666666,0,0,1,0
13,5,53.0,60,0.8833333333333333,0,0,0,0
22,6,29.5,50,0.59,1,0,1,1
11,6,27.2,60,0.4533333333333333,1,0,0,1
8,3,24.0,50,0.48,0,1,0,1
3,5,76.3,80,0.95375,0,0,1,0
22,6,36.2,60,0.6033333333333334,1,0,1,1
16,2,75.8,80,0.9475,0,0,0,0
0,2,39.6,50,0.792,0,0,1,0
12,1,82.3,100,0.823,0,0,0,0
13,1,78.5,80,0.98125,0,0,0,0
18,2,26.8,80,0.335,0,1,0,2
14,1,24.0,80,0.3,0,0,0,2
19,2,22.7,60,0.3783333333333333,0,1,0,2
14,2,24.2,30,0.8066666666666666,0,0,0,0
17,3,45.3,60,0.755,0,1,0,0
20,1,9.4,80,0.11750000000000001,0,0,0,2
19,4,22.1,60,0.36833333333333335,0,1,0,2
16,7,62.1,80,0.77625,1,0,0,0
14,7,58.3,80,0.72875,1,0,0,1
8,3,20.3,30,0.6766666666666666,0,1,0,1
8,3,12.1,30,0.4033333333333333,0,1,0,2
2,4,65.7,80,0.82125,0,0,1,0
4,4,66.5,80,0.83125,0,0,1,0
6,4,52.7,80,0.6587500000000001,0,0,0,1
20,2,74.3,80,0.92875,0,0,0,0
4,3,44.0,50,0.88,0,0,1,0
9,7,63.3,80,0.79125,1,1,0,0
13,7,22.3,80,0.27875,1,0,0,2
16,7,32.2,50,0.644,1,0,0,1
5,7,46.6,60,0.7766666666666667,1,0,1,0
14,2,65.4,80,0.8175000000000001,0,0,0,0
8,3,15.4,60,0.25666666666666665,0,1,0,2
15,7,51.7,60,0.8616666666666667,1,0,0,0
7,6,59.9,60,0.9983333333333333,1,1,0,0
13,2,80.9,100,0.809,0,0,0,0
19,1,31.1,80,0.38875000000000004,0,1,0,2
12,5,65.7,80,0.82125,0,0,0,0
22,6,56.3,60,0.9383333333333332,1,0,1,0
10,7,9.8,80,0.12250000000000001,1,0,0,2
6,4,44.8,50,0.8959999999999999,0,0,0,0
8,3,35.7,60,0.5950000000000001,0,1,0,1
9,7,48.6,50,0.972,1,1,0,0
3,5,60.8,80,0.76,0,0,1,0
9,7,30.8,50,0.616,1,1,0,1
10,5,6.4,60,0.10666666666666667,0,0,0,2
13,4,10.3,30,0.3433333333333334,0,0,0,2
15,2,33.7,60,0.5616666666666668,0,0,0,1
8,4,98.6,100,0.986,0,1,0,0
19,6,67.0,100,0.67,1,1,0,1
17,2,22.0,60,0.36666666666666664,0,1,0,2
16,3,28.8,30,0.9600000000000001,0,0,0,0
20,6,30.0,50,0.6,1,0,0,1
3,2,78.8,100,0.7879999999999999,0,0,1,0
18,6,29.3,30,0.9766666666666667,1,1,0,0
6,1,41.9,50,0.838,0,0,0,0
3,2,71.1,80,0.8887499999999999,0,0,1,0
13,3,19.3,80,0.24125000000000002,0,0,0,2
11,3,64.7,80,0.8087500000000001,0,0,0,0
8,7,47.5,80,0.59375,1,1,0,1
22,3,61.0,80,0.7625,0,0,1,0
11,4,55.6,100,0.556,0,0,0,1
23,5,55.0,60,0.9166666666666666,0,0,1,0
1,6,47.7,80,0.5962500000000001,1,0,1,1
18,2,5.8,50,0.11599999999999999,0,1,0,2
0,7,22.0,60,0.36666666666666664,1,0,1,2
1,2,48.5,80,0.60625,0,0,1,1
10,1,58.1,60,0.9683333333333334,0,0,0,0
7,5,11.2,80,0.13999999999999999,0,1,0,2
14,6,18.6,50,0.37200000000000005,1,0,0,2
5,1,45.6,60,0.76,0,0,1,0
21,6,48.3,60,0.8049999999999999,1,0,0,0
17,7,67.9,80,0.8487500000000001,1,1,0,0
8,2,30.5,60,0.5083333333333333,0,1,0,1
10,2,55.5,60,0.925,0,0,0,0
12,6,38.4,50,0.768,1,0,0,0
10,1,69.2,80,0.865,0,0,0,0
16,6,41.4,50,0.828,1,0,0,0
11,3,61.6,80,0.77,0,0,0,0
4,4,38.1,60,0.635,0,0,1,1
9,1,55.8,80,0.6975,0,1,0,1
10,2,31.8,100,0.318,0,0,0,2
10,1,67.8,80,0.8474999999999999,0,0,0,0
7,3,11.6,60,0.19333333333333333,0,1,0,2
18,2,70.8,80,0.885,0,1,0,0
12,4,13.0,30,0.43333333333333335,0,0,0,2
21,2,75.5,80,0.94375,0,0,0,0
15,5,73.5,80,0.91875,0,0,0,0
7,6,36.4,50,0.728,1,1,0,1
16,2,72.0,80,0.9,0,0,0,0
19,2,19.7,60,0.3283333333333333,0,1,0,2
1,1,39.6,50,0.792,0,0,1,0
1,4,49.8,50,0.996,0,0,1,0
14,7,35.8,50,0.716,1,0,0,1
18,5,10.1,50,0.20199999999999999,0,1,0,2
12,2,10.8,30,0.36000000000000004,0,0,0,2
0,4,46.3,60,0.7716666666666666,0,0,1,0
21,5,52.8,60,0.88,0,0,0,0
7,1,27.4,60,0.45666666666666667,0,1,0,1
15,3,43.2,60,0.7200000000000001,0,0,0,1
7,7,47.9,60,0.7983333333333333,1,1,0,0
10,3,28.2,80,0.3525,0,0,0,2
21,2,79.3,80,0.99125,0,0,0,0
21,7,73.0,80,0.9125,1,0,0,0
0,5,8.1,60,0.13499999999999998,0,0,1,2
0,5,67.6,80,0.845,0,0,1,0
4,6,29.5,80,0.36875,1,0,1,2
13,4,55.0,100,0.55,0,0,0,1
16,2,29.0,50,0.58,0,0,0,1
4,1,63.6,80,0.795,0,0,1,0
9,5,63.2,100,0.632,0,1,0,1
13,4,42.7,60,0.7116666666666667,0,0,0,1
23,1,7.7,50,0.154,0,0,1,2
10,6,41.3,80,0.51625,1,0,0,1
23,3,54.9,60,0.9149999999999999,0,0,1,0
12,3,59.2,60,0.9866666666666667,0,0,0,0
22,3,93.0,100,0.93,0,0,1,0
15,4,41.9,60,0.6983333333333334,0,0,0,1
18,7,8.0,60,0.13333333333333333,1,1,0,2
7,4,9.7,50,0.19399999999999998,0,1,0,2
22,1,29.6,60,0.49333333333333335,0,0,1,1
23,3,52.5,60,0.875,0,0,1,0
9,6,51.9,60,0.865,1,1,0,0
7,5,27.6,50,0.552,0,1,0,1
15,6,27.8,60,0.4633333333333333,1,0,0,1
0,6,53.6,60,0.8933333333333333,1,0,1,0
15,5,65.9,80,0.8237500000000001,0,0,0,0
23,5,33.6,50,0.672,0,0,1,1
23,1,41.1,50,0.8220000000000001,0,0,1,0
5,2,26.3,30,0.8766666666666667,0,0,1,0
13,6,14.4,60,0.24000000000000002,1,0,0,2
20,7,22.1,60,0.36833333333333335,1,0,0,2
16,6,19.2,50,0.384,1,0,0,2
19,3,24.6,60,0.41000000000000003,0,1,0,2
0,2,48.7,50,0.9740000000000001,0,0,1,0
21,5,40.5,60,0.675,0,0,0,1
14,7,6.9,30,0.23,1,0,0,2
5,2,92.8,100,0.9279999999999999,0,0,1,0
23,3,73.1,80,0.91375,0,0,1,0
1,1,57.0,60,0.95,0,0,1,0
8,7,59.3,60,0.9883333333333333,1,1,0,0
23,5,46.0,50,0.92,0,0,1,0
3,5,73.2,80,0.915,0,0,1,0
10,6,10.4,80,0.13,1,0,0,2
8,2,9.4,50,0.188,0,1,0,2
19,4,33.4,80,0.4175,0,1,0,2
5,3,56.8,60,0.9466666666666667,0,0,1,0
14,1,46.6,60,0.7766666666666667,0,0,0,0
22,4,39.3,50,0.7859999999999999,0,0,1,0
3,2,69.0,80,0.8625,0,0,1,0
11,2,33.3,60,0.5549999999999999,0,0,0,1
11,4,33.1,50,0.662,0,0,0,1
6,6,20.1,30,0.67,1,0,0,1
8,1,14.9,60,0.24833333333333335,0,1,0,2
9,5,40.0,100,0.4,0,1,0,2
2,2,23.2,50,0.46399999999999997,0,0,1,1
15,6,57.6,60,0.9600000000000001,1,0,0,0
23,5,25.1,30,0.8366666666666667,0,0,1,0
6,7,51.0,60,0.85,1,0,0,0
11,7,25.0,30,0.8333333333333334,1,0,0,0
18,2,8.5,50,0.17,0,1,0,2
21,2,27.2,30,0.9066666666666666,0,0,0,0
10,3,9.7,80,0.12125,0,0,0,2
3,5,97.8,100,0.978,0,0,1,0
3,7,51.4,60,0.8566666666666667,1,0,1,0
23,2,54.5,60,0.9083333333333333,0,0,1,0
6,2,16.2,50,0.324,0,0,0,2
6,3,61.3,80,0.76625,0,0,0,0
2,3,50.8,60,0.8466666666666666,0,0,1,0
17,5,21.9,50,0.43799999999999994,0,1,0,2
22,5,47.8,60,0.7966666666666666,0,0,1,0
4,7,59.2,60,0.9866666666666667,1,0,1,0
13,4,11.5,50,0.23,0,0,0,2
8,5,9.2,60,0.15333333333333332,0,1,0,2
14,7,53.1,60,0.885,1,0,0,0
4,6,78.3,80,0.97875,1,0,1,0
9,7,39.8,50,0.7959999999999999,1,1,0,0
7,3,21.0,60,0.35,0,1,0,2
10,5,50.1,60,0.8350000000000001,0,0,0,0
22,2,49.4,60,0.8233333333333334,0,0,1,0
8,1,20.5,30,0.6833333333333333,0,1,0,1
9,4,13.1,60,0.21833333333333332,0,1,0,2
21,6,57.0,60,0.95,1,0,0,0
7,6,28.4,60,0.47333333333333333,1,1,0,1
6,1,35.9,60,0.5983333333333333,0,0,0,1
13,2,73.6,100,0.736,0,0,0,1
15,7,39.0,60,0.65,1,0,0,1
3,7,12.2,50,0.244,1,0,1,2
20,6,52.2,80,0.6525000000000001,1,0,0,1
23,7,92.0,100,0.92,1,0,1,0
9,3,9.6,60,0.16,0,1,0,2
21,5,13.0,30,0.43333333333333335,0,0,0,2
22,7,37.9,50,0.758,1,0,1,0
0,4,37.7,50,0.754,0,0,1,0
16,1,18.4,30,0.6133333333333333,0,0,0,1
18,7,11.7,60,0.19499999999999998,1,1,0,2
21,1,50.6,60,0.8433333333333334,0,0,0,0
9,4,57.1,80,0.71375,0,1,0,1
17,5,17.7,30,0.59,0,1,0,1
23,3,64.0,80,0.8,0,0,1,0
9,2,20.1,30,0.67,0,1,0,1
13,5,78.9,80,0.9862500000000001,0,0,0,0
17,5,11.4,30,0.38,0,1,0,2
10,5,15.3,80,0.19125,0,0,0,2
12,6,16.5,60,0.275,1,0,0,2
14,3,69.0,80,0.8625,0,0,0,0
22,2,27.6,30,0.92,0,0,1,0
0,7,53.3,60,0.8883333333333333,1,0,1,0
8,1,33.0,60,0.55,0,1,0,1
16,4,47.3,60,0.7883333333333333,0,0,0,0
16,3,84.7,100,0.847,0,0,0,0
8,4,9.8,50,0.196,0,1,0,2
12,7,11.5,80,0.14375,1,0,0,2
23,1,62.6,80,0.7825,0,0,1,0
2,5,49.1,50,0.982,0,0,1,0
15,4,52.9,60,0.8816666666666666,0,0,0,0
1,6,79.1,80,0.9887499999999999,1,0,1,0
3,5,56.1,60,0.935,0,0,1,0
9,5,9.8,50,0.196,0,1,0,2
5,4,48.7,60,0.8116666666666668,0,0,1,0
0,7,41.8,50,0.836,1,0,1,0
22,4,72.6,80,0.9075,0,0,1,0
2,5,93.9,100,0.9390000000000001,0,0,1,0
22,5,70.5,80,0.88125,0,0,1,0
15,7,53.1,60,0.885,1,0,0,0
9,1,3.2,30,0.10666666666666667,0,1,0,2
16,5,46.7,60,0.7783333333333334,0,0,0,0
12,2,33.5,60,0.5583333333333333,0,0,0,1
11,3,37.6,60,0.6266666666666667,0,0,0,1
7,2,73.5,80,0.91875,0,1,0,0
10,6,14.6,30,0.48666666666666664,1,0,0,1
17,4,28.8,30,0.9600000000000001,0,1,0,0
11,4,38.0,60,0.6333333333333333,0,0,0,1
14,6,19.4,80,0.2425,1,0,0,2
1,1,77.1,80,0.9637499999999999,0,0,1,0
19,1,20.7,50,0.414,0,1,0,2
11,7,98.0,100,0.98,1,0,0,0
22,6,64.4,100,0.644,1,0,1,1
5,4,79.1,80,0.9887499999999999,0,0,1,0
22,1,58.2,60,0.9700000000000001,0,0,1,0
15,3,31.0,60,0.5166666666666667,0,0,0,1
13,2,56.6,60,0.9433333333333334,0,0,0,0
9,7,45.4,50,0.9079999999999999,1,1,0,0
5,7,65.3,80,0.8162499999999999,1,0,1,0
1,3,25.4,30,0.8466666666666666,0,0,1,0
2,1,37.2,60,0.62,0,0,1,1
18,3,13.3,60,0.22166666666666668,0,1,0,2
5,6,57.5,60,0.9583333333333334,1,0,1,0
17,1,52.3,80,0.6537499999999999,0,1,0,1
3,1,61.9,80,0.7737499999999999,0,0,1,0
23,1,57.4,60,0.9566666666666667,0,0,1,0
3,4,51.7,60,0.8616666666666667,0,0,1,0
14,7,90.9,100,0.909,1,0,0,0
11,7,16.3,60,0.27166666666666667,1,0,0,2
20,5,61.7,80,0.77125,0,0,0,0
15,1,71.4,80,0.8925000000000001,0,0,0,0
22,6,9.3,50,0.18600000000000003,1,0,1,2
8,4,45.5,60,0.7583333333333333,0,1,0,0
8,5,8.3,80,0.10375000000000001,0,1,0,2
4,6,79.9,100,0.799,1,0,1,0
0,1,58.6,60,0.9766666666666667,0,0,1,0
15,1,33.1,80,0.41375,0,0,0,2
9,5,78.4,80,0.9800000000000001,0,1,0,0
22,2,28.0,30,0.9333333333333333,0,0,1,0
7,4,16.1,80,0.20125,0,1,0,2
23,5,59.0,100,0.59,0,0,1,1
8,3,30.9,60,0.515,0,1,0,1
3,4,48.7,60,0.8116666666666668,0,0,1,0
10,5,72.5,100,0.725,0,0,0,1
4,2,52.5,60,0.875,0,0,1,0
1,4,45.9,60,0.765,0,0,1,0
14,4,46.9,60,0.7816666666666666,0,0,0,0
16,4,46.9,50,0.938,0,0,0,0
1,6,86.9,100,0.8690000000000001,1,0,1,0
16,7,9.4,80,0.11750000000000001,1,0,0,2
11,5,17.7,60,0.295,0,0,0,2
13,5,4.2,30,0.14,0,0,0,2
21,4,74.7,80,0.9337500000000001,0,0,0,0
10,2,42.5,60,0.7083333333333334,0,0,0,1
21,5,50.2,60,0.8366666666666667,0,0,0,0
17,4,20.3,50,0.406,0,1,0,2
9,5,17.0,80,0.2125,0,1,0,2
18,6,61.0,100,0.61,1,1,0,1
15,7,98.9,100,0.9890000000000001,1,0,0,0
15,4,16.9,30,0.5633333333333332,0,0,0,1
14,3,60.7,80,0.75875,0,0,0,0
5,4,28.5,30,0.95,0,0,1,0
17,6,45.7,50,0.914,1,1,0,0
18,6,3.9,30,0.13,1,1,0,2
11,2,26.4,30,0.88,0,0,0,0
12,5,53.4,60,0.89,0,0,0,0
13,1,52.8,60,0.88,0,0,0,0
1,7,35.4,50,0.708,1,0,1,1
21,2,71.0,80,0.8875,0,0,0,0
23,3,56.0,60,0.9333333333333333,0,0,1,0
12,1,46.1,60,0.7683333333333333,0,0,0,0
21,6,19.6,30,0.6533333333333334,1,0,0,1
2,3,50.6,60,0.8433333333333334,0,0,1,0
0,4,51.6,60,0.86,0,0,1,0
16,1,45.1,60,0.7516666666666667,0,0,0,0
2,5,17.2,60,0.2866666666666667,0,0,1,2
7,7,53.0,60,0.8833333333333333,1,1,0,0
17,4,10.1,60,0.16833333333333333,0,1,0,2
22,5,70.2,80,0.8775000000000001,0,0,1,0
5,3,55.2,60,0.92,0,0,1,0
19,2,7.8,30,0.26,0,1,0,2
17,2,33.0,50,0.66,0,1,0,1
4,2,98.9,100,0.9890000000000001,0,0,1,0
18,6,27.3,60,0.455,1,1,0,1
6,6,39.0,50,0.78,1,0,0,0
21,1,35.1,50,0.7020000000000001,0,0,0,1
12,6,16.9,60,0.2816666666666666,1,0,0,2
18,7,13.5,50,0.27,1,1,0,2
5,5,56.1,100,0.561,0,0,1,1
14,4,25.3,50,0.506,0,0,0,1
19,2,8.2,80,0.1025,0,1,0,2
20,1,25.3,50,0.506,0,0,0,1
20,3,41.2,50,0.8240000000000001,0,0,0,0
1,4,41.7,50,0.8340000000000001,0,0,1,0
6,6,53.8,60,0.8966666666666666,1,0,0,0
0,1,57.8,60,0.9633333333333333,0,0,1,0
12,6,28.6,50,0.5720000000000001,1,0,0,1
17,4,75.5,80,0.94375,0,1,0,0
16,3,49.6,60,0.8266666666666667,0,0,0,0
2,1,47.8,50,0.956,0,0,1,0
14,4,76.1,80,0.9512499999999999,0,0,0,0
6,5,18.2,50,0.364,0,0,0,2
10,6,38.2,100,0.382,1,0,0,2
22,3,56.5,60,0.9416666666666667,0,0,1,0
19,2,20.7,50,0.414,0,1,0,2
9,5,36.8,80,0.45999999999999996,0,1,0,1
6,6,42.4,50,0.848,1,0,0,0
1,7,57.6,60,0.9600000000000001,1,0,1,0
19,4,8.9,30,0.2966666666666667,0,1,0,2
0,5,78.9,100,0.789,0,0,1,0
19,3,10.5,30,0.35,0,1,0,2
19,4,8.0,50,0.16,0,1,0,2
9,7,47.8,60,0.7966666666666666,1,1,0,0
4,1,63.5,100,0.635,0,0,1,1
1,1,45.9,60,0.765,0,0,1,0
22,7,67.3,80,0.8412499999999999,1,0,1,0
11,5,59.6,100,0.596,0,0,0,1
4,5,77.5,100,0.775,0,0,1,0
1,1,51.1,60,0.8516666666666667,0,0,1,0
5,6,52.0,60,0.8666666666666667,1,0,1,0
13,5,32.2,60,0.5366666666666667,0,0,0,1
19,5,34.1,50,0.682,0,1,0,1
21,1,16.7,60,0.2783333333333333,0,0,0,2
19,2,21.9,60,0.365,0,1,0,2
20,6,48.0,80,0.6,1,0,0,1
22,7,66.1,80,0.8262499999999999,1,0,1,0
17,1,70.4,80,0.8800000000000001,0,1,0,0
15,3,76.9,100,0.769,0,0,0,0
8,4,6.3,50,0.126,0,1,0,2
7,5,17.4,100,0.174,0,1,0,2
22,7,76.7,100,0.767,1,0,1,0
9,6,77.5,100,0.775,1,1,0,0
12,7,52.9,60,0.8816666666666666,1,0,0,0
5,7,28.2,50,0.564,1,0,1,1
1,6,47.1,50,0.9420000000000001,1,0,1,0
4,2,59.5,60,0.9916666666666667,0,0,1,0
5,5,23.2,30,0.7733333333333333,0,0,1,0
11,4,32.6,60,0.5433333333333333,0,0,0,1
8,4,37.5,50,0.75,0,1,0,0
18,4,32.4,50,0.648,0,1,0,1
15,7,34.7,100,0.34700000000000003,1,0,0,2
23,5,56.4,60,0.94,0,0,1,0
16,3,33.7,60,0.5616666666666668,0,0,0,1
23,6,27.0,30,0.9,1,0,1,0
2,6,40.9,80,0.51125,1,0,1,1
1,4,51.4,60,0.8566666666666667,0,0,1,0
10,1,55.3,60,0.9216666666666666,0,0,0,0
19,5,27.0,80,0.3375,0,1,0,2
0,2,17.9,30,0.5966666666666666,0,0,1,1
4,6,56.0,80,0.7,1,0,1,1
3,7,23.0,30,0.7666666666666667,1,0,1,0
3,1,47.3,50,0.946,0,0,1,0
22,3,76.4,80,0.9550000000000001,0,0,1,0
23,6,58.1,60,0.9683333333333334,1,0,1,0
22,6,45.6,50,0.912,1,0,1,0
13,1,28.5,80,0.35625,0,0,0,2
3,6,74.7,80,0.9337500000000001,1,0,1,0
23,5,97.0,100,0.97,0,0,1,0
1,6,57.3,60,0.955,1,0,1,0
6,2,57.9,100,0.579,0,0,0,1
3,3,54.4,60,0.9066666666666666,0,0,1,0
10,4,67.3,80,0.8412499999999999,0,0,0,0
22,6,50.1,60,0.8350000000000001,1,0,1,0
13,3,45.2,50,0.904,0,0,0,0
14,5,50.2,60,0.8366666666666667,0,0,0,0
19,1,3.5,30,0.11666666666666667,0,1,0,2
2,1,60.4,80,0.755,0,0,1,0
15,2,32.4,60,0.5399999999999999,0,0,0,1
11,3,6.0,60,0.1,0,0,0,2
19,3,17.1,60,0.28500000000000003,0,1,0,2
9,6,28.8,30,0.9600000000000001,1,1,0,0
23,6,18.8,60,0.31333333333333335,1,0,1,2
16,6,65.3,80,0.8162499999999999,1,0,0,0
23,3,47.3,50,0.946,0,0,1,0
21,1,19.4,50,0.38799999999999996,0,0,0,2
14,1,55.7,80,0.69625,0,0,0,1
3,3,62.3,80,0.7787499999999999,0,0,1,0
22,6,29.0,30,0.9666666666666667,1,0,1,0
10,4,45.8,50,0.9159999999999999,0,0,0,0
16,4,30.9,50,0.618,0,0,0,1
18,4,36.3,80,0.45375,0,1,0,1
15,6,87.2,100,0.872,1,0,0,0
2,4,51.3,60,0.855,0,0,1,0
8,4,34.2,60,0.5700000000000001,0,1,0,1
14,3,41.3,60,0.6883333333333332,0,0,0,1
15,5,33.0,80,0.4125,0,0,0,2
3,4,47.5,50,0.95,0,0,1,0
17,6,37.8,80,0.4725,1,1,0,1
9,4,15.6,60,0.26,0,1,0,2
15,3,69.4,80,0.8675,0,0,0,0
15,4,25.5,30,0.85,0,0,0,0
18,6,69.7,80,0.8712500000000001,1,1,0,0
8,7,37.6,50,0.752,1,1,0,0
8,4,30.3,80,0.37875000000000003,0,1,0,2
10,6,49.2,60,0.8200000000000001,1,0,0,0
4,4,21.3,30,0.7100000000000001,0,0,1,1
6,4,59.5,60,0.9916666666666667,0,0,0,0
12,3,11.7,60,0.19499999999999998,0,0,0,2
16,4,62.0,100,0.62,0,0,0,1
3,1,74.0,80,0.925,0,0,1,0
14,1,46.9,60,0.7816666666666666,0,0,0,0
18,5,20.3,80,0.25375000000000003,0,1,0,2
17,6,40.1,50,0.802,1,1,0,0
5,2,55.0,60,0.9166666666666666,0,0,1,0
1,4,25.3,30,0.8433333333333334,0,0,1,0
2,4,53.4,60,0.89,0,0,1,0
23,7,55.2,60,0.92,1,0,1,0
9,3,27.0,50,0.54,0,1,0,1
19,4,12.7,50,0.254,0,1,0,2
19,5,6.0,60,0.1,0,1,0,2
5,7,15.5,30,0.5166666666666667,1,0,1,1
8,1,8.1,60,0.13499999999999998,0,1,0,2
18,5,99.1,100,0.991,0,1,0,0
7,5,35.0,80,0.4375,0,1,0,2
0,7,68.5,80,0.85625,1,0,1,0
17,5,7.8,60,0.13,0,1,0,2
22,4,46.2,50,0.924,0,0,1,0
3,1,43.8,50,0.8759999999999999,0,0,1,0
10,7,26.4,50,0.528,1,0,0,1
5,1,46.4,60,0.7733333333333333,0,0,1,0
19,1,31.3,50,0.626,0,1,0,1
6,6,45.8,60,0.7633333333333333,1,0,0,0
3,6,48.9,50,0.978,1,0,1,0
12,3,34.7,50,0.6940000000000001,0,0,0,1
13,5,36.5,50,0.73,0,0,0,1
1,3,55.3,60,0.9216666666666666,0,0,1,0
2,1,47.5,50,0.95,0,0,1,0
8,4,5.5,50,0.11,0,1,0,2
6,1,37.5,60,0.625,0,0,0,1
20,5,38.2,50,0.764,0,0,0,0
14,3,50.5,60,0.8416666666666667,0,0,0,0
5,7,19.9,60,0.33166666666666667,1,0,1,2
6,3,17.6,30,0.5866666666666667,0,0,0,1
1,5,55.6,60,0.9266666666666666,0,0,1,0
8,1,15.2,60,0.2533333333333333,0,1,0,2
6,2,41.8,60,0.6966666666666667,0,0,0,1
16,2,45.6,50,0.912,0,0,0,0
18,7,55.8,80,0.6975,1,1,0,1
7,7,82.5,100,0.825,1,1,0,0
16,4,48.8,60,0.8133333333333332,0,0,0,0
21,6,25.1,50,0.502,1,0,0,1
9,1,7.6,60,0.12666666666666665,0,1,0,2
17,4,27.7,60,0.46166666666666667,0,1,0,1
19,2,31.1,80,0.38875000000000004,0,1,0,2
8,7,58.7,60,0.9783333333333334,1,1,0,0
11,5,46.1,50,0.922,0,0,0,0
6,4,28.1,30,0.9366666666666668,0,0,0,0
19,7,21.3,60,0.35500000000000004,1,1,0,2
19,4,21.9,100,0.21899999999999997,0,1,0,2
5,6,56.8,60,0.9466666666666667,1,0,1,0
6,4,72.9,80,0.9112500000000001,0,0,0,0
8,4,23.8,80,0.2975,0,1,0,2
17,4,44.0,50,0.88,0,1,0,0
1,1,54.2,60,0.9033333333333334,0,0,1,0
19,6,56.6,80,0.7075,1,1,0,1
18,1,10.4,50,0.20800000000000002,0,1,0,2
17,2,57.8,80,0.7224999999999999,0,1,0,1
21,5,96.7,100,0.9670000000000001,0,0,0,0
6,2,60.5,80,0.75625,0,0,0,0
20,2,30.8,60,0.5133333333333333,0,0,0,1
14,7,18.3,60,0.305,1,0,0,2
5,2,59.6,60,0.9933333333333334,0,0,1,0
4,2,43.9,60,0.7316666666666667,0,0,1,1
12,1,36.3,60,0.605,0,0,0,1
19,7,50.2,60,0.8366666666666667,1,1,0,0
14,7,22.5,60,0.375,1,0,0,2
0,5,72.7,80,0.9087500000000001,0,0,1,0
11,2,49.2,60,0.8200000000000001,0,0,0,0
23,5,25.5,60,0.425,0,0,1,2
9,7,84.0,100,0.84,1,1,0,0
6,2,66.9,80,0.83625,0,0,0,0
11,6,54.2,80,0.6775,1,0,0,1
5,5,37.6,50,0.752,0,0,1,0
22,3,75.8,100,0.758,0,0,1,0
5,3,56.0,60,0.9333333333333333,0,0,1,0
19,6,51.6,60,0.86,1,1,0,0
11,6,45.9,60,0.765,1,0,0,0
3,4,63.3,80,0.79125,0,0,1,0
1,2,56.1,60,0.935,0,0,1,0
8,5,94.3,100,0.943,0,1,0,0
10,1,28.3,30,0.9433333333333334,0,0,0,0
19,2,7.2,60,0.12000000000000001,0,1,0,2
11,2,11.4,60,0.19,0,0,0,2
3,2,58.0,60,0.9666666666666667,0,0,1,0
4,6,18.1,30,0.6033333333333334,1,0,1,1
16,7,61.1,80,0.76375,1,0,0,0
21,6,47.7,60,0.795,1,0,0,0
5,3,28.6,50,0.5720000000000001,0,0,1,1
19,6,77.3,80,0.9662499999999999,1,1,0,0
3,4,50.7,60,0.8450000000000001,0,0,1,0
18,2,13.1,30,0.43666666666666665,0,1,0,2
0,6,59.4,60,0.99,1,0,1,0
2,6,68.5,80,0.85625,1,0,1,0
10,3,30.4,50,0.608,0,0,0,1
14,1,76.5,80,0.95625,0,0,0,0
5,4,72.0,100,0.72,0,0,1,1
5,1,49.8,60,0.83,0,0,1,0
11,4,51.0,100,0.51,0,0,0,1
1,5,45.4,80,0.5675,0,0,1,1
7,5,29.5,60,0.49166666666666664,0,1,0,1
1,5,57.4,60,0.9566666666666667,0,0,1,0
16,5,63.9,100,0.639,0,0,0,1
7,1,18.2,80,0.22749999999999998,0,1,0,2
1,3,43.5,50,0.87,0,0,1,0
3,7,41.7,60,0.6950000000000001,1,0,1,1
5,4,57.3,60,0.955,0,0,1,0
19,2,20.8,50,0.41600000000000004,0,1,0,2
17,6,36.1,50,0.722,1,1,0,1
15,6,52.9,60,0.8816666666666666,1,0,0,0
22,1,47.3,50,0.946,0,0,1,0
1,4,48.6,60,0.81,0,0,1,0
18,2,57.8,80,0.7224999999999999,0,1,0,1
4,4,46.2,80,0.5775,0,0,1,1
9,7,45.9,60,0.765,1,1,0,0
17,1,8.3,30,0.27666666666666667,0,1,0,2
20,2,15.8,80,0.1975,0,0,0,2
10,6,39.0,60,0.65,1,0,0,1
20,4,26.1,50,0.522,0,0,0,1
9,6,54.0,60,0.9,1,1,0,0
17,3,24.5,100,0.245,0,1,0,2
11,6,31.0,60,0.5166666666666667,1,0,0,1
0,5,54.7,60,0.9116666666666667,0,0,1,0
12,4,24.0,50,0.48,0,0,0,1
23,1,50.9,60,0.8483333333333333,0,0,1,0
22,7,49.2,50,0.9840000000000001,1,0,1,0
12,2,13.5,80,0.16875,0,0,0,2
2,6,37.4,80,0.46749999999999997,1,0,1,1
12,5,14.6,60,0.24333333333333332,0,0,0,2
17,5,32.7,100,0.327,0,1,0,2
15,4,16.6,30,0.5533333333333333,0,0,0,1
11,6,28.5,60,0.475,1,0,0,1
9,5,34.4,80,0.43,0,1,0,2
9,2,28.3,60,0.4716666666666667,0,1,0,1
0,2,42.6,50,0.852,0,0,1,0
11,6,54.1,60,0.9016666666666667,1,0,0,0
1,6,54.6,60,0.91,1,0,1,0
10,5,37.5,60,0.625,0,0,0,1
10,1,82.9,100,0.8290000000000001,0,0,0,0
4,2,15.4,80,0.1925,0,0,1,2
10,3,38.1,50,0.762,0,0,0,0
11,2,51.2,100,0.512,0,0,0,1
2,7,91.6,100,0.9159999999999999,1,0,1,0
8,3,52.6,60,0.8766666666666667,0,1,0,0
19,1,12.2,60,0.2033333333333333,0,1,0,2
7,1,55.4,60,0.9233333333333333,0,1,0,0
14,7,20.3,50,0.406,1,0,0,2
11,7,51.2,80,0.64,1,0,0,1
21,2,25.6,30,0.8533333333333334,0,0,0,0
13,5,44.0,50,0.88,0,0,0,0
5,5,62.6,80,0.7825,0,0,1,0
5,2,58.6,60,0.9766666666666667,0,0,1,0
1,6,38.1,50,0.762,1,0,1,0
20,4,29.8,60,0.4966666666666667,0,0,0,1
4,4,41.7,50,0.8340000000000001,0,0,1,0
18,5,9.7,60,0.16166666666666665,0,1,0,2
20,2,18.8,30,0.6266666666666667,0,0,0,1
1,5,62.7,80,0.7837500000000001,0,0,1,0
10,1,46.2,100,0.462,0,0,0,1
10,6,3.5,30,0.11666666666666667,1,0,0,2
12,2,53.8,60,0.8966666666666666,0,0,0,0
3,2,57.6,60,0.9600000000000001,0,0,1,0
5,6,52.2,80,0.6525000000000001,1,0,1,1
22,3,46.6,50,0.932,0,0,1,0
5,5,70.6,80,0.8825,0,0,1,0
3,4,46.9,100,0.469,0,0,1,1
0,2,47.9,50,0.958,0,0,1,0
18,5,19.3,60,0.32166666666666666,0,1,0,2
19,3,24.3,50,0.486,0,1,0,1
2,2,95.5,100,0.955,0,0,1,0
0,6,47.3,60,0.7883333333333333,1,0,1,0
20,4,43.0,60,0.7166666666666667,0,0,0,1
23,4,41.3,50,0.826,0,0,1,0
3,1,40.2,50,0.804,0,0,1,0
7,3,11.2,80,0.13999999999999999,0,1,0,2
14,2,49.8,60,0.83,0,0,0,0
8,1,47.0,80,0.5875,0,1,0,1
2,2,83.8,100,0.838,0,0,1,0
2,4,54.9,60,0.9149999999999999,0,0,1,0
22,4,55.5,60,0.925,0,0,1,0
20,6,15.4,60,0.25666666666666665,1,0,0,2
1,6,46.4,50,0.9279999999999999,1,0,1,0
10,7,57.0,60,0.95,1,0,0,0
7,5,53.9,60,0.8983333333333333,0,1,0,0
9,2,10.6,50,0.212,0,1,0,2
22,3,57.7,60,0.9616666666666667,0,0,1,0
16,6,25.4,60,0.4233333333333333,1,0,0,2
0,4,56.7,60,0.9450000000000001,0,0,1,0
7,6,20.3,30,0.6766666666666666,1,1,0,1
22,4,68.8,80,0.86,0,0,1,0
1,2,89.5,100,0.895,0,0,1,0
8,1,55.9,60,0.9316666666666666,0,1,0,0
17,1,19.7,80,0.24625,0,1,0,2
22,3,78.7,80,0.98375,0,0,1,0
23,3,70.5,80,0.88125,0,0,1,0
13,7,30.9,50,0.618,1,0,0,1
2,4,88.2,100,0.882,0,0,1,0
11,5,6.2,30,0.20666666666666667,0,0,0,2
8,7,52.9,60,0.8816666666666666,1,1,0,0
22,2,47.4,50,0.948,0,0,1,0
0,3,45.8,50,0.9159999999999999,0,0,1,0
12,3,54.5,60,0.9083333333333333,0,0,0,0
20,4,37.2,60,0.62,0,0,0,1
14,7,41.3,60,0.6883333333333332,1,0,0,1
11,6,12.5,50,0.25,1,0,0,2
0,4,76.1,80,0.9512499999999999,0,0,1,0
11,2,36.3,50,0.726,0,0,0,1
15,3,48.8,60,0.8133333333333332,0,0,0,0
12,4,43.8,80,0.5475,0,0,0,1
21,7,32.5,50,0.65,1,0,0,1
8,6,53.7,100,0.537,1,1,0,1
14,6,58.7,60,0.9783333333333334,1,0,0,0
1,4,57.7,60,0.9616666666666667,0,0,1,0
16,3,5.3,50,0.106,0,0,0,2
0,7,56.6,60,0.9433333333333334,1,0,1,0
9,4,16.4,50,0.32799999999999996,0,1,0,2
19,7,42.9,60,0.715,1,1,0,1
8,3,19.2,60,0.32,0,1,0,2
19,5,23.2,60,0.38666666666666666,0,1,0,2
13,3,29.5,30,0.9833333333333333,0,0,0,0
19,1,31.9,50,0.638,0,1,0,1
8,3,77.9,100,0.779,0,1,0,0
18,2,14.2,60,0.23666666666666666,0,1,0,2
16,1,8.8,60,0.14666666666666667,0,0,0,2
11,2,12.7,30,0.4233333333333333,0,0,0,2
22,6,75.3,80,0.9412499999999999,1,0,1,0
20,2,71.1,100,0.711,0,0,0,1
17,7,3.5,30,0.11666666666666667,1,1,0,2
15,4,51.8,60,0.8633333333333333,0,0,0,0
0,5,46.8,60,0.7799999999999999,0,0,1,0
3,2,29.4,30,0.98,0,0,1,0
2,5,38.7,50,0.774,0,0,1,0
4,3,70.1,80,0.87625,0,0,1,0
20,2,39.4,80,0.4925,0,0,0,1
5,2,56.0,60,0.9333333333333333,0,0,1,0
11,7,35.9,60,0.5983333333333333,1,0,0,1
4,7,68.8,80,0.86,1,0,1,0
13,6,75.3,80,0.9412499999999999,1,0,0,0
17,3,23.1,80,0.28875,0,1,0,2
5,2,45.7,60,0.7616666666666667,0,0,1,0
15,6,24.4,80,0.305,1,0,0,2
16,1,37.9,50,0.758,0,0,0,0
17,6,7.2,60,0.12000000000000001,1,1,0,2
21,6,48.1,60,0.8016666666666666,1,0,0,0
9,7,38.7,50,0.774,1,1,0,0
9,7,39.1,50,0.782,1,1,0,0
7,7,78.7,80,0.98375,1,1,0,0
9,1,53.4,80,0.6675,0,1,0,1
12,5,53.6,60,0.8933333333333333,0,0,0,0
17,2,35.0,60,0.5833333333333334,0,1,0,1
10,4,28.6,30,0.9533333333333334,0,0,0,0
17,3,38.3,80,0.47874999999999995,0,1,0,1
5,5,44.4,80,0.5549999999999999,0,0,1,1
22,3,48.2,60,0.8033333333333333,0,0,1,0
21,3,27.9,30,0.9299999999999999,0,0,0,0
13,6,40.0,80,0.5,1,0,0,1
0,2,36.4,60,0.6066666666666667,0,0,1,1
7,2,14.9,50,0.298,0,1,0,2
0,6,38.7,50,0.774,1,0,1,0
2,7,19.3,60,0.32166666666666666,1,0,1,2
9,1,31.5,60,0.525,0,1,0,1
21,2,57.9,60,0.965,0,0,0,0
3,5,63.9,80,0.79875,0,0,1,0
18,6,44.5,80,0.55625,1,1,0,1
13,6,42.5,50,0.85,1,0,0,0
8,1,23.4,60,0.38999999999999996,0,1,0,2
1,2,98.4,100,0.9840000000000001,0,0,1,0
13,4,70.5,100,0.705,0,0,0,1
6,4,40.0,80,0.5,0,0,0,1
17,4,16.4,50,0.32799999999999996,0,1,0,2
10,2,15.4,60,0.25666666666666665,0,0,0,2
0,2,79.0,100,0.79,0,0,1,0
15,5,40.1,60,0.6683333333333333,0,0,0,1
23,4,49.9,60,0.8316666666666667,0,0,1,0
11,4,19.2,30,0.64,0,0,0,1
4,2,23.2,30,0.7733333333333333,0,0,1,0
2,4,21.1,30,0.7033333333333334,0,0,1,1
9,6,26.7,30,0.89,1,1,0,0
3,4,53.0,60,0.8833333333333333,0,0,1,0
2,3,78.9,80,0.9862500000000001,0,0,1,0
9,2,31.8,60,0.53,0,1,0,1
22,7,56.0,60,0.9333333333333333,1,0,1,0
5,1,73.7,80,0.92125,0,0,1,0
21,4,54.1,60,0.9016666666666667,0,0,0,0
19,4,11.8,30,0.39333333333333337,0,1,0,2
1,3,45.2,60,0.7533333333333334,0,0,1,0
13,3,20.4,50,0.408,0,0,0,2
2,2,49.9,80,0.62375,0,0,1,1
3,5,56.3,60,0.9383333333333332,0,0,1,0
1,7,20.1,50,0.402,1,0,1,2
12,2,38.6,50,0.772,0,0,0,0
19,2,41.8,60,0.6966666666666667,0,1,0,1
11,1,33.0,50,0.66,0,0,0,1
1,2,66.3,80,0.82875,0,0,1,0
22,1,60.5,80,0.75625,0,0,1,0
21,7,50.2,60,0.8366666666666667,1,0,0,0
7,6,59.6,60,0.9933333333333334,1,1,0,0
19,1,32.5,100,0.325,0,1,0,2
21,3,24.9,30,0.83,0,0,0,0
20,2,88.1,100,0.8809999999999999,0,0,0,0
16,6,14.0,50,0.28,1,0,0,2
12,2,22.0,60,0.36666666666666664,0,0,0,2
17,7,37.8,80,0.4725,1,1,0,1
19,5,56.0,100,0.56,0,1,0,1
5,2,28.6,60,0.4766666666666667,0,0,1,1
9,5,23.4,30,0.7799999999999999,0,1,0,0
15,3,45.7,60,0.7616666666666667,0,0,0,0
9,3,55.4,80,0.6925,0,1,0,1
5,5,48.2,50,0.9640000000000001,0,0,1,0
20,4,44.7,50,0.894,0,0,0,0
1,5,47.5,60,0.7916666666666666,0,0,1,0
2,1,44.9,50,0.898,0,0,1,0
7,2,45.5,100,0.455,0,1,0,1
15,7,28.2,50,0.564,1,0,0,1
5,2,57.9,60,0.965,0,0,1,0
6,5,25.1,30,0.8366666666666667,0,0,0,0
9,1,3.3,30,0.11,0,1,0,2
5,1,68.6,80,0.8574999999999999,0,0,1,0
3,1,25.2,30,0.84,0,0,1,0
20,5,78.5,80,0.98125,0,0,0,0
1,3,28.0,30,0.9333333333333333,0,0,1,0
22,2,59.5,60,0.9916666666666667,0,0,1,0
0,4,54.5,60,0.9083333333333333,0,0,1,0
7,1,21.6,50,0.43200000000000005,0,1,0,2
1,4,22.9,80,0.28625,0,0,1,2
13,2,15.7,30,0.5233333333333333,0,0,0,1
20,1,78.1,80,0.97625,0,0,0,0
7,2,30.2,60,0.5033333333333333,0,1,0,1
10,4,18.4,50,0.368,0,0,0,2
18,2,8.3,30,0.27666666666666667,0,1,0,2
16,1,48.7,60,0.8116666666666668,0,0,0,0
21,6,26.6,50,0.532,1,0,0,1
21,7,58.0,60,0.9666666666666667,1,0,0,0
0,2,38.1,60,0.635,0,0,1,1
12,5,32.0,50,0.64,0,0,0,1
18,6,7.0,50,0.14,1,1,0,2
11,5,17.2,100,0.172,0,0,0,2
23,3,82.8,100,0.828,0,0,1,0
9,2,7.7,60,0.12833333333333333,0,1,0,2
3,1,59.3,60,0.9883333333333333,0,0,1,0
15,2,44.3,50,0.8859999999999999,0,0,0,0
23,7,44.6,50,0.892,1,0,1,0
6,7,49.4,50,0.988,1,0,0,0
4,1,64.2,80,0.8025,0,0,1,0
1,7,57.8,60,0.9633333333333333,1,0,1,0
10,5,34.8,60,0.58,0,0,0,1
2,3,13.1,50,0.262,0,0,1,2
18,4,37.3,60,0.6216666666666666,0,1,0,1
20,6,11.9,30,0.39666666666666667,1,0,0,2
12,6,29.1,30,0.9700000000000001,1,0,0,0
22,6,28.7,30,0.9566666666666667,1,0,1,0
11,5,35.8,60,0.5966666666666666,0,0,0,1
4,6,15.0,30,0.5,1,0,1,1
19,3,16.5,50,0.33,0,1,0,2
5,2,56.6,60,0.9433333333333334,0,0,1,0
2,1,51.4,60,0.8566666666666667,0,0,1,0
8,5,12.3,60,0.20500000000000002,0,1,0,2
9,4,13.0,60,0.21666666666666667,0,1,0,2
12,7,9.7,60,0.16166666666666665,1,0,0,2
3,4,32.9,60,0.5483333333333333,0,0,1,1
13,2,25.9,30,0.8633333333333333,0,0,0,0
22,4,45.4,60,0.7566666666666666,0,0,1,0
19,2,13.9,50,0.278,0,1,0,2
8,7,52.9,60,0.8816666666666666,1,1,0,0
6,7,33.0,50,0.66,1,0,0,1
4,4,60.1,100,0.601,0,0,1,1
14,7,32.8,60,0.5466666666666666,1,0,0,1
18,3,3.3,30,0.11,0,1,0,2
11,1,70.4,80,0.8800000000000001,0,0,0,0
8,5,33.4,80,0.4175,0,1,0,2
23,7,66.1,80,0.8262499999999999,1,0,1,0
23,4,48.4,60,0.8066666666666666,0,0,1,0
12,6,55.4,60,0.9233333333333333,1,0,0,0
14,5,79.3,80,0.99125,0,0,0,0
3,2,53.9,60,0.8983333333333333,0,0,1,0
2,3,40.5,50,0.81,0,0,1,0
11,4,45.3,60,0.755,0,0,0,0
3,2,7.8,50,0.156,0,0,1,2
12,4,43.7,60,0.7283333333333334,0,0,0,1
12,2,36.9,80,0.46125,0,0,0,1
0,5,50.0,50,1.0,0,0,1,0
17,6,30.0,50,0.6,1,1,0,1
10,4,42.9,60,0.715,0,0,0,1
13,5,28.2,60,0.47,0,0,0,1
0,4,50.3,60,0.8383333333333333,0,0,1,0
0,1,26.6,30,0.8866666666666667,0,0,1,0
2,5,33.8,100,0.33799999999999997,0,0,1,2
1,5,44.7,50,0.894,0,0,1,0
18,2,22.0,50,0.44,0,1,0,2
1,6,60.1,80,0.75125,1,0,1,0
15,4,44.5,50,0.89,0,0,0,0
3,2,87.2,100,0.872,0,0,1,0
1,5,45.9,50,0.9179999999999999,0,0,1,0
3,1,29.5,30,0.9833333333333333,0,0,1,0
2,3,47.0,60,0.7833333333333333,0,0,1,0
9,4,12.6,50,0.252,0,1,0,2
12,6,25.8,30,0.86,1,0,0,0
1,7,34.4,60,0.5733333333333334,1,0,1,1
10,5,28.2,60,0.47,0,0,0,1
16,3,56.3,60,0.9383333333333332,0,0,0,0
12,1,21.0,30,0.7,0,0,0,1
10,2,20.9,30,0.6966666666666667,0,0,0,1
15,7,55.4,60,0.9233333333333333,1,0,0,0
20,1,14.9,60,0.24833333333333335,0,0,0,2
21,3,46.3,50,0.9259999999999999,0,0,0,0
5,3,42.6,50,0.852,0,0,1,0
11,7,48.4,80,0.605,1,0,0,1
3,7,63.8,80,0.7975,1,0,1,0
13,4,30.5,50,0.61,0,0,0,1
23,5,68.3,80,0.85375,0,0,1,0
7,4,25.4,60,0.4233333333333333,0,1,0,2
3,4,50.0,60,0.8333333333333334,0,0,1,0
14,4,71.0,80,0.8875,0,0,0,0
8,2,16.1,80,0.20125,0,1,0,2
23,2,81.3,100,0.813,0,0,1,0
1,5,55.9,60,0.9316666666666666,0,0,1,0
19,3,35.1,60,0.5850000000000001,0,1,0,1
2,3,76.0,100,0.76,0,0,1,0
12,5,35.2,50,0.7040000000000001,0,0,0,1
0,6,28.2,60,0.47,1,0,1,1
9,5,20.0,60,0.3333333333333333,0,1,0,2
6,7,88.2,100,0.882,1,0,0,0
17,2,84.0,100,0.84,0,1,0,0
8,6,81.9,100,0.8190000000000001,1,1,0,0
2,5,47.6,50,0.9520000000000001,0,0,1,0
16,2,29.2,30,0.9733333333333333,0,0,0,0
11,3,33.7,60,0.5616666666666668,0,0,0,1
15,3,86.6,100,0.866,0,0,0,0
23,1,49.2,60,0.8200000000000001,0,0,1,0
22,6,45.8,60,0.7633333333333333,1,0,1,0
4,6,28.0,30,0.9333333333333333,1,0,1,0
6,6,46.9,60,0.7816666666666666,1,0,0,0
20,5,11.1,80,0.13874999999999998,0,0,0,2
1,4,37.9,50,0.758,0,0,1,0
8,5,19.9,60,0.33166666666666667,0,1,0,2
12,1,16.4,30,0.5466666666666666,0,0,0,1
9,4,27.5,80,0.34375,0,1,0,2
12,1,49.9,50,0.998,0,0,0,0
22,2,38.8,50,0.7759999999999999,0,0,1,0
19,1,18.0,60,0.3,0,1,0,2
7,6,46.4,50,0.9279999999999999,1,1,0,0
0,4,77.2,80,0.9650000000000001,0,0,1,0
18,4,30.9,80,0.38625,0,1,0,2
20,6,7.2,50,0.14400000000000002,1,0,0,2
13,6,4.7,30,0.15666666666666668,1,0,0,2
4,3,45.1,60,0.7516666666666667,0,0,1,0
14,3,53.5,60,0.8916666666666667,0,0,0,0
11,7,18.2,80,0.22749999999999998,1,0,0,2
8,3,17.3,50,0.34600000000000003,0,1,0,2
20,3,45.9,50,0.9179999999999999,0,0,0,0
14,1,24.7,50,0.494,0,0,0,1
9,2,24.9,80,0.31124999999999997,0,1,0,2
6,1,19.8,50,0.396,0,0,0,2
12,5,67.9,100,0.679,0,0,0,1
11,2,21.6,80,0.27,0,0,0,2
15,2,9.6,60,0.16,0,0,0,2
9,5,14.2,50,0.284,0,1,0,2
21,6,58.3,60,0.9716666666666666,1,0,0,0
17,3,39.8,80,0.49749999999999994,0,1,0,1
14,7,59.6,60,0.9933333333333334,1,0,0,0
22,3,78.8,80,0.985,0,0,1,0
22,6,53.9,60,0.8983333333333333,1,0,1,0
10,2,78.1,80,0.97625,0,0,0,0
3,6,57.3,60,0.955,1,0,1,0
2,4,61.7,80,0.77125,0,0,1,0
19,2,12.1,60,0.20166666666666666,0,1,0,2
20,2,44.0,60,0.7333333333333333,0,0,0,1
9,7,47.0,50,0.94,1,1,0,0
6,5,54.5,60,0.9083333333333333,0,0,0,0
10,2,7.2,30,0.24000000000000002,0,0,0,2
10,5,57.2,60,0.9533333333333334,0,0,0,0
8,1,14.1,50,0.282,0,1,0,2
14,1,50.7,80,0.63375,0,0,0,1
12,4,52.4,60,0.8733333333333333,0,0,0,0
19,4,29.1,60,0.48500000000000004,0,1,0,1
11,4,51.3,60,0.855,0,0,0,0
13,1,63.9,80,0.79875,0,0,0,0
2,1,51.9,60,0.865,0,0,1,0
17,2,40.1,60,0.6683333333333333,0,1,0,1
3,1,73.5,80,0.91875,0,0,1,0
0,3,56.5,60,0.9416666666666667,0,0,1,0
18,5,43.9,100,0.439,0,1,0,2
1,4,47.9,60,0.7983333333333333,0,0,1,0
18,2,6.3,30,0.21,0,1,0,2
12,5,55.9,60,0.9316666666666666,0,0,0,0
7,4,7.6,50,0.152,0,1,0,2
20,4,40.7,60,0.6783333333333333,0,0,0,1
8,1,35.0,100,0.35,0,1,0,2
18,3,47.5,50,0.95,0,1,0,0
12,4,34.1,60,0.5683333333333334,0,0,0,1
2,5,76.5,80,0.95625,0,0,1,0
13,6,21.6,50,0.43200000000000005,1,0,0,2
0,1,20.7,30,0.69,0,0,1,1
20,1,80.3,100,0.8029999999999999,0,0,0,0
17,4,6.4,30,0.21333333333333335,0,1,0,2
1,2,7.2,50,0.14400000000000002,0,0,1,2
12,5,55.0,60,0.9166666666666666,0,0,0,0
12,6,10.9,60,0.18166666666666667,1,0,0,2
4,4,66.8,80,0.835,0,0,1,0
4,1,45.8,60,0.7633333333333333,0,0,1,0
10,5,59.2,60,0.9866666666666667,0,0,0,0
9,5,20.8,50,0.41600000000000004,0,1,0,2
10,4,47.9,50,0.958,0,0,0,0
16,5,51.1,80,0.63875,0,0,0,1
10,2,42.6,60,0.7100000000000001,0,0,0,1
22,2,28.9,30,0.9633333333333333,0,0,1,0
18,3,6.7,30,0.22333333333333333,0,1,0,2
15,6,74.1,80,0.9262499999999999,1,0,0,0
10,1,27.3,60,0.455,0,0,0,1
7,5,40.3,80,0.5037499999999999,0,1,0,1
21,7,23.1,30,0.77,1,0,0,0
4,2,27.5,30,0.9166666666666666,0,0,1,0
10,3,41.4,50,0.828,0,0,0,0
20,1,55.7,60,0.9283333333333333,0,0,0,0
6,1,22.8,60,0.38,0,0,0,2
11,2,42.7,60,0.7116666666666667,0,0,0,1
2,2,25.6,30,0.8533333333333334,0,0,1,0
6,7,90.7,100,0.907,1,0,0,0
15,7,10.6,60,0.17666666666666667,1,0,0,2
7,2,14.4,80,0.18,0,1,0,2
18,6,27.0,60,0.45,1,1,0,1
17,7,24.1,60,0.40166666666666667,1,1,0,2
14,6,50.1,60,0.8350000000000001,1,0,0,0
6,7,45.7,80,0.57125,1,0,0,1
21,2,15.2,80,0.19,0,0,0,2
7,1,22.8,50,0.456,0,1,0,1
14,6,38.2,50,0.764,1,0,0,0
0,3,19.6,30,0.6533333333333334,0,0,1,1
16,5,19.6,30,0.6533333333333334,0,0,0,1
13,7,41.7,60,0.6950000000000001,1,0,0,1
23,7,47.8,60,0.7966666666666666,1,0,1,0
1,7,33.8,60,0.5633333333333332,1,0,1,1
23,4,24.6,30,0.8200000000000001,0,0,1,0
2,2,56.6,60,0.9433333333333334,0,0,1,0
15,3,30.8,50,0.616,0,0,0,1
2,4,67.3,80,0.8412499999999999,0,0,1,0
1,2,50.8,60,0.8466666666666666,0,0,1,0
7,1,65.3,100,0.653,0,1,0,1
21,3,56.3,60,0.9383333333333332,0,0,0,0
12,1,29.4,30,0.98,0,0,0,0
19,3,34.9,50,0.698,0,1,0,1
17,6,78.1,80,0.97625,1,1,0,0
14,5,19.8,60,0.33,0,0,0,2
6,4,62.7,80,0.7837500000000001,0,0,0,0
11,5,71.2,80,0.89,0,0,0,0
23,1,27.6,30,0.92,0,0,1,0
9,1,62.1,80,0.77625,0,1,0,0
11,4,56.1,60,0.935,0,0,0,0
23,3,49.2,60,0.8200000000000001,0,0,1,0
6,5,59.8,100,0.598,0,0,0,1
23,1,38.0,50,0.76,0,0,1,0
3,5,48.3,60,0.8049999999999999,0,0,1,0
23,4,48.2,60,0.8033333333333333,0,0,1,0
5,2,52.2,60,0.87,0,0,1,0
19,5,28.9,60,0.48166666666666663,0,1,0,1
9,2,19.4,60,0.3233333333333333,0,1,0,2
19,4,31.1,50,0.622,0,1,0,1
15,7,56.8,60,0.9466666666666667,1,0,0,0
0,2,52.5,60,0.875,0,0,1,0
19,3,12.7,80,0.15875,0,1,0,2
17,2,40.9,60,0.6816666666666666,0,1,0,1
7,7,45.0,50,0.9,1,1,0,0
4,2,54.5,60,0.9083333333333333,0,0,1,0
2,1,34.0,80,0.425,0,0,1,2
19,4,4.0,30,0.13333333333333333,0,1,0,2
9,5,18.0,60,0.3,0,1,0,2
22,3,89.4,100,0.894,0,0,1,0
8,7,27.6,60,0.46,1,1,0,1
23,2,13.0,30,0.43333333333333335,0,0,1,2
10,5,41.6,50,0.8320000000000001,0,0,0,0
15,3,28.3,80,0.35375,0,0,0,2
19,6,26.2,60,0.43666666666666665,1,1,0,2
21,1,45.7,60,0.7616666666666667,0,0,0,0
6,4,49.9,100,0.499,0,0,0,1
17,7,54.3,60,0.9049999999999999,1,1,0,0
15,3,7.5,60,0.125,0,0,0,2
17,4,38.7,80,0.48375,0,1,0,1
8,2,25.4,50,0.508,0,1,0,1
9,7,55.5,60,0.925,1,1,0,0
10,1,42.6,100,0.426,0,0,0,2
14,6,17.2,80,0.215,1,0,0,2
21,3,11.1,50,0.222,0,0,0,2
4,6,91.8,100,0.9179999999999999,1,0,1,0
23,1,57.9,60,0.965,0,0,1,0
7,5,22.5,60,0.375,0,1,0,2
8,4,20.4,60,0.33999999999999997,0,1,0,2
22,5,50.5,60,0.8416666666666667,0,0,1,0
11,5,45.6,60,0.76,0,0,0,0
18,4,33.2,100,0.332,0,1,0,2
22,7,38.3,50,0.7659999999999999,1,0,1,0
4,4,60.5,100,0.605,0,0,1,1
23,5,94.8,100,0.948,0,0,1,0
4,3,49.0,60,0.8166666666666667,0,0,1,0
22,6,49.0,60,0.8166666666666667,1,0,1,0
15,7,13.8,80,0.17250000000000001,1,0,0,2
16,3,70.1,80,0.87625,0,0,0,0
6,6,55.9,60,0.9316666666666666,1,0,0,0
6,1,76.5,100,0.765,0,0,0,0
20,7,14.3,50,0.28600000000000003,1,0,0,2
2,7,56.4,60,0.94,1,0,1,0
4,4,67.2,80,0.8400000000000001,0,0,1,0
4,2,41.9,60,0.6983333333333334,0,0,1,1
2,6,30.6,100,0.306,1,0,1,2
6,5,98.2,100,0.982,0,0,0,0
23,4,70.6,80,0.8825,0,0,1,0
10,7,37.6,60,0.6266666666666667,1,0,0,1
10,5,51.0,60,0.85,0,0,0,0
5,5,54.1,60,0.9016666666666667,0,0,1,0
15,1,18.1,30,0.6033333333333334,0,0,0,1
20,4,47.7,50,0.9540000000000001,0,0,0,0
15,5,29.8,30,0.9933333333333334,0,0,0,0
2,4,27.4,50,0.5479999999999999,0,0,1,1
14,2,44.5,50,0.89,0,0,0,0
18,3,3.6,30,0.12000000000000001,0,1,0,2
2,5,50.5,60,0.8416666666666667,0,0,1,0
6,6,53.5,60,0.8916666666666667,1,0,0,0
10,4,24.2,50,0.484,0,0,0,1
17,2,12.1,60,0.20166666666666666,0,1,0,2
2,4,68.2,80,0.8525,0,0,1,0
21,2,73.2,80,0.915,0,0,0,0
3,7,24.9,30,0.83,1,0,1,0
17,2,39.8,60,0.6633333333333333,0,1,0,1
9,2,11.5,50,0.23,0,1,0,2
9,7,93.0,100,0.93,1,1,0,0
12,1,15.4,30,0.5133333333333333,0,0,0,1
20,2,46.8,60,0.7799999999999999,0,0,0,0
5,4,26.5,30,0.8833333333333333,0,0,1,0
18,2,3.0,30,0.1,0,1,0,2
16,7,8.6,60,0.14333333333333334,1,0,0,2
7,3,7.6,50,0.152,0,1,0,2
14,7,27.3,30,0.91,1,0,0,0
9,4,21.8,60,0.36333333333333334,0,1,0,2
18,2,56.4,60,0.94,0,1,0,0
17,5,16.2,60,0.26999999999999996,0,1,0,2
18,4,36.9,50,0.738,0,1,0,1
3,5,43.3,60,0.7216666666666666,0,0,1,1
11,6,38.9,80,0.48624999999999996,1,0,0,1
20,6,19.4,60,0.3233333333333333,1,0,0,2
4,6,30.4,60,0.5066666666666666,1,0,1,1
18,6,55.1,80,0.68875,1,1,0,1
19,7,61.8,80,0.7725,1,1,0,0
20,5,56.1,60,0.935,0,0,0,0
17,1,5.8,50,0.11599999999999999,0,1,0,2
14,7,25.4,60,0.4233333333333333,1,0,0,2
20,7,7.6,50,0.152,1,0,0,2
13,6,17.8,30,0.5933333333333334,1,0,0,1
15,5,67.5,80,0.84375,0,0,0,0
1,4,39.7,50,0.794,0,0,1,0
22,5,87.8,100,0.878,0,0,1,0
21,5,50.1,60,0.8350000000000001,0,0,0,0
16,4,10.8,30,0.36000000000000004,0,0,0,2
12,1,52.5,60,0.875,0,0,0,0
20,4,79.5,80,0.99375,0,0,0,0
0,3,44.3,60,0.7383333333333333,0,0,1,1
16,1,69.1,80,0.8637499999999999,0,0,0,0
18,6,34.7,60,0.5783333333333334,1,1,0,1
5,2,43.9,50,0.878,0,0,1,0
18,5,28.9,60,0.48166666666666663,0,1,0,1
0,4,59.1,60,0.985,0,0,1,0
12,7,38.7,60,0.645,1,0,0,1
23,2,74.1,80,0.9262499999999999,0,0,1,0
14,5,19.9,100,0.19899999999999998,0,0,0,2
15,7,56.0,80,0.7,1,0,0,1
23,5,51.1,60,0.8516666666666667,0,0,1,0
6,4,38.0,80,0.475,0,0,0,1
3,6,39.9,60,0.6649999999999999,1,0,1,1
9,1,42.4,60,0.7066666666666667,0,1,0,1
10,4,49.2,50,0.9840000000000001,0,0,0,0
6,2,56.0,60,0.9333333333333333,0,0,0,0
1,6,50.5,60,0.8416666666666667,1,0,1,0
0,3,56.6,60,0.9433333333333334,0,0,1,0
15,2,59.8,60,0.9966666666666666,0,0,0,0
18,2,8.1,50,0.162,0,1,0,2
17,2,60.6,100,0.606,0,1,0,1
23,5,54.9,60,0.9149999999999999,0,0,1,0
17,2,16.8,60,0.28,0,1,0,2
1,1,22.9,30,0.7633333333333333,0,0,1,0
8,7,76.8,80,0.96,1,1,0,0
10,5,53.9,60,0.8983333333333333,0,0,0,0
7,3,15.7,100,0.157,0,1,0,2
9,2,16.4,50,0.32799999999999996,0,1,0,2
5,7,52.1,60,0.8683333333333334,1,0,1,0
15,4,25.5,50,0.51,0,0,0,1
1,7,45.5,50,0.91,1,0,1,0
18,6,70.6,100,0.706,1,1,0,1
3,4,54.1,60,0.9016666666666667,0,0,1,0
22,6,29.4,60,0.49,1,0,1,1
2,3,25.5,30,0.85,0,0,1,0
17,4,14.8,100,0.14800000000000002,0,1,0,2
6,4,46.2,60,0.77,0,0,0,0
9,1,40.6,60,0.6766666666666666,0,1,0,1
13,3,58.8,60,0.98,0,0,0,0
13,7,28.4,50,0.568,1,0,0,1
7,4,21.0,60,0.35,0,1,0,2
11,4,58.1,60,0.9683333333333334,0,0,0,0
12,6,55.6,60,0.9266666666666666,1,0,0,0
3,6,49.5,50,0.99,1,0,1,0
0,2,26.0,30,0.8666666666666667,0,0,1,0
23,2,42.0,50,0.84,0,0,1,0
22,2,39.5,50,0.79,0,0,1,0
21,1,41.7,50,0.8340000000000001,0,0,0,0
17,7,51.9,60,0.865,1,1,0,0
15,7,38.1,60,0.635,1,0,0,1
21,2,66.2,80,0.8275,0,0,0,0
22,6,49.1,60,0.8183333333333334,1,0,1,0
6,2,50.1,80,0.62625,0,0,0,1
17,7,25.7,30,0.8566666666666667,1,1,0,0
12,1,46.8,50,0.9359999999999999,0,0,0,0
15,3,36.5,50,0.73,0,0,0,1
14,2,13.6,30,0.4533333333333333,0,0,0,1
11,6,20.3,50,0.406,1,0,0,2
17,2,12.3,60,0.20500000000000002,0,1,0,2
21,7,97.6,100,0.976,1,0,0,0
22,1,63.8,80,0.7975,0,0,1,0
20,7,33.8,50,0.6759999999999999,1,0,0,1
6,7,52.5,60,0.875,1,0,0,0
14,1,8.6,60,0.14333333333333334,0,0,0,2
8,6,41.6,50,0.8320000000000001,1,1,0,0
18,6,19.0,60,0.31666666666666665,1,1,0,2
13,6,41.1,80,0.51375,1,0,0,1
12,6,23.7,80,0.29625,1,0,0,2
1,4,49.5,60,0.825,0,0,1,0
23,7,26.0,30,0.8666666666666667,1,0,1,0
23,1,75.9,80,0.9487500000000001,0,0,1,0
16,3,82.1,100,0.821,0,0,0,0
5,1,58.9,60,0.9816666666666667,0,0,1,0
11,7,42.1,80,0.52625,1,0,0,1
5,5,16.2,50,0.324,0,0,1,2
15,2,29.5,30,0.9833333333333333,0,0,0,0
18,1,22.6,60,0.3766666666666667,0,1,0,2
20,3,25.6,80,0.32,0,0,0,2
12,4,54.8,60,0.9133333333333333,0,0,0,0
9,6,28.2,30,0.94,1,1,0,0
18,5,9.3,30,0.31,0,1,0,2
21,6,66.7,80,0.83375,1,0,0,0
13,5,13.7,50,0.27399999999999997,0,0,0,2
18,3,13.8,30,0.46,0,1,0,1
14,6,47.2,60,0.7866666666666667,1,0,0,0
18,4,29.9,100,0.299,0,1,0,2
13,5,60.0,60,1.0,0,0,0,0
10,6,35.8,60,0.5966666666666666,1,0,0,1
9,5,6.2,50,0.124,0,1,0,2
8,1,24.7,60,0.4116666666666667,0,1,0,2
3,6,58.5,60,0.975,1,0,1,0
22,2,48.6,60,0.81,0,0,1,0
3,2,45.4,50,0.9079999999999999,0,0,1,0
8,2,63.1,100,0.631,0,1,0,1
11,1,37.6,60,0.6266666666666667,0,0,0,1
23,6,92.2,100,0.922,1,0,1,0
21,3,41.4,50,0.828,0,0,0,0
7,4,40.7,60,0.6783333333333333,0,1,0,1
17,2,60.3,80,0.7537499999999999,0,1,0,0
11,2,45.1,50,0.902,0,0,0,0
16,2,47.9,60,0.7983333333333333,0,0,0,0
23,7,29.2,60,0.48666666666666664,1,0,1,1
15,4,8.6,50,0.172,0,0,0,2
7,1,10.0,60,0.16666666666666666,0,1,0,2
20,2,3.3,30,0.11,0,0,0,2
3,6,31.5,60,0.525,1,0,1,1
3,3,56.0,60,0.9333333333333333,0,0,1,0
23,2,39.1,80,0.48875,0,0,1,1
17,5,20.6,60,0.3433333333333334,0,1,0,2
5,4,28.8,30,0.9600000000000001,0,0,1,0
11,6,52.4,60,0.8733333333333333,1,0,0,0
15,6,24.2,50,0.484,1,0,0,1
23,3,52.0,60,0.8666666666666667,0,0,1,0
1,7,96.4,100,0.9640000000000001,1,0,1,0
16,6,49.7,50,0.9940000000000001,1,0,0,0
22,5,27.1,30,0.9033333333333334,0,0,1,0
19,6,42.0,100,0.42,1,1,0,2
14,6,63.8,80,0.7975,1,0,0,0
17,1,13.1,50,0.262,0,1,0,2
0,3,74.3,80,0.92875,0,0,1,0
12,6,50.2,60,0.8366666666666667,1,0,0,0
3,6,36.6,60,0.61,1,0,1,1
5,1,46.7,60,0.7783333333333334,0,0,1,0
12,7,51.0,80,0.6375,1,0,0,1
3,1,84.5,100,0.845,0,0,1,0
3,3,29.9,30,0.9966666666666666,0,0,1,0
7,4,45.9,80,0.57375,0,1,0,1
16,2,21.5,30,0.7166666666666667,0,0,0,1
3,1,51.1,80,0.63875,0,0,1,1
2,4,22.3,80,0.27875,0,0,1,2
10,4,55.8,60,0.9299999999999999,0,0,0,0
6,1,35.5,60,0.5916666666666667,0,0,0,1
6,6,54.3,80,0.67875,1,0,0,1
13,7,56.2,60,0.9366666666666668,1,0,0,0
19,2,39.5,60,0.6583333333333333,0,1,0,1
5,2,62.2,80,0.7775000000000001,0,0,1,0
7,3,42.1,80,0.52625,0,1,0,1
2,2,47.2,60,0.7866666666666667,0,0,1,0
3,7,31.8,60,0.53,1,0,1,1
23,6,7.3,50,0.146,1,0,1,2
14,3,69.7,80,0.8712500000000001,0,0,0,0
0,7,34.3,60,0.5716666666666667,1,0,1,1
0,4,33.6,50,0.672,0,0,1,1
5,3,47.8,50,0.956,0,0,1,0
4,3,38.1,50,0.762,0,0,1,0
2,5,52.6,60,0.8766666666666667,0,0,1,0
2,6,15.9,60,0.265,1,0,1,2
23,1,57.7,60,0.9616666666666667,0,0,1,0
10,5,40.1,60,0.6683333333333333,0,0,0,1
12,1,58.6,60,0.9766666666666667,0,0,0,0
0,3,70.1,80,0.87625,0,0,1,0
15,1,39.7,50,0.794,0,0,0,0
8,3,19.3,60,0.32166666666666666,0,1,0,2
2,4,49.3,80,0.61625,0,0,1,1
10,2,59.5,60,0.9916666666666667,0,0,0,0
13,2,20.0,30,0.6666666666666666,0,0,0,1
11,7,11.1,60,0.185,1,0,0,2
10,5,98.5,100,0.985,0,0,0,0
15,4,36.6,80,0.4575,0,0,0,1
4,5,51.9,60,0.865,0,0,1,0
6,3,42.3,50,0.846,0,0,0,0
14,4,18.8,50,0.376,0,0,0,2
15,1,74.6,80,0.9324999999999999,0,0,0,0
22,3,39.5,50,0.79,0,0,1,0
3,3,42.0,50,0.84,0,0,1,0
17,5,14.2,100,0.142,0,1,0,2
5,3,42.9,50,0.858,0,0,1,0
9,4,10.6,60,0.17666666666666667,0,1,0,2
17,2,4.1,30,0.13666666666666666,0,1,0,2
16,1,26.2,30,0.8733333333333333,0,0,0,0
7,6,45.4,50,0.9079999999999999,1,1,0,0
6,6,5.3,50,0.106,1,0,0,2
10,1,47.1,80,0.58875,0,0,0,1
20,6,48.8,60,0.8133333333333332,1,0,0,0
17,6,41.7,50,0.8340000000000001,1,1,0,0
13,7,26.0,80,0.325,1,0,0,2
13,3,76.1,100,0.7609999999999999,0,0,0,0
17,2,6.9,30,0.23,0,1,0,2
9,1,32.6,80,0.40750000000000003,0,1,0,2
19,4,57.1,80,0.71375,0,1,0,1
23,2,63.7,80,0.79625,0,0,1,0
12,1,58.6,100,0.586,0,0,0,1
1,2,56.5,60,0.9416666666666667,0,0,1,0
10,7,92.0,100,0.92,1,0,0,0
18,3,14.8,80,0.185,0,1,0,2
0,2,42.5,50,0.85,0,0,1,0
1,5,51.5,60,0.8583333333333333,0,0,1,0
9,3,34.1,100,0.341,0,1,0,2
20,7,36.0,50,0.72,1,0,0,1
11,6,15.6,100,0.156,1,0,0,2
20,3,49.4,50,0.988,0,0,0,0
18,7,47.6,50,0.9520000000000001,1,1,0,0
20,6,46.8,50,0.9359999999999999,1,0,0,0
5,6,79.8,100,0.7979999999999999,1,0,1,0
11,7,49.9,60,0.8316666666666667,1,0,0,0
2,5,37.9,50,0.758,0,0,1,0
22,5,53.7,60,0.895,0,0,1,0
20,1,44.5,50,0.89,0,0,0,0
12,1,31.0,60,0.5166666666666667,0,0,0,1
1,3,78.5,100,0.785,0,0,1,0
22,2,28.6,30,0.9533333333333334,0,0,1,0
16,6,24.3,50,0.486,1,0,0,1
2,1,47.6,60,0.7933333333333333,0,0,1,0
3,6,61.4,80,0.7675,1,0,1,0
2,6,40.2,50,0.804,1,0,1,0
10,2,18.3,30,0.61,0,0,0,1
4,2,59.9,60,0.9983333333333333,0,0,1,0
13,6,15.7,60,0.26166666666666666,1,0,0,2
9,6,37.5,50,0.75,1,1,0,0
23,4,23.4,50,0.46799999999999997,0,0,1,1
22,6,87.4,100,0.8740000000000001,1,0,1,0
10,2,72.9,80,0.9112500000000001,0,0,0,0
6,1,29.4,50,0.588,0,0,0,1
19,5,19.5,50,0.39,0,1,0,2
23,5,40.2,50,0.804,0,0,1,0
10,7,23.2,80,0.29,1,0,0,2
11,4,26.3,60,0.43833333333333335,0,0,0,2
20,4,48.0,60,0.8,0,0,0,0
6,4,72.7,100,0.727,0,0,0,1
16,7,45.0,60,0.75,1,0,0,0
0,5,45.6,60,0.76,0,0,1,0
6,1,8.2,60,0.13666666666666666,0,0,0,2
11,6,28.4,60,0.47333333333333333,1,0,0,1
2,3,27.0,30,0.9,0,0,1,0
7,4,54.3,100,0.5429999999999999,0,1,0,1
0,2,58.6,80,0.7325,0,0,1,1
16,4,18.2,80,0.22749999999999998,0,0,0,2
20,1,30.8,60,0.5133333333333333,0,0,0,1
17,6,56.1,60,0.935,1,1,0,0
1,2,79.5,80,0.99375,0,0,1,0
22,7,47.1,50,0.9420000000000001,1,0,1,0
22,1,51.6,60,0.86,0,0,1,0
7,6,72.4,80,0.905,1,1,0,0
1,1,23.5,50,0.47,0,0,1,1
0,6,38.3,50,0.7659999999999999,1,0,1,0
18,3,4.0,30,0.13333333333333333,0,1,0,2
21,1,30.0,50,0.6,0,0,0,1
22,2,57.9,60,0.965,0,0,1,0
19,1,30.3,80,0.37875000000000003,0,1,0,2
13,4,44.3,80,0.55375,0,0,0,1
19,4,8.7,60,0.145,0,1,0,2
15,5,55.1,80,0.68875,0,0,0,1
9,3,35.2,50,0.7040000000000001,0,1,0,1
3,3,25.3,30,0.8433333333333334,0,0,1,0
1,7,76.8,80,0.96,1,0,1,0
18,2,15.7,60,0.26166666666666666,0,1,0,2
2,5,55.4,60,0.9233333333333333,0,0,1,0
16,7,55.9,60,0.9316666666666666,1,0,0,0
9,4,46.8,50,0.9359999999999999,0,1,0,0
18,1,8.2,80,0.1025,0,1,0,2
13,3,20.7,80,0.25875,0,0,0,2
3,2,46.4,50,0.9279999999999999,0,0,1,0
10,7,32.2,80,0.4025,1,0,0,2
8,7,6.7,30,0.22333333333333333,1,1,0,2
8,4,5.8,50,0.11599999999999999,0,1,0,2
5,6,35.8,50,0.716,1,0,1,1
19,2,14.5,80,0.18125,0,1,0,2
0,6,85.5,100,0.855,1,0,1,0
5,1,28.7,100,0.287,0,0,1,2
23,6,46.6,50,0.932,1,0,1,0
5,1,43.5,60,0.725,0,0,1,1
3,5,53.0,60,0.8833333333333333,0,0,1,0
3,5,41.7,50,0.8340000000000001,0,0,1,0
4,5,58.5,60,0.975,0,0,1,0
14,6,8.1,60,0.13499999999999998,1,0,0,2
10,2,47.6,60,0.7933333333333333,0,0,0,0
13,3,17.9,60,0.2983333333333333,0,0,0,2
4,6,17.5,60,0.2916666666666667,1,0,1,2
11,2,92.2,100,0.922,0,0,0,0
19,2,43.2,60,0.7200000000000001,0,1,0,1
17,3,28.8,60,0.48000000000000004,0,1,0,1
9,6,7.8,30,0.26,1,1,0,2
19,2,27.7,80,0.34625,0,1,0,2
3,3,68.5,80,0.85625,0,0,1,0
13,2,63.6,100,0.636,0,0,0,1
5,5,57.2,60,0.9533333333333334,0,0,1,0
7,7,56.7,60,0.9450000000000001,1,1,0,0
10,4,27.7,30,0.9233333333333333,0,0,0,0
3,1,48.7,60,0.8116666666666668,0,0,1,0
11,7,61.9,80,0.7737499999999999,1,0,0,0
7,5,27.2,60,0.4533333333333333,0,1,0,1
10,7,84.2,100,0.8420000000000001,1,0,0,0
12,1,32.2,60,0.5366666666666667,0,0,0,1
21,3,32.4,60,0.5399999999999999,0,0,0,1
11,3,61.0,100,0.61,0,0,0,1
20,2,49.4,60,0.8233333333333334,0,0,0,0
13,6,61.4,100,0.614,1,0,0,1
20,2,31.7,60,0.5283333333333333,0,0,0,1
23,3,59.8,60,0.9966666666666666,0,0,1,0
12,3,7.9,60,0.13166666666666668,0,0,0,2
5,2,58.8,60,0.98,0,0,1,0
15,5,6.9,60,0.115,0,0,0,2
20,2,22.1,100,0.221,0,0,0,2
15,2,54.8,60,0.9133333333333333,0,0,0,0
23,5,47.8,60,0.7966666666666666,0,0,1,0
21,2,25.3,50,0.506,0,0,0,1
7,4,4.5,30,0.15,0,1,0,2
17,2,16.8,50,0.336,0,1,0,2
20,2,39.7,80,0.49625,0,0,0,1
15,4,28.3,30,0.9433333333333334,0,0,0,0
19,7,42.5,50,0.85,1,1,0,0
1,3,47.5,60,0.7916666666666666,0,0,1,0
15,6,48.2,80,0.6025,1,0,0,1
3,6,22.7,60,0.3783333333333333,1,0,1,2
2,6,68.6,80,0.8574999999999999,1,0,1,0
8,5,21.0,50,0.42,0,1,0,2
2,7,41.3,50,0.826,1,0,1,0
3,2,56.9,60,0.9483333333333334,0,0,1,0
13,2,54.1,80,0.67625,0,0,0,1
12,1,38.2,50,0.764,0,0,0,0
13,7,16.6,100,0.166,1,0,0,2
12,6,25.0,80,0.3125,1,0,0,2
22,4,39.4,60,0.6566666666666666,0,0,1,1
15,4,59.5,60,0.9916666666666667,0,0,0,0
12,3,44.2,50,0.884,0,0,0,0
15,5,52.7,60,0.8783333333333334,0,0,0,0
14,5,59.7,60,0.995,0,0,0,0
12,2,28.7,80,0.35875,0,0,0,2
21,1,36.3,50,0.726,0,0,0,1
12,7,48.4,50,0.968,1,0,0,0
13,1,19.1,50,0.382,0,0,0,2
3,4,44.5,50,0.89,0,0,1,0
12,2,20.1,60,0.335,0,0,0,2
2,3,71.1,80,0.8887499999999999,0,0,1,0
3,7,59.9,60,0.9983333333333333,1,0,1,0
13,6,47.5,60,0.7916666666666666,1,0,0,0
20,7,37.8,80,0.4725,1,0,0,1
12,2,73.8,80,0.9225,0,0,0,0
23,7,43.5,50,0.87,1,0,1,0
18,3,18.0,60,0.3,0,1,0,2
0,6,8.1,50,0.162,1,0,1,2
12,4,40.6,60,0.6766666666666666,0,0,0,1
11,1,29.3,60,0.48833333333333334,0,0,0,1
23,7,41.8,50,0.836,1,0,1,0
17,1,19.2,50,0.384,0,1,0,2
3,3,47.8,50,0.956,0,0,1,0
0,5,38.1,50,0.762,0,0,1,0
11,1,44.0,60,0.7333333333333333,0,0,0,1
1,2,25.3,30,0.8433333333333334,0,0,1,0
14,6,34.0,60,0.5666666666666667,1,0,0,1
18,2,33.9,60,0.565,0,1,0,1
23,5,40.2,50,0.804,0,0,1,0
18,7,21.1,60,0.3516666666666667,1,1,0,2
3,3,47.9,60,0.7983333333333333,0,0,1,0
13,6,31.5,60,0.525,1,0,0,1
11,6,8.7,80,0.10874999999999999,1,0,0,2
9,4,45.9,80,0.57375,0,1,0,1
14,4,56.0,80,0.7,0,0,0,1
8,4,8.3,50,0.166,0,1,0,2
14,2,62.6,80,0.7825,0,0,0,0
20,2,52.5,60,0.875,0,0,0,0
14,4,59.7,60,0.995,0,0,0,0
2,2,69.8,80,0.8724999999999999,0,0,1,0
2,7,51.9,60,0.865,1,0,1,0
12,2,23.6,30,0.7866666666666667,0,0,0,0
0,5,46.4,50,0.9279999999999999,0,0,1,0
4,2,49.1,60,0.8183333333333334,0,0,1,0
2,7,55.5,60,0.925,1,0,1,0
0,4,28.8,50,0.5760000000000001,0,0,1,1
19,5,13.7,80,0.17124999999999999,0,1,0,2
20,1,40.7,60,0.6783333333333333,0,0,0,1
9,1,23.8,60,0.39666666666666667,0,1,0,2
1,2,48.2,60,0.8033333333333333,0,0,1,0
14,7,15.1,30,0.5033333333333333,1,0,0,1
6,4,20.6,50,0.41200000000000003,0,0,0,2
0,2,50.9,60,0.8483333333333333,0,0,1,0
13,2,16.5,60,0.275,0,0,0,2
10,2,29.1,30,0.9700000000000001,0,0,0,0
1,4,62.4,80,0.78,0,0,1,0
17,3,28.1,60,0.4683333333333334,0,1,0,1
7,2,18.7,60,0.31166666666666665,0,1,0,2
10,1,71.7,80,0.89625,0,0,0,0
17,2,12.5,60,0.20833333333333334,0,1,0,2
12,4,28.1,60,0.4683333333333334,0,0,0,1
12,7,38.4,80,0.48,1,0,0,1
11,1,14.6,60,0.24333333333333332,0,0,0,2
21,5,41.7,50,0.8340000000000001,0,0,0,0
16,6,71.6,80,0.8949999999999999,1,0,0,0
17,2,27.4,50,0.5479999999999999,0,1,0,1
22,2,30.7,60,0.5116666666666666,0,0,1,1
0,4,59.9,60,0.9983333333333333,0,0,1,0
19,5,16.9,100,0.16899999999999998,0,1,0,2
23,2,17.1,30,0.5700000000000001,0,0,1,1
23,6,47.8,50,0.956,1,0,1,0
13,6,45.9,60,0.765,1,0,0,0
21,7,23.1,30,0.77,1,0,0,0
12,7,19.8,60,0.33,1,0,0,2
7,7,49.6,60,0.8266666666666667,1,1,0,0
22,5,71.7,80,0.89625,0,0,1,0
18,7,25.7,60,0.42833333333333334,1,1,0,2
0,6,49.4,60,0.8233333333333334,1,0,1,0
4,7,27.5,60,0.4583333333333333,1,0,1,1
6,7,54.1,60,0.9016666666666667,1,0,0,0
11,2,58.5,100,0.585,0,0,0,1
21,3,12.3,80,0.15375,0,0,0,2
12,4,51.1,60,0.8516666666666667,0,0,0,0
16,2,19.3,30,0.6433333333333333,0,0,0,1
23,4,15.1,30,0.5033333333333333,0,0,1,1
8,6,40.1,100,0.401,1,1,0,2
16,4,91.3,100,0.9129999999999999,0,0,0,0
1,5,79.6,80,0.9949999999999999,0,0,1,0
1,4,46.7,50,0.934,0,0,1,0
22,1,71.6,80,0.8949999999999999,0,0,1,0
23,2,46.5,50,0.93,0,0,1,0
3,4,53.1,60,0.885,0,0,1,0
11,4,29.3,50,0.586,0,0,0,1
21,6,74.2,80,0.9275,1,0,0,0
3,3,49.4,60,0.8233333333333334,0,0,1,0
19,6,12.5,60,0.20833333333333334,1,1,0,2
1,7,48.6,50,0.972,1,0,1,0
20,4,76.4,80,0.9550000000000001,0,0,0,0
23,7,29.1,30,0.9700000000000001,1,0,1,0
19,3,7.0,60,0.11666666666666667,0,1,0,2
16,1,54.8,60,0.9133333333333333,0,0,0,0
23,4,24.1,30,0.8033333333333333,0,0,1,0
21,4,46.9,50,0.938,0,0,0,0
7,5,22.7,80,0.28375,0,1,0,2
10,7,32.1,100,0.321,1,0,0,2
9,3,8.6,30,0.2866666666666667,0,1,0,2
8,4,38.3,50,0.7659999999999999,0,1,0,0
19,5,7.2,30,0.24000000000000002,0,1,0,2
14,1,57.8,60,0.9633333333333333,0,0,0,0
2,5,65.4,80,0.8175000000000001,0,0,1,0
18,4,3.8,30,0.12666666666666665,0,1,0,2
15,5,47.4,50,0.948,0,0,0,0
0,3,52.0,60,0.8666666666666667,0,0,1,0
0,4,47.0,50,0.94,0,0,1,0
17,5,8.2,30,0.2733333333333333,0,1,0,2
15,4,53.5,60,0.8916666666666667,0,0,0,0
5,4,20.8,30,0.6933333333333334,0,0,1,1
16,6,56.6,80,0.7075,1,0,0,1
21,6,10.4,80,0.13,1,0,0,2
11,5,11.4,60,0.19,0,0,0,2
6,3,24.3,60,0.405,0,0,0,2
0,5,68.1,80,0.85125,0,0,1,0
7,7,68.0,100,0.68,1,1,0,1
17,1,16.8,50,0.336,0,1,0,2
18,2,7.4,50,0.14800000000000002,0,1,0,2
7,2,7.0,30,0.23333333333333334,0,1,0,2
1,4,23.5,50,0.47,0,0,1,1
3,2,59.7,60,0.995,0,0,1,0
11,3,31.5,50,0.63,0,0,0,1
17,2,15.3,80,0.19125,0,1,0,2
12,4,31.4,50,0.628,0,0,0,1
11,4,25.7,30,0.8566666666666667,0,0,0,0
8,6,30.0,60,0.5,1,1,0,1
2,5,65.5,80,0.81875,0,0,1,0
2,4,25.5,30,0.85,0,0,1,0
18,6,9.7,30,0.3233333333333333,1,1,0,2
16,1,50.0,60,0.8333333333333334,0,0,0,0
11,3,56.4,60,0.94,0,0,0,0
14,6,27.7,60,0.46166666666666667,1,0,0,1
12,4,26.3,50,0.526,0,0,0,1
20,4,54.9,60,0.9149999999999999,0,0,0,0
19,2,10.4,30,0.3466666666666667,0,1,0,2
6,6,47.3,50,0.946,1,0,0,0
16,1,24.5,80,0.30625,0,0,0,2
16,6,9.3,60,0.155,1,0,0,2
20,1,44.0,50,0.88,0,0,0,0
20,7,9.8,30,0.3266666666666667,1,0,0,2
1,5,64.7,80,0.8087500000000001,0,0,1,0
1,6,9.9,50,0.198,1,0,1,2
10,2,25.2,50,0.504,0,0,0,1
10,5,58.2,60,0.9700000000000001,0,0,0,0
22,3,47.4,60,0.7899999999999999,0,0,1,0
23,6,26.2,30,0.8733333333333333,1,0,1,0
8,7,80.8,100,0.8079999999999999,1,1,0,0
10,6,24.2,60,0.4033333333333333,1,0,0,2
13,2,49.8,60,0.83,0,0,0,0
9,2,15.9,50,0.318,0,1,0,2
1,6,42.6,50,0.852,1,0,1,0
8,3,8.8,60,0.14666666666666667,0,1,0,2
3,1,46.4,60,0.7733333333333333,0,0,1,0
13,6,36.5,60,0.6083333333333333,1,0,0,1
11,2,53.4,80,0.6675,0,0,0,1
16,3,59.5,60,0.9916666666666667,0,0,0,0
20,4,30.7,50,0.614,0,0,0,1
10,5,91.4,100,0.914,0,0,0,0
4,3,40.2,60,0.67,0,0,1,1
4,7,89.2,100,0.892,1,0,1,0
19,7,33.7,60,0.5616666666666668,1,1,0,1
5,1,38.0,50,0.76,0,0,1,0
6,4,53.2,60,0.8866666666666667,0,0,0,0
8,5,24.8,80,0.31,0,1,0,2
18,5,9.6,30,0.32,0,1,0,2
18,3,14.6,50,0.292,0,1,0,2
7,3,18.1,50,0.36200000000000004,0,1,0,2
0,1,73.5,80,0.91875,0,0,1,0
5,3,30.2,50,0.604,0,0,1,1
4,7,66.2,80,0.8275,1,0,1,0
16,2,100.0,100,1.0,0,0,0,0
10,5,48.8,60,0.8133333333333332,0,0,0,0
19,6,50.8,60,0.8466666666666666,1,1,0,0
22,5,24.9,50,0.498,0,0,1,1
3,2,57.3,60,0.955,0,0,1,0
15,3,31.0,50,0.62,0,0,0,1
6,2,17.7,60,0.295,0,0,0,2
7,2,13.0,60,0.21666666666666667,0,1,0,2
5,2,48.2,60,0.8033333333333333,0,0,1,0
2,2,57.0,60,0.95,0,0,1,0
18,5,18.6,50,0.37200000000000005,0,1,0,2
0,1,38.9,80,0.48624999999999996,0,0,1,1
15,2,30.6,50,0.612,0,0,0,1
8,2,7.6,60,0.12666666666666665,0,1,0,2
20,2,93.5,100,0.935,0,0,0,0
21,6,40.6,50,0.812,1,0,0,0
1,2,29.8,30,0.9933333333333334,0,0,1,0
10,6,24.2,80,0.3025,1,0,0,2
20,3,95.2,100,0.9520000000000001,0,0,0,0
9,3,23.1,60,0.385,0,1,0,2
16,3,37.7,50,0.754,0,0,0,0
5,7,8.3,60,0.13833333333333334,1,0,1,2
20,1,21.4,30,0.7133333333333333,0,0,0,1
23,2,46.1,60,0.7683333333333333,0,0,1,0
7,5,12.4,50,0.248,0,1,0,2
8,7,23.9,30,0.7966666666666666,1,1,0,0
3,5,51.7,60,0.8616666666666667,0,0,1,0
7,1,45.7,80,0.57125,0,1,0,1
22,6,68.8,80,0.86,1,0,1,0
5,4,52.5,60,0.875,0,0,1,0
1,6,59.4,60,0.99,1,0,1,0
8,5,8.9,50,0.17800000000000002,0,1,0,2
8,3,38.3,80,0.47874999999999995,0,1,0,1
10,6,33.8,60,0.5633333333333332,1,0,0,1
15,2,45.8,60,0.7633333333333333,0,0,0,0
22,6,26.3,30,0.8766666666666667,1,0,1,0
7,1,32.5,50,0.65,0,1,0,1
4,7,91.9,100,0.919,1,0,1,0
23,5,58.5,60,0.975,0,0,1,0
22,2,61.9,100,0.619,0,0,1,1
12,7,67.0,100,0.67,1,0,0,1
15,2,53.8,80,0.6725,0,0,0,1
6,4,33.1,60,0.5516666666666666,0,0,0,1
9,6,13.1,60,0.21833333333333332,1,1,0,2
3,6,46.6,50,0.932,1,0,1,0
21,3,45.0,50,0.9,0,0,0,0
0,6,42.0,50,0.84,1,0,1,0
5,6,50.1,60,0.8350000000000001,1,0,1,0
18,1,58.8,60,0.98,0,1,0,0
3,5,31.3,60,0.5216666666666667,0,0,1,1
13,6,53.7,60,0.895,1,0,0,0
15,6,38.6,60,0.6433333333333333,1,0,0,1
9,5,15.3,60,0.255,0,1,0,2
10,1,29.3,60,0.48833333333333334,0,0,0,1
21,1,20.9,60,0.34833333333333333,0,0,0,2
8,2,36.4,60,0.6066666666666667,0,1,0,1
22,7,51.8,60,0.8633333333333333,1,0,1,0
3,1,28.2,50,0.564,0,0,1,1
9,6,70.2,80,0.8775000000000001,1,1,0,0
7,2,23.0,100,0.23,0,1,0,2
3,5,15.6,80,0.195,0,0,1,2
3,3,33.3,50,0.6659999999999999,0,0,1,1
17,2,18.1,60,0.3016666666666667,0,1,0,2
13,5,57.5,80,0.71875,0,0,0,1
22,4,78.4,80,0.9800000000000001,0,0,1,0
23,4,52.4,60,0.8733333333333333,0,0,1,0
11,5,69.3,80,0.86625,0,0,0,0
16,5,24.2,50,0.484,0,0,0,1
22,7,46.9,60,0.7816666666666666,1,0,1,0
21,7,67.0,80,0.8375,1,0,0,0
21,6,81.2,100,0.812,1,0,0,0
8,6,61.0,80,0.7625,1,1,0,0
2,7,36.6,60,0.61,1,0,1,1
14,7,22.9,50,0.45799999999999996,1,0,0,1
2,4,53.0,60,0.8833333333333333,0,0,1,0
20,7,38.3,60,0.6383333333333333,1,0,0,1
3,5,53.4,60,0.89,0,0,1,0
23,7,56.0,60,0.9333333333333333,1,0,1,0
19,6,54.1,100,0.541,1,1,0,1
20,1,56.2,60,0.9366666666666668,0,0,0,0
16,7,18.1,50,0.36200000000000004,1,0,0,2
7,2,17.3,50,0.34600000000000003,0,1,0,2
22,1,62.2,80,0.7775000000000001,0,0,1,0
5,1,53.3,60,0.8883333333333333,0,0,1,0
5,1,53.5,80,0.66875,0,0,1,1
13,3,75.1,80,0.93875,0,0,0,0
3,7,42.5,60,0.7083333333333334,1,0,1,1
17,6,41.6,60,0.6933333333333334,1,1,0,1
5,6,69.5,80,0.86875,1,0,1,0
16,6,5.8,30,0.19333333333333333,1,0,0,2
6,5,78.6,80,0.9824999999999999,0,0,0,0
13,3,52.8,80,0.6599999999999999,0,0,0,1
1,5,59.7,60,0.995,0,0,1,0
21,2,68.5,80,0.85625,0,0,0,0
16,1,49.6,60,0.8266666666666667,0,0,0,0
13,5,37.2,60,0.62,0,0,0,1
17,4,17.4,100,0.174,0,1,0,2
15,6,65.5,80,0.81875,1,0,0,0
19,4,7.8,60,0.13,0,1,0,2
8,7,48.2,60,0.8033333333333333,1,1,0,0
19,5,12.8,30,0.4266666666666667,0,1,0,2
2,1,73.9,80,0.9237500000000001,0,0,1,0
18,4,33.0,50,0.66,0,1,0,1
6,3,68.0,80,0.85,0,0,0,0
3,1,38.1,50,0.762,0,0,1,0
13,4,48.0,60,0.8,0,0,0,0
11,7,16.4,60,0.2733333333333333,1,0,0,2
11,7,41.0,50,0.82,1,0,0,0
6,7,47.4,60,0.7899999999999999,1,0,0,0
0,5,44.1,50,0.882,0,0,1,0
12,6,56.2,60,0.9366666666666668,1,0,0,0
19,2,28.6,80,0.35750000000000004,0,1,0,2
4,6,59.2,60,0.9866666666666667,1,0,1,0
9,4,42.1,60,0.7016666666666667,0,1,0,1
11,4,23.1,50,0.462,0,0,0,1
1,1,36.4,50,0.728,0,0,1,1
4,6,89.2,100,0.892,1,0,1,0
11,7,37.7,60,0.6283333333333334,1,0,0,1
10,5,53.3,80,0.66625,0,0,0,1
16,4,56.8,60,0.9466666666666667,0,0,0,0
5,3,52.4,60,0.8733333333333333,0,0,1,0
12,7,52.2,60,0.87,1,0,0,0
20,1,49.3,60,0.8216666666666667,0,0,0,0
21,5,24.5,50,0.49,0,0,0,1
17,6,32.6,60,0.5433333333333333,1,1,0,1
21,3,96.4,100,0.9640000000000001,0,0,0,0
4,7,56.4,60,0.94,1,0,1,0
5,1,87.3,100,0.873,0,0,1,0
16,5,47.9,100,0.479,0,0,0,1
18,6,45.8,80,0.5725,1,1,0,1
9,5,9.0,50,0.18,0,1,0,2
3,4,49.4,60,0.8233333333333334,0,0,1,0
13,1,22.2,60,0.37,0,0,0,2
7,1,36.2,100,0.36200000000000004,0,1,0,2
16,1,55.8,60,0.9299999999999999,0,0,0,0
5,6,79.7,80,0.9962500000000001,1,0,1,0
16,1,78.6,80,0.9824999999999999,0,0,0,0
14,3,18.0,30,0.6,0,0,0,1
22,3,89.2,100,0.892,0,0,1,0
0,4,7.9,30,0.26333333333333336,0,0,1,2
13,2,20.5,80,0.25625,0,0,0,2
19,7,31.4,60,0.5233333333333333,1,1,0,1
20,6,79.1,80,0.9887499999999999,1,0,0,0
8,7,43.8,80,0.5475,1,1,0,1
10,1,59.8,60,0.9966666666666666,0,0,0,0
0,5,40.4,50,0.8079999999999999,0,0,1,0
20,4,9.1,30,0.30333333333333334,0,0,0,2
9,2,11.1,30,0.37,0,1,0,2
19,3,16.6,60,0.27666666666666667,0,1,0,2
11,1,86.8,100,0.868,0,0,0,0
15,3,53.4,60,0.89,0,0,0,0
18,4,18.0,60,0.3,0,1,0,2
7,3,69.2,100,0.6920000000000001,0,1,0,1
12,7,30.6,60,0.51,1,0,0,1
21,7,42.1,60,0.7016666666666667,1,0,0,1
16,5,53.6,60,0.8933333333333333,0,0,0,0
21,3,56.8,60,0.9466666666666667,0,0,0,0
17,6,59.0,60,0.9833333333333333,1,1,0,0
13,1,37.8,50,0.7559999999999999,0,0,0,0
0,6,94.8,100,0.948,1,0,1,0
9,4,18.6,50,0.37200000000000005,0,1,0,2
21,3,72.9,80,0.9112500000000001,0,0,0,0
10,4,43.3,50,0.866,0,0,0,0
12,2,63.8,100,0.638,0,0,0,1
13,7,9.8,80,0.12250000000000001,1,0,0,2
22,2,51.3,60,0.855,0,0,1,0
22,6,44.8,50,0.8959999999999999,1,0,1,0
15,6,49.6,60,0.8266666666666667,1,0,0,0
21,2,76.0,80,0.95,0,0,0,0
9,3,5.4,50,0.10800000000000001,0,1,0,2
4,2,61.1,80,0.76375,0,0,1,0
23,3,46.2,60,0.77,0,0,1,0
13,6,29.5,50,0.59,1,0,0,1
0,7,68.8,80,0.86,1,0,1,0
5,7,69.1,80,0.8637499999999999,1,0,1,0
2,2,97.3,100,0.973,0,0,1,0
8,1,19.1,60,0.31833333333333336,0,1,0,2
17,4,24.7,60,0.4116666666666667,0,1,0,2
17,2,44.3,60,0.7383333333333333,0,1,0,1
16,2,48.3,60,0.8049999999999999,0,0,0,0
22,2,58.0,60,0.9666666666666667,0,0,1,0
9,1,15.5,60,0.25833333333333336,0,1,0,2
6,5,41.8,50,0.836,0,0,0,0
20,1,47.7,60,0.795,0,0,0,0
6,7,42.7,50,0.8540000000000001,1,0,0,0
17,7,8.8,50,0.17600000000000002,1,1,0,2
15,1,59.4,60,0.99,0,0,0,0
13,3,66.0,100,0.66,0,0,0,1
5,6,50.9,60,0.8483333333333333,1,0,1,0
6,5,42.0,50,0.84,0,0,0,0
10,1,39.7,60,0.6616666666666667,0,0,0,1
10,1,23.8,60,0.39666666666666667,0,0,0,2
4,5,62.9,80,0.78625,0,0,1,0
7,5,10.9,50,0.218,0,1,0,2
2,2,40.1,50,0.802,0,0,1,0
11,5,58.2,80,0.7275,0,0,0,1
14,7,73.9,80,0.9237500000000001,1,0,0,0
19,2,5.4,50,0.10800000000000001,0,1,0,2
1,2,47.7,60,0.795,0,0,1,0
15,5,53.1,60,0.885,0,0,0,0
4,2,24.9,30,0.83,0,0,1,0
3,5,32.8,60,0.5466666666666666,0,0,1,1
1,2,96.3,100,0.963,0,0,1,0
2,3,70.9,80,0.8862500000000001,0,0,1,0
2,2,49.2,60,0.8200000000000001,0,0,1,0
0,6,76.6,80,0.9574999999999999,1,0,1,0
5,4,43.7,80,0.54625,0,0,1,1
0,7,26.6,30,0.8866666666666667,1,0,1,0
7,2,32.7,80,0.40875000000000006,0,1,0,2
17,5,14.1,60,0.235,0,1,0,2
17,2,7.8,60,0.13,0,1,0,2
9,3,45.5,60,0.7583333333333333,0,1,0,0
13,5,53.5,60,0.8916666666666667,0,0,0,0
21,5,49.5,50,0.99,0,0,0,0
12,3,51.8,60,0.8633333333333333,0,0,0,0
7,6,26.6,30,0.8866666666666667,1,1,0,0
12,6,50.6,60,0.8433333333333334,1,0,0,0
0,6,49.0,50,0.98,1,0,1,0
6,5,42.4,50,0.848,0,0,0,0
10,6,51.7,60,0.8616666666666667,1,0,0,0
22,3,58.9,60,0.9816666666666667,0,0,1,0
6,7,37.3,60,0.6216666666666666,1,0,0,1
3,2,78.9,80,0.9862500000000001,0,0,1,0
17,7,40.1,60,0.6683333333333333,1,1,0,1
8,4,39.9,80,0.49874999999999997,0,1,0,1
16,4,40.2,50,0.804,0,0,0,0
13,7,58.4,60,0.9733333333333333,1,0,0,0
2,7,57.7,60,0.9616666666666667,1,0,1,0
12,3,45.6,60,0.76,0,0,0,0
11,6,18.6,30,0.62,1,0,0,1
3,6,28.5,30,0.95,1,0,1,0
14,5,20.6,50,0.41200000000000003,0,0,0,2
23,4,59.1,60,0.985,0,0,1,0
22,3,53.4,60,0.89,0,0,1,0
10,5,27.1,80,0.33875,0,0,0,2
6,2,51.1,60,0.8516666666666667,0,0,0,0
18,7,46.6,60,0.7766666666666667,1,1,0,0
20,3,39.7,50,0.794,0,0,0,0
5,2,68.3,80,0.85375,0,0,1,0
3,1,55.7,60,0.9283333333333333,0,0,1,0
2,3,42.1,50,0.8420000000000001,0,0,1,0
10,5,66.0,80,0.825,0,0,0,0
17,4,18.5,60,0.30833333333333335,0,1,0,2
10,2,33.9,60,0.565,0,0,0,1
17,5,5.7,30,0.19,0,1,0,2
3,4,52.6,60,0.8766666666666667,0,0,1,0
5,4,48.2,60,0.8033333333333333,0,0,1,0
19,7,45.7,80,0.57125,1,1,0,1
11,4,52.8,60,0.88,0,0,0,0
14,6,9.5,80,0.11875,1,0,0,2
23,2,52.8,60,0.88,0,0,1,0
10,6,56.9,100,0.569,1,0,0,1
20,6,51.1,80,0.63875,1,0,0,1
18,5,25.6,30,0.8533333333333334,0,1,0,0
2,6,65.1,100,0.6509999999999999,1,0,1,1
16,3,21.9,50,0.43799999999999994,0,0,0,2
21,3,75.3,100,0.753,0,0,0,0
1,3,92.4,100,0.924,0,0,1,0
11,3,12.0,50,0.24,0,0,0,2
5,6,38.0,60,0.6333333333333333,1,0,1,1
11,3,41.4,50,0.828,0,0,0,0
8,7,45.3,60,0.755,1,1,0,0
14,3,28.6,50,0.5720000000000001,0,0,0,1
17,2,17.5,80,0.21875,0,1,0,2
3,5,45.9,50,0.9179999999999999,0,0,1,0
9,6,11.5,60,0.19166666666666668,1,1,0,2
18,5,30.8,80,0.385,0,1,0,2
0,1,50.2,60,0.8366666666666667,0,0,1,0
0,2,46.0,60,0.7666666666666667,0,0,1,0
6,2,50.2,60,0.8366666666666667,0,0,0,0
21,1,42.8,80,0.5349999999999999,0,0,0,1
5,2,45.0,60,0.75,0,0,1,0
15,2,74.5,80,0.93125,0,0,0,0
22,4,38.9,50,0.778,0,0,1,0
17,1,37.5,60,0.625,0,1,0,1
3,1,35.7,60,0.5950000000000001,0,0,1,1
19,3,28.5,50,0.57,0,1,0,1
15,4,35.1,50,0.7020000000000001,0,0,0,1
17,1,12.6,100,0.126,0,1,0,2
0,3,61.3,80,0.76625,0,0,1,0
1,7,46.6,50,0.932,1,0,1,0
13,1,47.9,80,0.59875,0,0,0,1
22,3,55.0,60,0.9166666666666666,0,0,1,0
13,4,72.2,80,0.9025000000000001,0,0,0,0
5,1,52.4,60,0.8733333333333333,0,0,1,0
15,4,40.9,50,0.818,0,0,0,0
2,5,56.3,60,0.9383333333333332,0,0,1,0
23,2,53.9,60,0.8983333333333333,0,0,1,0
17,7,47.4,50,0.948,1,1,0,0
16,4,45.8,50,0.9159999999999999,0,0,0,0
14,3,46.1,60,0.7683333333333333,0,0,0,0
7,1,15.3,50,0.306,0,1,0,2
2,6,55.6,60,0.9266666666666666,1,0,1,0
3,1,28.5,50,0.57,0,0,1,1
22,6,44.7,50,0.894,1,0,1,0
8,2,46.4,100,0.46399999999999997,0,1,0,1
13,5,29.8,50,0.596,0,0,0,1
7,6,23.9,30,0.7966666666666666,1,1,0,0
4,3,48.2,60,0.8033333333333333,0,0,1,0
23,4,19.0,50,0.38,0,0,1,2
13,6,23.3,60,0.38833333333333336,1,0,0,2
18,4,17.9,100,0.179,0,1,0,2
7,7,73.4,80,0.9175000000000001,1,1,0,0
3,4,35.7,60,0.5950000000000001,0,0,1,1
13,5,12.1,100,0.121,0,0,0,2
7,6,47.2,60,0.7866666666666667,1,1,0,0
8,3,21.0,30,0.7,0,1,0,1
17,6,51.6,60,0.86,1,1,0,0
12,1,11.9,30,0.39666666666666667,0,0,0,2
1,5,45.2,50,0.904,0,0,1,0
1,3,57.9,60,0.965,0,0,1,0
13,3,42.9,50,0.858,0,0,0,0
5,5,53.5,60,0.8916666666666667,0,0,1,0
1,6,46.8,80,0.585,1,0,1,1
15,3,42.8,50,0.856,0,0,0,0
15,6,15.5,50,0.31,1,0,0,2
10,7,49.6,50,0.992,1,0,0,0
0,5,72.1,80,0.9012499999999999,0,0,1,0
4,2,27.1,30,0.9033333333333334,0,0,1,0
21,6,79.7,80,0.9962500000000001,1,0,0,0
11,6,18.3,60,0.305,1,0,0,2
9,5,36.7,50,0.7340000000000001,0,1,0,1
3,1,46.5,60,0.775,0,0,1,0
22,7,50.4,60,0.84,1,0,1,0
1,2,68.4,80,0.8550000000000001,0,0,1,0
9,6,40.7,60,0.6783333333333333,1,1,0,1
22,4,47.1,50,0.9420000000000001,0,0,1,0
15,2,37.5,80,0.46875,0,0,0,1
18,2,28.1,50,0.562,0,1,0,1
11,4,56.0,60,0.9333333333333333,0,0,0,0
12,3,14.1,60,0.235,0,0,0,2
23,6,49.5,50,0.99,1,0,1,0
12,4,24.7,30,0.8233333333333334,0,0,0,0
6,7,25.4,30,0.8466666666666666,1,0,0,0
15,3,45.1,60,0.7516666666666667,0,0,0,0
6,5,51.7,60,0.8616666666666667,0,0,0,0
4,4,65.3,80,0.8162499999999999,0,0,1,0
21,2,59.5,60,0.9916666666666667,0,0,0,0
12,6,35.5,50,0.71,1,0,0,1
7,2,24.0,100,0.24,0,1,0,2
22,4,41.2,50,0.8240000000000001,0,0,1,0
12,7,21.9,100,0.21899999999999997,1,0,0,2
11,2,39.0,60,0.65,0,0,0,1
9,6,27.4,60,0.45666666666666667,1,1,0,1
14,3,38.6,50,0.772,0,0,0,0
8,1,41.5,100,0.415,0,1,0,2
1,2,54.7,60,0.9116666666666667,0,0,1,0
4,5,71.4,80,0.8925000000000001,0,0,1,0
15,2,25.2,80,0.315,0,0,0,2
8,4,20.9,100,0.209,0,1,0,2
12,6,18.4,60,0.30666666666666664,1,0,0,2
6,3,55.4,60,0.9233333333333333,0,0,0,0
16,1,44.0,50,0.88,0,0,0,0
8,3,33.5,50,0.67,0,1,0,1
4,2,43.2,80,0.54,0,0,1,1
5,3,31.7,60,0.5283333333333333,0,0,1,1
22,1,55.1,80,0.68875,0,0,1,1
10,3,40.9,60,0.6816666666666666,0,0,0,1
20,5,54.9,60,0.9149999999999999,0,0,0,0
19,5,30.7,100,0.307,0,1,0,2
14,3,27.4,30,0.9133333333333333,0,0,0,0
3,4,62.1,80,0.77625,0,0,1,0
3,7,57.9,60,0.965,1,0,1,0
12,7,18.9,30,0.63,1,0,0,1
19,2,13.1,60,0.21833333333333332,0,1,0,2
21,6,47.7,60,0.795,1,0,0,0
15,5,48.1,50,0.9620000000000001,0,0,0,0
13,2,15.0,60,0.25,0,0,0,2
1,3,49.0,60,0.8166666666666667,0,0,1,0
12,7,45.9,60,0.765,1,0,0,0
10,3,22.6,30,0.7533333333333334,0,0,0,0
3,5,45.9,50,0.9179999999999999,0,0,1,0
11,4,20.7,60,0.345,0,0,0,2
23,7,45.4,60,0.7566666666666666,1,0,1,0
22,2,62.2,80,0.7775000000000001,0,0,1,0
1,1,47.1,60,0.785,0,0,1,0
15,1,86.6,100,0.866,0,0,0,0
14,3,44.1,60,0.735,0,0,0,1
4,7,86.8,100,0.868,1,0,1,0
8,1,10.8,100,0.10800000000000001,0,1,0,2
13,2,36.8,60,0.6133333333333333,0,0,0,1
21,1,66.6,100,0.6659999999999999,0,0,0,1
4,3,41.5,80,0.51875,0,0,1,1
10,3,8.1,60,0.13499999999999998,0,0,0,2
23,2,51.7,60,0.8616666666666667,0,0,1,0
16,2,45.9,60,0.765,0,0,0,0
23,5,45.2,60,0.7533333333333334,0,0,1,0
15,7,56.6,60,0.9433333333333334,1,0,0,0
20,7,15.1,60,0.25166666666666665,1,0,0,2
16,4,95.8,100,0.958,0,0,0,0
0,1,30.6,50,0.612,0,0,1,1
4,4,56.2,60,0.9366666666666668,0,0,1,0
6,6,54.2,60,0.9033333333333334,1,0,0,0
9,7,63.3,80,0.79125,1,1,0,0
0,3,54.5,60,0.9083333333333333,0,0,1,0
5,4,47.8,50,0.956,0,0,1,0
9,7,57.5,60,0.9583333333333334,1,1,0,0
2,5,44.7,50,0.894,0,0,1,0
11,7,32.5,50,0.65,1,0,0,1
23,2,91.9,100,0.919,0,0,1,0
1,3,36.2,60,0.6033333333333334,0,0,1,1
10,4,21.8,50,0.436,0,0,0,2
11,4,52.2,80,0.6525000000000001,0,0,0,1
23,3,58.6,60,0.9766666666666667,0,0,1,0
3,5,23.1,50,0.462,0,0,1,1
16,4,26.6,30,0.8866666666666667,0,0,0,0
11,7,74.7,80,0.9337500000000001,1,0,0,0
1,3,59.3,60,0.9883333333333333,0,0,1,0
23,2,45.1,50,0.902,0,0,1,0
4,3,93.5,100,0.935,0,0,1,0
6,2,34.7,60,0.5783333333333334,0,0,0,1
16,7,7.9,60,0.13166666666666668,1,0,0,2
17,7,91.3,100,0.9129999999999999,1,1,0,0
5,3,47.6,60,0.7933333333333333,0,0,1,0
8,5,14.0,50,0.28,0,1,0,2
3,4,76.4,100,0.764,0,0,1,0
21,4,44.1,50,0.882,0,0,0,0
5,4,53.8,60,0.8966666666666666,0,0,1,0
7,1,54.6,80,0.6825,0,1,0,1
11,6,43.1,60,0.7183333333333334,1,0,0,1
14,1,16.5,60,0.275,0,0,0,2
12,3,57.2,80,0.7150000000000001,0,0,0,1
15,4,30.6,60,0.51,0,0,0,1
17,2,16.1,60,0.26833333333333337,0,1,0,2
5,5,58.8,60,0.98,0,0,1,0
4,3,51.5,60,0.8583333333333333,0,0,1,0
22,1,48.9,60,0.815,0,0,1,0
17,7,49.4,60,0.8233333333333334,1,1,0,0
8,6,34.8,50,0.696,1,1,0,1
9,3,35.3,50,0.706,0,1,0,1
22,5,22.9,50,0.45799999999999996,0,0,1,1
3,3,25.5,30,0.85,0,0,1,0
21,4,82.1,100,0.821,0,0,0,0
4,3,47.8,60,0.7966666666666666,0,0,1,0
0,1,45.0,60,0.75,0,0,1,0
11,4,38.0,60,0.6333333333333333,0,0,0,1
6,7,48.9,60,0.815,1,0,0,0
10,3,35.4,60,0.59,0,0,0,1
22,6,35.6,60,0.5933333333333334,1,0,1,1
16,2,59.5,60,0.9916666666666667,0,0,0,0
3,3,23.8,30,0.7933333333333333,0,0,1,0
1,5,38.0,60,0.6333333333333333,0,0,1,1
2,1,23.2,30,0.7733333333333333,0,0,1,0
16,2,38.9,50,0.778,0,0,0,0
17,6,28.1,60,0.4683333333333334,1,1,0,1
2,4,59.9,60,0.9983333333333333,0,0,1,0
22,3,57.5,60,0.9583333333333334,0,0,1,0
10,4,83.4,100,0.8340000000000001,0,0,0,0
1,2,26.5,30,0.8833333333333333,0,0,1,0
13,4,67.7,80,0.8462500000000001,0,0,0,0
1,7,56.7,60,0.9450000000000001,1,0,1,0
6,1,18.6,30,0.62,0,0,0,1
16,5,42.1,60,0.7016666666666667,0,0,0,1
18,3,16.8,60,0.28,0,1,0,2
16,5,65.1,80,0.81375,0,0,0,0
10,4,74.3,80,0.92875,0,0,0,0
16,6,28.2,50,0.564,1,0,0,1
4,4,39.4,50,0.7879999999999999,0,0,1,0
16,1,31.6,60,0.5266666666666667,0,0,0,1
1,3,61.9,80,0.7737499999999999,0,0,1,0
21,5,46.3,50,0.9259999999999999,0,0,0,0
13,5,98.3,100,0.983,0,0,0,0
20,1,17.8,60,0.2966666666666667,0,0,0,2
18,6,65.8,80,0.8225,1,1,0,0
19,1,36.0,50,0.72,0,1,0,1
9,6,59.6,60,0.9933333333333334,1,1,0,0
3,6,65.5,80,0.81875,1,0,1,0
11,6,30.9,50,0.618,1,0,0,1
17,6,15.2,30,0.5066666666666666,1,1,0,1
4,7,49.6,60,0.8266666666666667,1,0,1,0
11,5,47.2,60,0.7866666666666667,0,0,0,0
6,4,93.8,100,0.938,0,0,0,0
22,4,56.0,60,0.9333333333333333,0,0,1,0
13,5,38.6,60,0.6433333333333333,0,0,0,1
14,3,19.1,60,0.31833333333333336,0,0,0,2
4,3,75.1,100,0.7509999999999999,0,0,1,0
12,5,20.7,50,0.414,0,0,0,2
3,5,48.4,60,0.8066666666666666,0,0,1,0
8,6,45.1,50,0.902,1,1,0,0
4,6,43.1,80,0.5387500000000001,1,0,1,1
10,5,11.3,100,0.113,0,0,0,2
12,4,59.9,60,0.9983333333333333,0,0,0,0
20,1,46.8,60,0.7799999999999999,0,0,0,0
15,6,14.8,30,0.49333333333333335,1,0,0,1
15,5,71.0,80,0.8875,0,0,0,0
21,7,47.7,50,0.9540000000000001,1,0,0,0
21,7,15.1,60,0.25166666666666665,1,0,0,2
1,7,55.9,60,0.9316666666666666,1,0,1,0
12,3,22.7,80,0.28375,0,0,0,2
18,1,35.8,60,0.5966666666666666,0,1,0,1
11,3,57.5,60,0.9583333333333334,0,0,0,0
8,2,46.8,100,0.46799999999999997,0,1,0,1
17,5,18.7,30,0.6233333333333333,0,1,0,1
9,5,8.4,30,0.28,0,1,0,2
15,3,65.1,80,0.81375,0,0,0,0
18,5,52.8,80,0.6599999999999999,0,1,0,1
4,1,41.7,60,0.6950000000000001,0,0,1,1
13,3,44.1,80,0.55125,0,0,0,1
23,4,94.2,100,0.9420000000000001,0,0,1,0
13,6,37.6,80,0.47000000000000003,1,0,0,1
12,6,35.9,50,0.718,1,0,0,1
1,3,50.1,60,0.8350000000000001,0,0,1,0
22,1,42.0,50,0.84,0,0,1,0
0,7,64.6,80,0.8074999999999999,1,0,1,0
20,3,22.8,30,0.76,0,0,0,0
17,7,27.4,80,0.34249999999999997,1,1,0,2
19,6,55.7,100,0.557,1,1,0,1
9,4,9.4,50,0.188,0,1,0,2
17,2,49.1,50,0.982,0,1,0,0
15,1,62.7,80,0.7837500000000001,0,0,0,0
7,1,23.0,50,0.46,0,1,0,1
0,3,48.1,60,0.8016666666666666,0,0,1,0
19,2,19.8,30,0.66,0,1,0,1
19,3,11.1,50,0.222,0,1,0,2
2,6,39.2,50,0.784,1,0,1,0
13,1,51.0,60,0.85,0,0,0,0
9,4,21.2,60,0.35333333333333333,0,1,0,2
20,2,58.6,60,0.9766666666666667,0,0,0,0
5,5,66.5,80,0.83125,0,0,1,0
8,1,25.4,60,0.4233333333333333,0,1,0,2
5,7,53.4,60,0.89,1,0,1,0
12,3,23.6,60,0.39333333333333337,0,0,0,2
16,1,37.0,50,0.74,0,0,0,1
23,3,23.5,100,0.235,0,0,1,2
13,2,29.7,60,0.495,0,0,0,1
18,5,12.5,30,0.4166666666666667,0,1,0,2
5,6,4.4,30,0.14666666666666667,1,0,1,2
16,5,49.6,80,0.62,0,0,0,1
18,6,53.6,60,0.8933333333333333,1,1,0,0
14,5,13.4,60,0.22333333333333333,0,0,0,2
12,7,40.3,80,0.5037499999999999,1,0,0,1
6,7,20.7,100,0.207,1,0,0,2
3,7,62.9,100,0.629,1,0,1,1
2,3,78.9,80,0.9862500000000001,0,0,1,0
6,3,52.1,60,0.8683333333333334,0,0,0,0
22,5,55.7,60,0.9283333333333333,0,0,1,0
8,5,13.8,60,0.23,0,1,0,2
21,6,25.0,30,0.8333333333333334,1,0,0,0
5,4,56.3,60,0.9383333333333332,0,0,1,0
12,7,14.3,30,0.4766666666666667,1,0,0,1
6,4,86.8,100,0.868,0,0,0,0
12,2,13.5,100,0.135,0,0,0,2
15,5,24.4,100,0.244,0,0,0,2
23,7,7.4,60,0.12333333333333334,1,0,1,2
4,6,69.0,80,0.8625,1,0,1,0
23,3,41.4,50,0.828,0,0,1,0
16,5,44.7,50,0.894,0,0,0,0
8,2,28.1,100,0.281,0,1,0,2
1,3,75.6,80,0.945,0,0,1,0
22,4,7.5,50,0.15,0,0,1,2
2,3,52.5,60,0.875,0,0,1,0
19,6,24.1,60,0.40166666666666667,1,1,0,2
8,3,12.7,30,0.4233333333333333,0,1,0,2
10,5,55.3,60,0.9216666666666666,0,0,0,0
8,6,27.3,60,0.455,1,1,0,1
4,5,61.5,80,0.76875,0,0,1,0
17,3,4.0,30,0.13333333333333333,0,1,0,2
6,3,57.7,60,0.9616666666666667,0,0,0,0
5,7,50.6,60,0.8433333333333334,1,0,1,0
15,6,44.3,60,0.7383333333333333,1,0,0,1
19,6,31.1,50,0.622,1,1,0,1
14,7,33.0,80,0.4125,1,0,0,2
0,7,50.7,60,0.8450000000000001,1,0,1,0
10,2,73.2,80,0.915,0,0,0,0
11,1,16.1,60,0.26833333333333337,0,0,0,2
21,1,45.5,100,0.455,0,0,0,1
3,6,64.6,80,0.8074999999999999,1,0,1,0
23,5,34.1,60,0.5683333333333334,0,0,1,1
14,3,19.7,80,0.24625,0,0,0,2
15,7,32.3,60,0.5383333333333333,1,0,0,1
7,3,20.4,60,0.33999999999999997,0,1,0,2
14,5,9.2,30,0.30666666666666664,0,0,0,2
9,1,17.0,60,0.2833333333333333,0,1,0,2
8,2,30.5,60,0.5083333333333333,0,1,0,1
2,3,39.7,50,0.794,0,0,1,0
9,4,36.6,80,0.4575,0,1,0,1
22,1,40.3,50,0.8059999999999999,0,0,1,0
12,7,93.7,100,0.937,1,0,0,0
6,2,60.1,80,0.75125,0,0,0,0
3,3,39.2,80,0.49000000000000005,0,0,1,1
22,4,58.9,60,0.9816666666666667,0,0,1,0
14,2,39.0,50,0.78,0,0,0,0
8,2,16.9,60,0.2816666666666666,0,1,0,2
3,5,47.8,50,0.956,0,0,1,0
14,3,75.6,80,0.945,0,0,0,0
10,4,53.6,60,0.8933333333333333,0,0,0,0
23,2,45.6,60,0.76,0,0,1,0
21,5,59.2,60,0.9866666666666667,0,0,0,0
16,5,34.1,50,0.682,0,0,0,1
22,5,46.6,60,0.7766666666666667,0,0,1,0
9,3,17.3,60,0.28833333333333333,0,1,0,2
21,5,22.7,50,0.45399999999999996,0,0,0,1
11,6,18.8,30,0.6266666666666667,1,0,0,1
2,2,38.5,60,0.6416666666666667,0,0,1,1
19,4,37.9,50,0.758,0,1,0,0
2,3,56.3,60,0.9383333333333332,0,0,1,0
5,7,43.3,60,0.7216666666666666,1,0,1,1
7,7,78.3,80,0.97875,1,1,0,0
14,4,98.0,100,0.98,0,0,0,0
17,3,34.9,50,0.698,0,1,0,1
8,2,57.0,100,0.57,0,1,0,1
8,2,9.2,60,0.15333333333333332,0,1,0,2
3,6,45.9,60,0.765,1,0,1,0
15,3,27.2,60,0.4533333333333333,0,0,0,1
4,2,38.2,60,0.6366666666666667,0,0,1,1
19,4,22.7,100,0.22699999999999998,0,1,0,2
10,3,64.9,100,0.649,0,0,0,1
17,2,42.6,60,0.7100000000000001,0,1,0,1
19,7,8.4,50,0.168,1,1,0,2
2,4,41.5,60,0.6916666666666667,0,0,1,1
19,5,25.3,60,0.4216666666666667,0,1,0,2
10,1,63.7,80,0.79625,0,0,0,0
17,1,11.9,30,0.39666666666666667,0,1,0,2
16,6,54.8,80,0.6849999999999999,1,0,0,1
21,4,45.4,50,0.9079999999999999,0,0,0,0
10,5,23.3,60,0.38833333333333336,0,0,0,2
19,5,18.3,80,0.22875,0,1,0,2
21,2,45.1,50,0.902,0,0,0,0
8,1,7.1,30,0.23666666666666666,0,1,0,2
4,5,86.6,100,0.866,0,0,1,0
20,5,78.0,80,0.975,0,0,0,0
12,6,49.0,60,0.8166666666666667,1,0,0,0
22,3,98.2,100,0.982,0,0,1,0
11,2,28.8,60,0.48000000000000004,0,0,0,1
1,3,40.8,50,0.816,0,0,1,0
3,1,64.4,80,0.805,0,0,1,0
13,7,25.2,30,0.84,1,0,0,0
22,2,53.9,60,0.8983333333333333,0,0,1,0
22,2,43.6,60,0.7266666666666667,0,0,1,1
20,5,23.9,30,0.7966666666666666,0,0,0,0
9,6,23.7,50,0.474,1,1,0,1
14,7,42.1,60,0.7016666666666667,1,0,0,1
16,1,16.4,100,0.16399999999999998,0,0,0,2
10,1,41.4,80,0.5175,0,0,0,1
4,2,63.8,80,0.7975,0,0,1,0
23,6,28.2,50,0.564,1,0,1,1
0,5,58.3,60,0.9716666666666666,0,0,1,0
1,6,53.7,60,0.895,1,0,1,0
4,1,49.1,60,0.8183333333333334,0,0,1,0
14,2,18.4,50,0.368,0,0,0,2
9,4,70.2,100,0.7020000000000001,0,1,0,1
1,7,39.8,50,0.7959999999999999,1,0,1,0
23,1,90.3,100,0.903,0,0,1,0
8,6,35.1,60,0.5850000000000001,1,1,0,1
0,1,40.9,60,0.6816666666666666,0,0,1,1
22,6,58.6,60,0.9766666666666667,1,0,1,0
22,6,42.1,50,0.8420000000000001,1,0,1,0
12,5,46.6,80,0.5825,0,0,0,1
22,3,43.3,50,0.866,0,0,1,0
13,1,55.4,60,0.9233333333333333,0,0,0,0
3,7,17.6,30,0.5866666666666667,1,0,1,1
1,7,53.0,60,0.8833333333333333,1,0,1,0
13,6,48.9,60,0.815,1,0,0,0
13,2,30.2,60,0.5033333333333333,0,0,0,1
15,6,69.8,100,0.698,1,0,0,1
17,6,31.3,60,0.5216666666666667,1,1,0,1
15,7,50.9,60,0.8483333333333333,1,0,0,0
20,2,48.3,80,0.60375,0,0,0,1
9,7,44.0,50,0.88,1,1,0,0
5,2,44.7,80,0.5587500000000001,0,0,1,1
19,4,27.4,80,0.34249999999999997,0,1,0,2
12,4,25.3,50,0.506,0,0,0,1
10,4,24.4,30,0.8133333333333332,0,0,0,0
11,4,47.4,60,0.7899999999999999,0,0,0,0
18,2,20.6,80,0.2575,0,1,0,2
18,1,58.0,100,0.58,0,1,0,1
8,3,25.4,80,0.3175,0,1,0,2
8,2,3.6,30,0.12000000000000001,0,1,0,2
4,3,58.6,60,0.9766666666666667,0,0,1,0
0,4,96.8,100,0.968,0,0,1,0
9,2,55.8,80,0.6975,0,1,0,1
17,2,15.3,80,0.19125,0,1,0,2
3,5,43.5,50,0.87,0,0,1,0
19,5,16.6,50,0.332,0,1,0,2
17,7,55.7,80,0.69625,1,1,0,1
2,3,37.9,50,0.758,0,0,1,0
23,3,85.3,100,0.853,0,0,1,0
12,4,57.8,80,0.7224999999999999,0,0,0,1
22,5,26.0,60,0.43333333333333335,0,0,1,2
9,6,31.9,60,0.5316666666666666,1,1,0,1
11,4,8.0,60,0.13333333333333333,0,0,0,2
19,1,10.5,60,0.175,0,1,0,2
17,2,28.9,80,0.36124999999999996,0,1,0,2
17,6,38.9,50,0.778,1,1,0,0
2,6,28.3,30,0.9433333333333334,1,0,1,0
16,1,46.6,80,0.5825,0,0,0,1
7,3,38.5,80,0.48125,0,1,0,1
2,6,54.7,100,0.547,1,0,1,1
8,3,28.1,50,0.562,0,1,0,1
19,1,13.0,60,0.21666666666666667,0,1,0,2
14,2,49.2,80,0.615,0,0,0,1
8,6,40.3,50,0.8059999999999999,1,1,0,0
7,6,47.9,50,0.958,1,1,0,0
20,6,48.6,60,0.81,1,0,0,0
6,2,8.2,60,0.13666666666666666,0,0,0,2
12,7,59.5,60,0.9916666666666667,1,0,0,0
2,3,75.1,100,0.7509999999999999,0,0,1,0
13,3,29.5,30,0.9833333333333333,0,0,0,0
18,5,13.6,60,0.22666666666666666,0,1,0,2
22,7,25.1,30,0.8366666666666667,1,0,1,0
13,2,28.5,60,0.475,0,0,0,1
21,6,22.4,80,0.27999999999999997,1,0,0,2
5,4,41.4,100,0.414,0,0,1,2
3,3,21.8,30,0.7266666666666667,0,0,1,1
20,6,42.7,80,0.5337500000000001,1,0,0,1
9,7,71.8,80,0.8975,1,1,0,0
9,1,13.7,50,0.27399999999999997,0,1,0,2
1,6,9.5,80,0.11875,1,0,1,2
17,7,33.5,60,0.5583333333333333,1,1,0,1
22,4,49.5,60,0.825,0,0,1,0
4,7,50.3,60,0.8383333333333333,1,0,1,0
12,7,18.5,60,0.30833333333333335,1,0,0,2
5,5,58.6,60,0.9766666666666667,0,0,1,0
14,3,12.4,80,0.155,0,0,0,2
12,2,45.1,60,0.7516666666666667,0,0,0,0
19,5,18.1,50,0.36200000000000004,0,1,0,2
17,2,9.4,50,0.188,0,1,0,2
18,7,46.5,80,0.58125,1,1,0,1
1,3,45.7,60,0.7616666666666667,0,0,1,0
3,3,39.3,50,0.7859999999999999,0,0,1,0
6,1,42.3,50,0.846,0,0,0,0
7,1,6.0,60,0.1,0,1,0,2
21,2,28.9,60,0.48166666666666663,0,0,0,1
6,2,45.2,60,0.7533333333333334,0,0,0,0
11,7,18.1,80,0.22625,1,0,0,2
3,3,78.0,80,0.975,0,0,1,0
3,2,59.5,60,0.9916666666666667,0,0,1,0
5,7,22.8,60,0.38,1,0,1,2
16,7,24.2,60,0.4033333333333333,1,0,0,2
1,5,86.0,100,0.86,0,0,1,0
0,3,34.0,60,0.5666666666666667,0,0,1,1
8,3,20.4,60,0.33999999999999997,0,1,0,2
20,3,53.0,60,0.8833333333333333,0,0,0,0
14,4,57.8,60,0.9633333333333333,0,0,0,0
11,4,38.4,60,0.64,0,0,0,1
20,6,44.5,80,0.55625,1,0,0,1
15,2,22.2,100,0.222,0,0,0,2
7,2,7.9,50,0.158,0,1,0,2
6,7,77.3,100,0.773,1,0,0,0
12,4,38.7,50,0.774,0,0,0,0
8,6,54.2,100,0.542,1,1,0,1
4,1,45.6,50,0.912,0,0,1,0
13,4,7.0,60,0.11666666666666667,0,0,0,2
16,4,18.7,30,0.6233333333333333,0,0,0,1
6,7,26.1,30,0.87,1,0,0,0
21,3,24.8,80,0.31,0,0,0,2
5,4,27.6,30,0.92,0,0,1,0
0,3,46.0,50,0.92,0,0,1,0
15,6,25.4,50,0.508,1,0,0,1
20,2,48.6,60,0.81,0,0,0,0
17,1,3.2,30,0.10666666666666667,0,1,0,2
3,5,24.5,50,0.49,0,0,1,1
11,1,45.6,80,0.5700000000000001,0,0,0,1
21,1,53.8,60,0.8966666666666666,0,0,0,0
20,6,18.5,50,0.37,1,0,0,2
20,3,36.9,60,0.615,0,0,0,1
5,4,48.0,60,0.8,0,0,1,0
0,5,87.9,100,0.879,0,0,1,0
18,7,67.5,80,0.84375,1,1,0,0
6,1,28.9,30,0.9633333333333333,0,0,0,0
11,4,18.8,60,0.31333333333333335,0,0,0,2
16,7,43.6,60,0.7266666666666667,1,0,0,1
23,4,37.7,50,0.754,0,0,1,0
5,4,45.9,80,0.57375,0,0,1,1
14,7,54.7,60,0.9116666666666667,1,0,0,0
18,5,45.1,60,0.7516666666666667,0,1,0,0
6,3,51.9,100,0.519,0,0,0,1
9,5,28.5,100,0.285,0,1,0,2
9,3,19.8,80,0.2475,0,1,0,2
11,1,20.9,60,0.34833333333333333,0,0,0,2
0,6,46.6,50,0.932,1,0,1,0
22,6,46.0,50,0.92,1,0,1,0
2,5,76.8,80,0.96,0,0,1,0
23,2,50.9,60,0.8483333333333333,0,0,1,0
7,6,38.4,50,0.768,1,1,0,0
15,7,19.4,30,0.6466666666666666,1,0,0,1
12,4,77.8,100,0.778,0,0,0,0
16,5,53.5,60,0.8916666666666667,0,0,0,0
7,2,24.0,80,0.3,0,1,0,2
18,7,18.3,30,0.61,1,1,0,1
16,4,54.8,60,0.9133333333333333,0,0,0,0
5,6,72.5,80,0.90625,1,0,1,0
12,7,9.2,30,0.30666666666666664,1,0,0,2
14,7,43.5,100,0.435,1,0,0,2
7,3,32.5,60,0.5416666666666666,0,1,0,1
14,1,53.8,60,0.8966666666666666,0,0,0,0
21,6,45.4,60,0.7566666666666666,1,0,0,0
18,4,17.4,60,0.29,0,1,0,2
9,3,31.2,60,0.52,0,1,0,1
23,1,53.9,60,0.8983333333333333,0,0,1,0
20,7,27.0,80,0.3375,1,0,0,2
13,6,17.1,60,0.28500000000000003,1,0,0,2
11,6,66.3,80,0.82875,1,0,0,0
9,2,68.9,80,0.8612500000000001,0,1,0,0
9,3,9.9,60,0.165,0,1,0,2
12,1,49.6,50,0.992,0,0,0,0
19,3,3.7,30,0.12333333333333334,0,1,0,2
0,3,48.0,60,0.8,0,0,1,0
19,2,6.4,60,0.10666666666666667,0,1,0,2
21,7,23.3,80,0.29125,1,0,0,2
15,1,16.3,60,0.27166666666666667,0,0,0,2
3,7,38.6,50,0.772,1,0,1,0
20,5,56.0,80,0.7,0,0,0,1
10,1,35.4,50,0.708,0,0,0,1
22,7,67.1,100,0.6709999999999999,1,0,1,1
15,2,28.9,80,0.36124999999999996,0,0,0,2
18,6,18.7,50,0.374,1,1,0,2
18,7,46.0,50,0.92,1,1,0,0
12,2,15.1,50,0.302,0,0,0,2
23,4,59.6,60,0.9933333333333334,0,0,1,0
17,7,9.6,60,0.16,1,1,0,2
9,2,9.1,50,0.182,0,1,0,2
18,1,38.8,60,0.6466666666666666,0,1,0,1
22,1,71.5,80,0.89375,0,0,1,0
2,1,29.6,30,0.9866666666666667,0,0,1,0
13,3,39.5,60,0.6583333333333333,0,0,0,1
9,6,43.2,50,0.8640000000000001,1,1,0,0
2,4,48.9,50,0.978,0,0,1,0
12,6,50.7,60,0.8450000000000001,1,0,0,0
22,7,50.5,100,0.505,1,0,1,1
17,2,21.7,50,0.434,0,1,0,2
3,3,54.4,60,0.9066666666666666,0,0,1,0
16,5,47.5,60,0.7916666666666666,0,0,0,0
17,5,12.8,30,0.4266666666666667,0,1,0,2
8,3,18.6,50,0.37200000000000005,0,1,0,2
4,4,54.6,60,0.91,0,0,1,0
7,6,24.9,30,0.83,1,1,0,0
13,4,55.8,100,0.5579999999999999,0,0,0,1
19,3,21.9,60,0.365,0,1,0,2
4,1,42.4,50,0.848,0,0,1,0
16,4,45.4,50,0.9079999999999999,0,0,0,0
1,1,66.1,80,0.8262499999999999,0,0,1,0
2,3,57.1,60,0.9516666666666667,0,0,1,0
18,7,19.0,60,0.31666666666666665,1,1,0,2
13,6,33.6,60,0.56,1,0,0,1
4,7,31.8,50,0.636,1,0,1,1
22,7,23.9,30,0.7966666666666666,1,0,1,0
4,7,57.5,60,0.9583333333333334,1,0,1,0
0,2,58.2,60,0.9700000000000001,0,0,1,0
12,3,56.7,60,0.9450000000000001,0,0,0,0
10,7,29.7,60,0.495,1,0,0,1
0,2,92.6,100,0.9259999999999999,0,0,1,0
5,1,77.3,100,0.773,0,0,1,0
0,7,43.2,50,0.8640000000000001,1,0,1,0
15,3,46.1,60,0.7683333333333333,0,0,0,0
14,2,43.3,60,0.7216666666666666,0,0,0,1
4,1,68.2,80,0.8525,0,0,1,0
22,1,56.9,60,0.9483333333333334,0,0,1,0
10,6,18.5,30,0.6166666666666667,1,0,0,1
14,7,44.9,50,0.898,1,0,0,0
13,6,25.3,30,0.8433333333333334,1,0,0,0
3,2,49.7,60,0.8283333333333334,0,0,1,0
3,1,49.0,60,0.8166666666666667,0,0,1,0
20,1,45.2,60,0.7533333333333334,0,0,0,0
3,6,24.2,30,0.8066666666666666,1,0,1,0
5,2,55.9,60,0.9316666666666666,0,0,1,0
15,3,25.7,30,0.8566666666666667,0,0,0,0
7,7,53.8,60,0.8966666666666666,1,1,0,0
1,3,28.7,60,0.47833333333333333,0,0,1,1
21,1,23.9,50,0.478,0,0,0,1
13,1,56.5,80,0.70625,0,0,0,1
12,5,92.4,100,0.924,0,0,0,0
15,3,58.9,60,0.9816666666666667,0,0,0,0
19,7,21.8,80,0.2725,1,1,0,2
12,2,26.8,50,0.536,0,0,0,1
21,4,72.8,80,0.9099999999999999,0,0,0,0
10,6,44.4,80,0.5549999999999999,1,0,0,1
2,6,47.6,50,0.9520000000000001,1,0,1,0
5,4,88.5,100,0.885,0,0,1,0
4,2,75.9,80,0.9487500000000001,0,0,1,0
20,1,59.9,60,0.9983333333333333,0,0,0,0
5,5,23.6,30,0.7866666666666667,0,0,1,0
1,1,23.5,30,0.7833333333333333,0,0,1,0
8,5,11.9,30,0.39666666666666667,0,1,0,2
19,5,42.8,60,0.7133333333333333,0,1,0,1
1,2,36.6,60,0.61,0,0,1,1
0,2,89.6,100,0.8959999999999999,0,0,1,0
17,4,67.7,100,0.677,0,1,0,1
10,2,53.4,60,0.89,0,0,0,0
5,6,40.6,50,0.812,1,0,1,0
0,3,53.0,60,0.8833333333333333,0,0,1,0
14,2,8.0,60,0.13333333333333333,0,0,0,2
4,6,52.8,60,0.88,1,0,1,0
3,1,45.7,60,0.7616666666666667,0,0,1,0
19,3,13.9,80,0.17375000000000002,0,1,0,2
1,4,23.8,30,0.7933333333333333,0,0,1,0
13,5,49.9,50,0.998,0,0,0,0
6,6,43.6,50,0.872,1,0,0,0
20,2,49.9,60,0.8316666666666667,0,0,0,0
11,5,14.1,80,0.17625,0,0,0,2
10,3,42.6,60,0.7100000000000001,0,0,0,1
3,4,69.8,80,0.8724999999999999,0,0,1,0
23,5,67.3,80,0.8412499999999999,0,0,1,0
14,4,3.9,30,0.13,0,0,0,2
14,3,54.6,80,0.6825,0,0,0,1
1,5,27.7,30,0.9233333333333333,0,0,1,0
13,6,33.1,60,0.5516666666666666,1,0,0,1
4,3,60.8,100,0.608,0,0,1,1
5,7,77.6,80,0.97,1,0,1,0
1,1,69.8,100,0.698,0,0,1,1
8,2,7.7,60,0.12833333333333333,0,1,0,2
5,4,81.7,100,0.8170000000000001,0,0,1,0
4,6,34.8,50,0.696,1,0,1,1
9,1,25.6,50,0.512,0,1,0,1
23,6,17.6,30,0.5866666666666667,1,0,1,1
19,6,8.0,30,0.26666666666666666,1,1,0,2
12,2,55.8,60,0.9299999999999999,0,0,0,0
18,6,29.3,30,0.9766666666666667,1,1,0,0
9,6,48.9,60,0.815,1,1,0,0
8,5,18.2,60,0.30333333333333334,0,1,0,2
6,2,15.2,30,0.5066666666666666,0,0,0,1
9,3,14.9,50,0.298,0,1,0,2
12,2,49.5,60,0.825,0,0,0,0
4,1,58.0,60,0.9666666666666667,0,0,1,0
4,5,54.4,60,0.9066666666666666,0,0,1,0
21,3,48.3,60,0.8049999999999999,0,0,0,0
10,5,96.2,100,0.9620000000000001,0,0,0,0
10,7,13.4,50,0.268,1,0,0,2
7,2,7.2,30,0.24000000000000002,0,1,0,2
15,6,7.0,60,0.11666666666666667,1,0,0,2
11,7,29.6,60,0.49333333333333335,1,0,0,1
11,7,31.8,80,0.3975,1,0,0,2
23,5,51.9,60,0.865,0,0,1,0
0,3,58.3,60,0.9716666666666666,0,0,1,0
3,5,49.8,50,0.996,0,0,1,0
23,3,53.5,100,0.535,0,0,1,1
21,2,25.5,30,0.85,0,0,0,0
2,5,34.7,60,0.5783333333333334,0,0,1,1
5,6,48.0,50,0.96,1,0,1,0
8,4,11.9,80,0.14875,0,1,0,2
17,1,11.0,30,0.36666666666666664,0,1,0,2
21,3,9.0,50,0.18,0,0,0,2
2,4,35.8,60,0.5966666666666666,0,0,1,1
8,4,15.9,100,0.159,0,1,0,2
9,3,13.6,100,0.136,0,1,0,2
7,1,20.0,50,0.4,0,1,0,2
14,3,32.6,50,0.652,0,0,0,1
7,7,7.2,60,0.12000000000000001,1,1,0,2
17,4,8.0,60,0.13333333333333333,0,1,0,2
23,4,28.6,60,0.4766666666666667,0,0,1,1
1,5,56.1,60,0.935,0,0,1,0
2,7,42.1,50,0.8420000000000001,1,0,1,0
21,2,69.3,80,0.86625,0,0,0,0
9,5,42.2,60,0.7033333333333334,0,1,0,1
20,1,58.2,60,0.9700000000000001,0,0,0,0
0,7,64.7,80,0.8087500000000001,1,0,1,0
2,2,49.6,50,0.992,0,0,1,0
12,6,25.2,50,0.504,1,0,0,1
18,6,11.1,30,0.37,1,1,0,2
23,1,54.8,60,0.9133333333333333,0,0,1,0
4,6,82.2,100,0.8220000000000001,1,0,1,0
5,3,78.6,80,0.9824999999999999,0,0,1,0
15,7,63.8,80,0.7975,1,0,0,0
12,5,58.4,80,0.73,0,0,0,1
14,1,47.7,60,0.795,0,0,0,0
16,1,42.6,80,0.5325,0,0,0,1
5,1,18.6,30,0.62,0,0,1,1
15,7,19.1,50,0.382,1,0,0,2
21,5,57.9,100,0.579,0,0,0,1
10,3,71.8,80,0.8975,0,0,0,0
14,6,13.6,100,0.136,1,0,0,2
20,7,55.1,60,0.9183333333333333,1,0,0,0
18,3,10.5,100,0.105,0,1,0,2
9,6,71.9,80,0.89875,1,1,0,0
4,6,58.6,60,0.9766666666666667,1,0,1,0
4,7,53.4,60,0.89,1,0,1,0
9,7,45.8,60,0.7633333333333333,1,1,0,0
16,1,40.8,50,0.816,0,0,0,0
11,3,38.1,80,0.47625,0,0,0,1
13,4,36.5,60,0.6083333333333333,0,0,0,1
8,6,79.7,80,0.9962500000000001,1,1,0,0
18,5,42.1,60,0.7016666666666667,0,1,0,1
7,6,23.8,30,0.7933333333333333,1,1,0,0
19,3,9.5,50,0.19,0,1,0,2
11,6,65.2,80,0.8150000000000001,1,0,0,0
15,6,35.6,60,0.5933333333333334,1,0,0,1
17,1,23.3,60,0.38833333333333336,0,1,0,2
4,3,46.8,60,0.7799999999999999,0,0,1,0
13,4,73.7,80,0.92125,0,0,0,0
6,3,38.1,60,0.635,0,0,0,1
12,7,29.8,30,0.9933333333333334,1,0,0,0
4,4,46.8,60,0.7799999999999999,0,0,1,0
23,3,24.8,30,0.8266666666666667,0,0,1,0
15,3,18.6,60,0.31,0,0,0,2
20,3,15.2,30,0.5066666666666666,0,0,0,1
4,1,78.1,100,0.7809999999999999,0,0,1,0
4,2,50.9,60,0.8483333333333333,0,0,1,0
15,7,57.0,60,0.95,1,0,0,0
16,6,31.1,60,0.5183333333333333,1,0,0,1
4,3,69.5,80,0.86875,0,0,1,0
12,4,26.5,50,0.53,0,0,0,1
11,1,39.8,60,0.6633333333333333,0,0,0,1
7,3,14.5,50,0.29,0,1,0,2
2,5,50.0,50,1.0,0,0,1,0
18,4,70.8,100,0.708,0,1,0,1
13,7,50.2,80,0.6275000000000001,1,0,0,1
8,1,51.5,80,0.64375,0,1,0,1
22,7,59.7,60,0.995,1,0,1,0
22,3,47.7,60,0.795,0,0,1,0
8,5,14.5,100,0.145,0,1,0,2
17,4,29.1,60,0.48500000000000004,0,1,0,1
10,5,45.5,60,0.7583333333333333,0,0,0,0
16,4,53.8,60,0.8966666666666666,0,0,0,0
11,4,68.7,80,0.85875,0,0,0,0
21,2,38.6,60,0.6433333333333333,0,0,0,1
4,2,58.3,60,0.9716666666666666,0,0,1,0
23,1,56.8,60,0.9466666666666667,0,0,1,0
11,5,6.8,50,0.136,0,0,0,2
8,2,8.9,60,0.14833333333333334,0,1,0,2
1,2,59.1,60,0.985,0,0,1,0
12,7,27.7,80,0.34625,1,0,0,2
9,2,18.3,60,0.305,0,1,0,2
14,4,43.9,60,0.7316666666666667,0,0,0,1
15,2,21.9,60,0.365,0,0,0,2
2,7,23.8,30,0.7933333333333333,1,0,1,0
10,4,52.7,60,0.8783333333333334,0,0,0,0
1,3,94.0,100,0.94,0,0,1,0
20,2,51.9,80,0.6487499999999999,0,0,0,1
4,5,26.9,30,0.8966666666666666,0,0,1,0
4,6,82.3,100,0.823,1,0,1,0
22,7,9.4,50,0.188,1,0,1,2
5,5,57.6,60,0.9600000000000001,0,0,1,0
6,5,19.5,60,0.325,0,0,0,2
9,2,44.4,60,0.74,0,1,0,1
13,2,29.8,100,0.298,0,0,0,2
6,7,56.8,60,0.9466666666666667,1,0,0,0
8,4,26.2,60,0.43666666666666665,0,1,0,2
1,6,69.2,80,0.865,1,0,1,0
0,5,78.5,100,0.785,0,0,1,0
6,5,46.9,60,0.7816666666666666,0,0,0,0
10,4,28.6,80,0.35750000000000004,0,0,0,2
6,5,65.4,80,0.8175000000000001,0,0,0,0
19,7,59.3,60,0.9883333333333333,1,1,0,0
12,3,42.9,80,0.53625,0,0,0,1
7,2,21.7,100,0.217,0,1,0,2
17,7,49.6,60,0.8266666666666667,1,1,0,0
17,7,56.9,60,0.9483333333333334,1,1,0,0
3,6,54.5,100,0.545,1,0,1,1
7,5,84.1,100,0.841,0,1,0,0
17,3,39.3,80,0.49124999999999996,0,1,0,1
1,3,67.3,80,0.8412499999999999,0,0,1,0
23,3,48.2,50,0.9640000000000001,0,0,1,0
2,3,18.7,80,0.23374999999999999,0,0,1,2
6,3,7.9,60,0.13166666666666668,0,0,0,2
14,5,16.3,80,0.20375000000000001,0,0,0,2
4,5,45.4,60,0.7566666666666666,0,0,1,0
4,7,47.2,60,0.7866666666666667,1,0,1,0
0,5,64.1,80,0.8012499999999999,0,0,1,0
21,5,17.8,30,0.5933333333333334,0,0,0,1
4,3,55.1,60,0.9183333333333333,0,0,1,0
7,7,51.2,80,0.64,1,1,0,1
21,6,54.1,80,0.67625,1,0,0,1
6,2,79.6,100,0.7959999999999999,0,0,0,0
9,1,92.8,100,0.9279999999999999,0,1,0,0
23,1,47.5,60,0.7916666666666666,0,0,1,0
1,1,98.6,100,0.986,0,0,1,0
14,5,56.5,60,0.9416666666666667,0,0,0,0
17,3,17.7,50,0.354,0,1,0,2
1,5,59.2,60,0.9866666666666667,0,0,1,0
20,1,14.2,60,0.23666666666666666,0,0,0,2
14,2,28.2,30,0.94,0,0,0,0
8,2,71.1,100,0.711,0,1,0,1
0,7,50.5,60,0.8416666666666667,1,0,1,0
6,5,39.3,60,0.6549999999999999,0,0,0,1
5,2,50.0,60,0.8333333333333334,0,0,1,0
15,3,48.7,60,0.8116666666666668,0,0,0,0
21,2,54.9,60,0.9149999999999999,0,0,0,0
14,7,33.0,50,0.66,1,0,0,1
14,2,25.6,60,0.4266666666666667,0,0,0,2
13,2,58.1,60,0.9683333333333334,0,0,0,0
1,7,58.3,60,0.9716666666666666,1,0,1,0
12,1,61.2,80,0.765,0,0,0,0
21,5,73.4,80,0.9175000000000001,0,0,0,0
21,7,43.9,60,0.7316666666666667,1,0,0,1
9,5,24.8,60,0.41333333333333333,0,1,0,2
16,2,42.2,60,0.7033333333333334,0,0,0,1
23,3,28.1,50,0.562,0,0,1,1
5,1,40.5,50,0.81,0,0,1,0
1,2,57.9,60,0.965,0,0,1,0
23,4,58.4,60,0.9733333333333333,0,0,1,0
18,4,18.9,100,0.18899999999999997,0,1,0,2
22,6,52.6,60,0.8766666666666667,1,0,1,0
0,4,42.6,50,0.852,0,0,1,0
21,1,42.5,50,0.85,0,0,0,0
10,6,20.4,60,0.33999999999999997,1,0,0,2
12,1,32.0,50,0.64,0,0,0,1
12,3,40.8,50,0.816,0,0,0,0
15,7,19.2,80,0.24,1,0,0,2
1,2,27.3,30,0.91,0,0,1,0
6,2,59.9,60,0.9983333333333333,0,0,0,0
16,4,48.6,60,0.81,0,0,0,0
16,2,42.9,50,0.858,0,0,0,0
21,7,55.6,60,0.9266666666666666,1,0,0,0
8,5,26.3,60,0.43833333333333335,0,1,0,2
13,1,50.3,60,0.8383333333333333,0,0,0,0
19,4,29.8,50,0.596,0,1,0,1
19,5,41.1,60,0.685,0,1,0,1
4,3,41.8,50,0.836,0,0,1,0
6,7,58.2,60,0.9700000000000001,1,0,0,0
20,3,39.7,50,0.794,0,0,0,0
5,4,46.2,50,0.924,0,0,1,0
5,6,58.5,60,0.975,1,0,1,0
20,2,48.3,60,0.8049999999999999,0,0,0,0
15,3,42.6,50,0.852,0,0,0,0
17,6,8.5,50,0.17,1,1,0,2
13,5,76.2,80,0.9525,0,0,0,0
0,2,64.7,80,0.8087500000000001,0,0,1,0
2,5,25.5,50,0.51,0,0,1,1
7,6,35.4,50,0.708,1,1,0,1
23,5,47.0,60,0.7833333333333333,0,0,1,0
8,3,7.5,30,0.25,0,1,0,2
6,4,74.0,80,0.925,0,0,0,0
16,2,37.6,50,0.752,0,0,0,0
6,2,56.2,80,0.7025,0,0,0,1
20,2,22.5,30,0.75,0,0,0,0
3,1,51.7,60,0.8616666666666667,0,0,1,0
8,5,45.7,80,0.57125,0,1,0,1
14,2,49.9,60,0.8316666666666667,0,0,0,0
9,5,8.0,30,0.26666666666666666,0,1,0,2
0,5,64.7,80,0.8087500000000001,0,0,1,0
7,3,21.0,50,0.42,0,1,0,2
4,4,95.2,100,0.9520000000000001,0,0,1,0
18,4,31.1,60,0.5183333333333333,0,1,0,1
22,7,48.6,60,0.81,1,0,1,0
2,2,46.7,60,0.7783333333333334,0,0,1,0
9,4,20.9,60,0.34833333333333333,0,1,0,2
23,2,68.6,80,0.8574999999999999,0,0,1,0
18,4,59.1,60,0.985,0,1,0,0
23,1,45.2,50,0.904,0,0,1,0
2,7,10.4,80,0.13,1,0,1,2
5,5,49.4,50,0.988,0,0,1,0
19,4,9.5,50,0.19,0,1,0,2
6,2,49.1,60,0.8183333333333334,0,0,0,0
9,7,12.5,30,0.4166666666666667,1,1,0,2
23,5,45.9,60,0.765,0,0,1,0
2,1,29.8,30,0.9933333333333334,0,0,1,0
14,4,19.9,30,0.6633333333333333,0,0,0,1
2,3,23.5,30,0.7833333333333333,0,0,1,0
22,3,58.0,60,0.9666666666666667,0,0,1,0
23,2,59.1,60,0.985,0,0,1,0
23,1,20.4,30,0.6799999999999999,0,0,1,1
10,5,37.1,60,0.6183333333333334,0,0,0,1
4,3,29.0,60,0.48333333333333334,0,0,1,1
18,7,16.1,60,0.26833333333333337,1,1,0,2
1,7,17.3,80,0.21625,1,0,1,2
2,6,16.6,50,0.332,1,0,1,2
8,3,65.5,80,0.81875,0,1,0,0
10,3,36.2,50,0.7240000000000001,0,0,0,1
6,5,25.4,30,0.8466666666666666,0,0,0,0
11,5,29.2,30,0.9733333333333333,0,0,0,0
11,6,69.7,80,0.8712500000000001,1,0,0,0
15,3,46.3,60,0.7716666666666666,0,0,0,0
13,4,16.8,30,0.56,0,0,0,1
2,2,53.4,60,0.89,0,0,1,0
9,5,58.2,60,0.9700000000000001,0,1,0,0
14,6,39.1,60,0.6516666666666667,1,0,0,1
0,4,91.4,100,0.914,0,0,1,0
17,5,17.4,100,0.174,0,1,0,2
14,2,66.8,80,0.835,0,0,0,0
16,3,64.1,80,0.8012499999999999,0,0,0,0
23,5,90.2,100,0.902,0,0,1,0
10,3,28.0,30,0.9333333333333333,0,0,0,0
10,7,63.8,80,0.7975,1,0,0,0
14,1,48.4,50,0.968,0,0,0,0
16,1,3.8,30,0.12666666666666665,0,0,0,2
0,3,47.0,50,0.94,0,0,1,0
8,2,7.4,60,0.12333333333333334,0,1,0,2
5,4,67.5,80,0.84375,0,0,1,0
10,5,43.8,60,0.73,0,0,0,1
2,6,53.9,60,0.8983333333333333,1,0,1,0
15,5,30.6,60,0.51,0,0,0,1
20,1,47.7,80,0.5962500000000001,0,0,0,1
8,4,25.6,60,0.4266666666666667,0,1,0,2
2,6,86.1,100,0.861,1,0,1,0
1,5,57.5,60,0.9583333333333334,0,0,1,0
11,4,33.8,60,0.5633333333333332,0,0,0,1
22,2,46.5,60,0.775,0,0,1,0
7,5,10.5,60,0.175,0,1,0,2
10,4,46.0,60,0.7666666666666667,0,0,0,0
20,1,7.1,60,0.11833333333333333,0,0,0,2
18,6,16.6,50,0.332,1,1,0,2
8,2,16.8,60,0.28,0,1,0,2
6,2,55.9,100,0.5589999999999999,0,0,0,1
10,1,46.7,100,0.467,0,0,0,1
9,5,13.5,100,0.135,0,1,0,2
7,2,11.6,60,0.19333333333333333,0,1,0,2
3,1,25.4,30,0.8466666666666666,0,0,1,0
22,5,55.4,60,0.9233333333333333,0,0,1,0
18,3,31.3,60,0.5216666666666667,0,1,0,1
3,4,85.3,100,0.853,0,0,1,0
0,3,40.4,80,0.505,0,0,1,1
22,6,61.8,80,0.7725,1,0,1,0
22,3,48.9,50,0.978,0,0,1,0
21,2,31.7,80,0.39625,0,0,0,2
15,6,41.4,80,0.5175,1,0,0,1
21,6,47.7,60,0.795,1,0,0,0
1,3,85.2,100,0.852,0,0,1,0
12,1,34.8,50,0.696,0,0,0,1
5,6,28.0,30,0.9333333333333333,1,0,1,0
21,2,27.6,30,0.92,0,0,0,0
11,6,63.8,80,0.7975,1,0,0,0
17,3,40.1,100,0.401,0,1,0,2
18,7,24.0,30,0.8,1,1,0,0
1,7,14.6,80,0.1825,1,0,1,2
6,1,46.4,50,0.9279999999999999,0,0,0,0
14,7,27.6,50,0.552,1,0,0,1
19,5,18.8,60,0.31333333333333335,0,1,0,2
10,3,9.4,30,0.31333333333333335,0,0,0,2
11,2,37.6,80,0.47000000000000003,0,0,0,1
6,6,39.0,50,0.78,1,0,0,0
9,3,8.5,30,0.2833333333333333,0,1,0,2
8,1,20.5,30,0.6833333333333333,0,1,0,1
16,3,42.2,80,0.5275000000000001,0,0,0,1
15,2,77.8,100,0.778,0,0,0,0
11,4,45.3,50,0.9059999999999999,0,0,0,0
2,5,83.7,100,0.8370000000000001,0,0,1,0
12,6,28.4,60,0.47333333333333333,1,0,0,1
12,4,37.4,80,0.46749999999999997,0,0,0,1
16,6,33.3,100,0.33299999999999996,1,0,0,2
7,7,45.1,50,0.902,1,1,0,0
14,2,7.4,60,0.12333333333333334,0,0,0,2
5,7,56.4,60,0.94,1,0,1,0
0,4,24.3,30,0.81,0,0,1,0
16,5,38.1,50,0.762,0,0,0,0
20,4,20.8,30,0.6933333333333334,0,0,0,1
17,2,40.1,80,0.50125,0,1,0,1
0,6,49.2,60,0.8200000000000001,1,0,1,0
7,2,30.7,80,0.38375,0,1,0,2
8,7,44.6,50,0.892,1,1,0,0
14,1,10.0,80,0.125,0,0,0,2
14,7,18.4,60,0.30666666666666664,1,0,0,2
3,4,28.4,60,0.47333333333333333,0,0,1,1
1,1,20.1,60,0.335,0,0,1,2
6,7,36.4,60,0.6066666666666667,1,0,0,1
20,2,24.2,30,0.8066666666666666,0,0,0,0
22,1,59.3,60,0.9883333333333333,0,0,1,0
5,6,52.5,60,0.875,1,0,1,0
5,5,55.3,60,0.9216666666666666,0,0,1,0
18,7,21.1,50,0.42200000000000004,1,1,0,2
21,1,32.7,50,0.654,0,0,0,1
11,3,30.0,60,0.5,0,0,0,1
23,1,71.5,80,0.89375,0,0,1,0
7,4,16.3,50,0.326,0,1,0,2
0,1,43.5,60,0.725,0,0,1,1
8,6,78.6,100,0.7859999999999999,1,1,0,0
15,2,38.1,80,0.47625,0,0,0,1
12,6,42.9,60,0.715,1,0,0,1
6,3,79.1,100,0.7909999999999999,0,0,0,0
23,1,62.6,80,0.7825,0,0,1,0
2,4,53.3,60,0.8883333333333333,0,0,1,0
20,2,46.3,60,0.7716666666666666,0,0,0,0
21,5,71.8,80,0.8975,0,0,0,0
3,5,40.0,50,0.8,0,0,1,0
11,2,23.5,80,0.29375,0,0,0,2
5,7,72.2,80,0.9025000000000001,1,0,1,0
10,4,35.9,60,0.5983333333333333,0,0,0,1
5,6,6.5,50,0.13,1,0,1,2
18,7,32.4,60,0.5399999999999999,1,1,0,1
7,4,41.9,80,0.5237499999999999,0,1,0,1
19,2,32.8,50,0.6559999999999999,0,1,0,1
17,4,33.7,60,0.5616666666666668,0,1,0,1
13,6,35.5,50,0.71,1,0,0,1
8,5,33.6,80,0.42000000000000004,0,1,0,2
19,4,52.3,60,0.8716666666666666,0,1,0,0
6,4,62.4,100,0.624,0,0,0,1
6,2,48.3,50,0.966,0,0,0,0
3,3,20.7,30,0.69,0,0,1,1
5,2,41.3,50,0.826,0,0,1,0
21,5,54.2,60,0.9033333333333334,0,0,0,0
9,4,47.6,100,0.47600000000000003,0,1,0,1
18,4,6.9,60,0.115,0,1,0,2
18,7,49.4,50,0.988,1,1,0,0
13,2,48.5,60,0.8083333333333333,0,0,0,0
14,4,23.0,50,0.46,0,0,0,1
13,1,27.0,50,0.54,0,0,0,1
5,6,59.5,60,0.9916666666666667,1,0,1,0
11,2,20.8,60,0.3466666666666667,0,0,0,2
14,6,41.6,50,0.8320000000000001,1,0,0,0
15,5,27.7,50,0.5539999999999999,0,0,0,1
12,1,37.7,50,0.754,0,0,0,0
8,1,47.7,50,0.9540000000000001,0,1,0,0
16,3,57.5,80,0.71875,0,0,0,1
8,4,17.0,80,0.2125,0,1,0,2
15,7,39.7,60,0.6616666666666667,1,0,0,1
7,6,62.4,80,0.78,1,1,0,0
13,3,53.9,80,0.67375,0,0,0,1
6,3,45.4,60,0.7566666666666666,0,0,0,0
12,3,16.2,30,0.5399999999999999,0,0,0,1
3,6,44.2,50,0.884,1,0,1,0
3,5,23.7,30,0.7899999999999999,0,0,1,0
1,2,77.4,80,0.9675,0,0,1,0
11,4,12.6,60,0.21,0,0,0,2
22,4,31.7,60,0.5283333333333333,0,0,1,1
19,5,70.2,80,0.8775000000000001,0,1,0,0
8,6,41.7,50,0.8340000000000001,1,1,0,0
14,3,39.2,60,0.6533333333333334,0,0,0,1
16,6,18.6,100,0.18600000000000003,1,0,0,2
1,3,45.6,60,0.76,0,0,1,0
16,2,49.2,60,0.8200000000000001,0,0,0,0
0,1,43.6,50,0.872,0,0,1,0
5,7,31.1,60,0.5183333333333333,1,0,1,1
5,5,53.0,60,0.8833333333333333,0,0,1,0
15,1,46.2,50,0.924,0,0,0,0
2,4,55.7,60,0.9283333333333333,0,0,1,0
18,4,39.0,60,0.65,0,1,0,1
6,2,53.1,80,0.6637500000000001,0,0,0,1
17,7,31.0,60,0.5166666666666667,1,1,0,1
15,2,81.5,100,0.815,0,0,0,0
0,6,25.2,80,0.315,1,0,1,2
8,1,24.3,60,0.405,0,1,0,2
23,6,61.7,80,0.77125,1,0,1,0
7,4,8.3,80,0.10375000000000001,0,1,0,2
2,1,26.6,30,0.8866666666666667,0,0,1,0
21,3,55.7,60,0.9283333333333333,0,0,0,0
0,6,38.3,60,0.6383333333333333,1,0,1,1
6,3,28.6,60,0.4766666666666667,0,0,0,1
18,6,49.7,50,0.9940000000000001,1,1,0,0
12,3,54.4,80,0.6799999999999999,0,0,0,1
0,4,31.0,60,0.5166666666666667,0,0,1,1
15,3,27.8,60,0.4633333333333333,0,0,0,1
11,4,58.3,60,0.9716666666666666,0,0,0,0
8,5,42.9,100,0.429,0,1,0,2
2,4,67.7,80,0.8462500000000001,0,0,1,0
22,1,53.4,60,0.89,0,0,1,0
21,2,80.2,100,0.802,0,0,0,0
14,6,49.4,60,0.8233333333333334,1,0,0,0
16,1,30.5,50,0.61,0,0,0,1
9,7,54.2,60,0.9033333333333334,1,1,0,0
6,1,46.1,60,0.7683333333333333,0,0,0,0
13,6,44.7,80,0.5587500000000001,1,0,0,1
1,7,47.3,60,0.7883333333333333,1,0,1,0
21,2,60.8,80,0.76,0,0,0,0
14,6,41.4,60,0.69,1,0,0,1
11,4,45.8,60,0.7633333333333333,0,0,0,0
19,6,39.6,60,0.66,1,1,0,1
12,2,56.9,60,0.9483333333333334,0,0,0,0
18,4,40.3,80,0.5037499999999999,0,1,0,1
22,7,47.6,60,0.7933333333333333,1,0,1,0
0,7,46.4,50,0.9279999999999999,1,0,1,0
7,5,17.5,50,0.35,0,1,0,2
4,6,71.3,80,0.89125,1,0,1,0
18,5,23.8,50,0.47600000000000003,0,1,0,1
14,1,9.6,60,0.16,0,0,0,2
15,2,44.0,80,0.55,0,0,0,1
4,7,12.0,30,0.4,1,0,1,2
19,7,8.1,30,0.26999999999999996,1,1,0,2
23,5,59.2,60,0.9866666666666667,0,0,1,0
1,1,76.0,80,0.95,0,0,1,0
11,2,57.2,60,0.9533333333333334,0,0,0,0
10,5,38.3,60,0.6383333333333333,0,0,0,1
10,4,42.2,50,0.8440000000000001,0,0,0,0
18,2,49.8,60,0.83,0,1,0,0
9,2,35.6,60,0.5933333333333334,0,1,0,1
20,2,21.0,60,0.35,0,0,0,2
20,5,46.9,50,0.938,0,0,0,0
2,1,65.0,80,0.8125,0,0,1,0
23,7,57.4,100,0.574,1,0,1,1
12,7,78.1,80,0.97625,1,0,0,0
19,1,13.9,60,0.23166666666666666,0,1,0,2
11,5,83.0,100,0.83,0,0,0,0
13,7,63.3,100,0.633,1,0,0,1
20,5,45.9,50,0.9179999999999999,0,0,0,0
3,5,61.8,80,0.7725,0,0,1,0
9,2,7.5,30,0.25,0,1,0,2
22,5,47.1,60,0.785,0,0,1,0
9,2,28.5,60,0.475,0,1,0,1
12,2,9.0,60,0.15,0,0,0,2
4,6,84.3,100,0.843,1,0,1,0
19,1,35.6,100,0.35600000000000004,0,1,0,2
5,4,26.7,30,0.89,0,0,1,0
9,2,11.2,60,0.18666666666666665,0,1,0,2
17,4,21.7,60,0.36166666666666664,0,1,0,2
8,7,79.2,80,0.99,1,1,0,0
16,1,79.3,80,0.99125,0,0,0,0
11,5,97.3,100,0.973,0,0,0,0
21,5,88.8,100,0.888,0,0,0,0
19,1,20.2,60,0.33666666666666667,0,1,0,2
0,5,56.1,60,0.935,0,0,1,0
10,4,84.9,100,0.8490000000000001,0,0,0,0
23,4,54.7,60,0.9116666666666667,0,0,1,0
7,2,27.7,50,0.5539999999999999,0,1,0,1
3,3,49.6,60,0.8266666666666667,0,0,1,0
19,5,42.9,60,0.715,0,1,0,1
5,2,58.8,60,0.98,0,0,1,0
9,6,60.5,80,0.75625,1,1,0,0
0,6,12.1,80,0.15125,1,0,1,2
20,2,23.2,60,0.38666666666666666,0,0,0,2
12,1,31.8,60,0.53,0,0,0,1
15,7,35.2,80,0.44000000000000006,1,0,0,2
5,3,59.2,60,0.9866666666666667,0,0,1,0
9,3,7.2,50,0.14400000000000002,0,1,0,2
18,5,38.7,60,0.645,0,1,0,1
1,4,43.7,50,0.8740000000000001,0,0,1,0
21,6,76.3,80,0.95375,1,0,0,0
11,5,18.6,30,0.62,0,0,0,1
14,7,52.3,80,0.6537499999999999,1,0,0,1
18,7,41.9,50,0.838,1,1,0,0
1,2,58.6,60,0.9766666666666667,0,0,1,0
19,1,14.1,60,0.235,0,1,0,2
22,2,39.4,80,0.4925,0,0,1,1
23,1,51.9,60,0.865,0,0,1,0
1,6,54.5,60,0.9083333333333333,1,0,1,0
15,3,23.5,30,0.7833333333333333,0,0,0,0
10,6,55.4,60,0.9233333333333333,1,0,0,0
2,3,18.3,60,0.305,0,0,1,2
18,3,44.1,80,0.55125,0,1,0,1
21,5,50.3,60,0.8383333333333333,0,0,0,0
13,2,41.5,50,0.83,0,0,0,0
14,1,29.7,60,0.495,0,0,0,1
15,5,3.9,30,0.13,0,0,0,2
2,5,98.1,100,0.981,0,0,1,0
13,2,52.7,80,0.6587500000000001,0,0,0,1
13,3,35.5,50,0.71,0,0,0,1
13,3,51.7,60,0.8616666666666667,0,0,0,0
2,3,42.2,50,0.8440000000000001,0,0,1,0
9,7,49.9,60,0.8316666666666667,1,1,0,0
11,1,51.8,80,0.6475,0,0,0,1
2,1,53.1,60,0.885,0,0,1,0
1,7,62.6,80,0.7825,1,0,1,0
8,5,17.6,60,0.29333333333333333,0,1,0,2
23,3,80.9,100,0.809,0,0,1,0
21,5,39.5,50,0.79,0,0,0,0
10,6,48.7,50,0.9740000000000001,1,0,0,0
22,3,59.7,60,0.995,0,0,1,0
5,2,27.1,60,0.4516666666666667,0,0,1,1
21,1,41.3,60,0.6883333333333332,0,0,0,1
1,7,57.6,60,0.9600000000000001,1,0,1,0
4,6,50.8,100,0.508,1,0,1,1
19,1,21.7,60,0.36166666666666664,0,1,0,2
5,5,32.6,60,0.5433333333333333,0,0,1,1
2,1,53.2,60,0.8866666666666667,0,0,1,0
9,4,6.5,50,0.13,0,1,0,2
4,1,69.4,80,0.8675,0,0,1,0
22,3,41.5,60,0.6916666666666667,0,0,1,1
11,2,36.1,50,0.722,0,0,0,1
11,3,18.5,30,0.6166666666666667,0,0,0,1
7,3,39.8,80,0.49749999999999994,0,1,0,1
20,5,48.1,80,0.6012500000000001,0,0,0,1
3,1,76.3,80,0.95375,0,0,1,0
6,6,70.8,80,0.885,1,0,0,0
14,1,11.5,50,0.23,0,0,0,2
13,5,48.4,100,0.484,0,0,0,1
5,3,47.1,60,0.785,0,0,1,0
14,7,42.6,60,0.7100000000000001,1,0,0,1
3,5,40.6,50,0.812,0,0,1,0
22,1,28.2,30,0.94,0,0,1,0
9,1,11.4,50,0.228,0,1,0,2
12,4,29.6,60,0.49333333333333335,0,0,0,1
14,4,50.9,80,0.63625,0,0,0,1
18,4,33.0,60,0.55,0,1,0,1
10,6,56.6,100,0.5660000000000001,1,0,0,1
14,2,89.7,100,0.897,0,0,0,0
17,1,15.1,50,0.302,0,1,0,2
11,4,45.7,100,0.457,0,0,0,1
9,1,14.7,60,0.245,0,1,0,2
13,1,48.3,100,0.483,0,0,0,1
20,2,78.4,80,0.9800000000000001,0,0,0,0
21,7,42.2,50,0.8440000000000001,1,0,0,0
20,1,31.3,50,0.626,0,0,0,1
2,7,43.1,60,0.7183333333333334,1,0,1,1
6,2,18.0,60,0.3,0,0,0,2
11,3,43.7,50,0.8740000000000001,0,0,0,0
5,5,89.5,100,0.895,0,0,1,0
21,2,15.0,30,0.5,0,0,0,1
19,1,6.5,50,0.13,0,1,0,2
7,1,28.3,50,0.5660000000000001,0,1,0,1
18,3,46.9,80,0.5862499999999999,0,1,0,1
16,5,37.2,60,0.62,0,0,0,1
0,6,70.7,80,0.88375,1,0,1,0
16,2,28.8,60,0.48000000000000004,0,0,0,1
7,5,5.8,30,0.19333333333333333,0,1,0,2
18,6,26.0,60,0.43333333333333335,1,1,0,2
17,7,48.3,60,0.8049999999999999,1,1,0,0
23,7,46.6,60,0.7766666666666667,1,0,1,0
14,5,26.0,50,0.52,0,0,0,1
1,3,48.2,50,0.9640000000000001,0,0,1,0
10,4,85.2,100,0.852,0,0,0,0
22,2,24.1,30,0.8033333333333333,0,0,1,0
18,5,27.1,80,0.33875,0,1,0,2
0,7,57.4,60,0.9566666666666667,1,0,1,0
2,7,16.5,30,0.55,1,0,1,1
8,2,58.6,80,0.7325,0,1,0,1
11,1,56.8,80,0.71,0,0,0,1
16,2,26.6,30,0.8866666666666667,0,0,0,0
12,1,47.9,50,0.958,0,0,0,0
3,2,49.1,60,0.8183333333333334,0,0,1,0
10,6,89.4,100,0.894,1,0,0,0
5,2,57.4,60,0.9566666666666667,0,0,1,0
22,5,29.3,30,0.9766666666666667,0,0,1,0
5,3,55.0,60,0.9166666666666666,0,0,1,0
6,2,84.6,100,0.846,0,0,0,0
13,2,23.7,50,0.474,0,0,0,1
3,3,41.1,50,0.8220000000000001,0,0,1,0
3,1,79.0,80,0.9875,0,0,1,0
22,7,87.1,100,0.871,1,0,1,0
3,7,38.1,50,0.762,1,0,1,0
12,3,28.9,60,0.48166666666666663,0,0,0,1
8,1,18.2,60,0.30333333333333334,0,1,0,2
6,3,52.1,80,0.65125,0,0,0,1
5,2,47.6,50,0.9520000000000001,0,0,1,0
16,5,48.1,80,0.6012500000000001,0,0,0,1
11,6,31.7,100,0.317,1,0,0,2
16,7,58.7,80,0.73375,1,0,0,1
17,1,7.1,60,0.11833333333333333,0,1,0,2
14,2,17.3,60,0.28833333333333333,0,0,0,2
21,2,56.0,60,0.9333333333333333,0,0,0,0
18,2,21.2,60,0.35333333333333333,0,1,0,2
19,7,38.2,60,0.6366666666666667,1,1,0,1
13,7,35.4,60,0.59,1,0,0,1
2,5,51.1,60,0.8516666666666667,0,0,1,0
6,7,73.2,80,0.915,1,0,0,0
12,2,42.3,60,0.705,0,0,0,1
1,7,6.0,60,0.1,1,0,1,2
12,5,7.4,60,0.12333333333333334,0,0,0,2
13,4,22.8,30,0.76,0,0,0,0
11,1,51.0,60,0.85,0,0,0,0
6,4,62.2,80,0.7775000000000001,0,0,0,0
13,6,24.0,80,0.3,1,0,0,2
15,1,77.7,100,0.777,0,0,0,0
23,4,33.9,50,0.6779999999999999,0,0,1,1
10,4,25.3,60,0.4216666666666667,0,0,0,2
10,6,59.9,60,0.9983333333333333,1,0,0,0
7,4,55.3,80,0.6912499999999999,0,1,0,1
13,2,22.8,30,0.76,0,0,0,0
2,6,64.3,80,0.80375,1,0,1,0
8,3,11.3,60,0.18833333333333335,0,1,0,2
2,2,24.3,60,0.405,0,0,1,2
2,6,27.6,60,0.46,1,0,1,1
3,6,67.8,80,0.8474999999999999,1,0,1,0
8,3,37.5,100,0.375,0,1,0,2
7,1,51.1,60,0.8516666666666667,0,1,0,0
14,6,13.4,50,0.268,1,0,0,2
5,5,38.5,50,0.77,0,0,1,0
16,2,53.9,60,0.8983333333333333,0,0,0,0
2,2,39.8,60,0.6633333333333333,0,0,1,1
23,3,63.1,80,0.7887500000000001,0,0,1,0
15,1,59.0,60,0.9833333333333333,0,0,0,0
3,7,58.2,60,0.9700000000000001,1,0,1,0
12,2,6.1,60,0.10166666666666666,0,0,0,2
10,5,76.4,80,0.9550000000000001,0,0,0,0
13,5,49.3,60,0.8216666666666667,0,0,0,0
13,3,52.5,100,0.525,0,0,0,1
23,5,75.2,80,0.9400000000000001,0,0,1,0
9,1,63.3,100,0.633,0,1,0,1
4,5,75.4,80,0.9425000000000001,0,0,1,0
3,3,46.4,50,0.9279999999999999,0,0,1,0
21,1,28.9,30,0.9633333333333333,0,0,0,0
13,7,14.4,100,0.14400000000000002,1,0,0,2
11,7,6.8,30,0.22666666666666666,1,0,0,2
18,3,11.6,60,0.19333333333333333,0,1,0,2
3,1,30.1,50,0.602,0,0,1,1
10,4,41.3,80,0.51625,0,0,0,1
10,3,8.9,80,0.11125,0,0,0,2
20,7,33.9,60,0.565,1,0,0,1
4,3,55.9,60,0.9316666666666666,0,0,1,0
1,5,32.9,50,0.6579999999999999,0,0,1,1
17,7,29.8,60,0.4966666666666667,1,1,0,1
16,5,55.6,80,0.6950000000000001,0,0,0,1
19,7,45.5,60,0.7583333333333333,1,1,0,0
2,4,62.3,80,0.7787499999999999,0,0,1,0
16,6,30.5,60,0.5083333333333333,1,0,0,1
21,6,51.5,60,0.8583333333333333,1,0,0,0
12,1,25.4,30,0.8466666666666666,0,0,0,0
13,7,55.4,60,0.9233333333333333,1,0,0,0
0,4,69.6,80,0.8699999999999999,0,0,1,0
23,1,7.4,50,0.14800000000000002,0,0,1,2
15,6,17.4,60,0.29,1,0,0,2
17,4,12.0,30,0.4,0,1,0,2
0,5,23.5,30,0.7833333333333333,0,0,1,0
6,2,30.5,60,0.5083333333333333,0,0,0,1
22,4,46.3,50,0.9259999999999999,0,0,1,0
5,1,88.5,100,0.885,0,0,1,0
17,4,29.8,80,0.3725,0,1,0,2
14,3,36.6,60,0.61,0,0,0,1
5,2,60.8,80,0.76,0,0,1,0
9,6,24.4,30,0.8133333333333332,1,1,0,0
12,1,79.5,80,0.99375,0,0,0,0
3,5,45.7,50,0.914,0,0,1,0
18,4,10.7,60,0.17833333333333332,0,1,0,2
23,1,51.0,60,0.85,0,0,1,0
21,7,25.0,50,0.5,1,0,0,1
20,7,18.8,60,0.31333333333333335,1,0,0,2
11,6,96.7,100,0.9670000000000001,1,0,0,0
8,4,18.8,30,0.6266666666666667,0,1,0,1
14,2,59.0,80,0.7375,0,0,0,1
21,5,31.7,50,0.634,0,0,0,1
14,1,35.7,50,0.7140000000000001,0,0,0,1
22,2,8.1,50,0.162,0,0,1,2
4,6,58.1,60,0.9683333333333334,1,0,1,0
14,6,37.3,60,0.6216666666666666,1,0,0,1
5,1,31.5,60,0.525,0,0,1,1
4,5,47.0,60,0.7833333333333333,0,0,1,0
12,7,46.1,60,0.7683333333333333,1,0,0,0
13,2,29.5,60,0.49166666666666664,0,0,0,1
4,4,31.4,60,0.5233333333333333,0,0,1,1
21,4,33.2,60,0.5533333333333333,0,0,0,1
11,5,46.4,80,0.58,0,0,0,1
14,7,27.6,60,0.46,1,0,0,1
13,2,38.1,50,0.762,0,0,0,0
0,7,38.6,50,0.772,1,0,1,0
0,1,51.0,60,0.85,0,0,1,0
17,3,9.5,30,0.31666666666666665,0,1,0,2
6,7,41.8,50,0.836,1,0,0,0
5,4,39.3,50,0.7859999999999999,0,0,1,0
17,2,40.4,80,0.505,0,1,0,1
22,5,30.1,60,0.5016666666666667,0,0,1,1
1,1,51.9,80,0.6487499999999999,0,0,1,1
17,2,17.6,60,0.29333333333333333,0,1,0,2
11,3,64.6,100,0.6459999999999999,0,0,0,1
18,7,38.3,60,0.6383333333333333,1,1,0,1
1,2,58.0,60,0.9666666666666667,0,0,1,0
15,5,53.1,80,0.6637500000000001,0,0,0,1
3,2,55.0,60,0.9166666666666666,0,0,1,0
5,2,68.7,80,0.85875,0,0,1,0
10,1,37.6,50,0.752,0,0,0,0
14,1,55.4,60,0.9233333333333333,0,0,0,0
0,1,45.2,60,0.7533333333333334,0,0,1,0
10,3,33.5,50,0.67,0,0,0,1
8,3,23.3,60,0.38833333333333336,0,1,0,2
20,5,51.0,60,0.85,0,0,0,0
4,7,56.5,60,0.9416666666666667,1,0,1,0
5,6,8.5,80,0.10625,1,0,1,2
22,3,29.2,30,0.9733333333333333,0,0,1,0
3,3,52.2,60,0.87,0,0,1,0
18,2,13.9,50,0.278,0,1,0,2
13,3,61.8,100,0.618,0,0,0,1
9,4,58.7,80,0.73375,0,1,0,1
10,7,52.9,60,0.8816666666666666,1,0,0,0
6,7,40.7,50,0.8140000000000001,1,0,0,0
3,4,53.3,60,0.8883333333333333,0,0,1,0
23,5,37.5,60,0.625,0,0,1,1
21,5,64.2,80,0.8025,0,0,0,0
9,2,21.7,60,0.36166666666666664,0,1,0,2
16,2,46.6,50,0.932,0,0,0,0
3,4,56.5,60,0.9416666666666667,0,0,1,0
9,1,31.1,60,0.5183333333333333,0,1,0,1
11,2,30.1,60,0.5016666666666667,0,0,0,1
4,7,45.5,50,0.91,1,0,1,0
8,6,47.1,60,0.785,1,1,0,0
2,7,51.4,60,0.8566666666666667,1,0,1,0
6,1,8.6,60,0.14333333333333334,0,0,0,2
18,4,15.5,80,0.19375,0,1,0,2
13,4,5.0,30,0.16666666666666666,0,0,0,2
7,1,23.5,50,0.47,0,1,0,1
16,4,15.5,30,0.5166666666666667,0,0,0,1
20,6,31.0,60,0.5166666666666667,1,0,0,1
2,6,19.5,60,0.325,1,0,1,2
16,3,61.2,80,0.765,0,0,0,0
11,2,92.3,100,0.9229999999999999,0,0,0,0
22,2,28.2,30,0.94,0,0,1,0
16,4,84.6,100,0.846,0,0,0,0
22,4,93.4,100,0.934,0,0,1,0
23,4,38.7,50,0.774,0,0,1,0
21,2,24.6,80,0.3075,0,0,0,2
11,6,39.0,50,0.78,1,0,0,0
22,2,50.2,60,0.8366666666666667,0,0,1,0
8,1,34.8,60,0.58,0,1,0,1
3,2,35.6,60,0.5933333333333334,0,0,1,1
21,4,78.6,80,0.9824999999999999,0,0,0,0
9,6,77.6,80,0.97,1,1,0,0
13,6,47.7,50,0.9540000000000001,1,0,0,0
14,5,24.2,30,0.8066666666666666,0,0,0,0
13,4,17.7,60,0.295,0,0,0,2
21,1,90.2,100,0.902,0,0,0,0
21,6,42.5,50,0.85,1,0,0,0
12,5,29.8,50,0.596,0,0,0,1
14,4,14.6,30,0.48666666666666664,0,0,0,1
12,7,28.8,60,0.48000000000000004,1,0,0,1
5,5,25.2,30,0.84,0,0,1,0
18,5,9.6,80,0.12,0,1,0,2
10,2,22.1,30,0.7366666666666667,0,0,0,1
18,1,26.9,50,0.5379999999999999,0,1,0,1
18,7,52.6,60,0.8766666666666667,1,1,0,0
6,1,39.7,50,0.794,0,0,0,0
3,4,75.8,80,0.9475,0,0,1,0
2,7,47.7,60,0.795,1,0,1,0
21,5,26.1,30,0.87,0,0,0,0
21,6,24.5,50,0.49,1,0,0,1
6,5,40.5,50,0.81,0,0,0,0
20,5,21.3,80,0.26625,0,0,0,2
2,1,57.7,60,0.9616666666666667,0,0,1,0
22,5,49.9,60,0.8316666666666667,0,0,1,0
17,3,15.4,60,0.25666666666666665,0,1,0,2
20,2,29.4,80,0.3675,0,0,0,2
8,1,11.2,60,0.18666666666666665,0,1,0,2
9,2,7.7,30,0.25666666666666665,0,1,0,2
10,7,19.0,60,0.31666666666666665,1,0,0,2
14,1,14.8,30,0.49333333333333335,0,0,0,1
11,1,45.6,60,0.76,0,0,0,0
22,3,46.6,60,0.7766666666666667,0,0,1,0
16,5,51.9,60,0.865,0,0,0,0
3,3,67.7,100,0.677,0,0,1,1
18,3,22.9,60,0.38166666666666665,0,1,0,2
7,2,29.8,30,0.9933333333333334,0,1,0,0
7,1,10.4,100,0.10400000000000001,0,1,0,2
3,6,49.5,50,0.99,1,0,1,0
22,6,62.5,80,0.78125,1,0,1,0
7,2,21.3,60,0.35500000000000004,0,1,0,2
1,3,27.0,30,0.9,0,0,1,0
8,1,13.9,60,0.23166666666666666,0,1,0,2
17,6,16.5,50,0.33,1,1,0,2
18,6,9.8,30,0.3266666666666667,1,1,0,2
22,7,14.9,80,0.18625,1,0,1,2
12,6,20.9,60,0.34833333333333333,1,0,0,2
6,7,53.2,60,0.8866666666666667,1,0,0,0
10,1,79.1,100,0.7909999999999999,0,0,0,0
20,7,8.0,30,0.26666666666666666,1,0,0,2
22,4,71.8,80,0.8975,0,0,1,0
23,3,46.1,50,0.922,0,0,1,0
6,4,29.8,60,0.4966666666666667,0,0,0,1
9,2,19.8,30,0.66,0,1,0,1
0,4,28.5,30,0.95,0,0,1,0
10,1,37.7,60,0.6283333333333334,0,0,0,1
1,1,52.9,60,0.8816666666666666,0,0,1,0
9,2,8.3,80,0.10375000000000001,0,1,0,2
1,5,47.2,60,0.7866666666666667,0,0,1,0
22,6,18.0,80,0.225,1,0,1,2
3,4,62.8,80,0.7849999999999999,0,0,1,0
5,5,22.7,30,0.7566666666666666,0,0,1,0
13,4,42.5,50,0.85,0,0,0,0
6,4,28.8,60,0.48000000000000004,0,0,0,1
22,4,55.1,60,0.9183333333333333,0,0,1,0
17,3,13.5,50,0.27,0,1,0,2
13,3,28.4,30,0.9466666666666667,0,0,0,0
5,5,68.8,80,0.86,0,0,1,0
3,6,46.3,60,0.7716666666666666,1,0,1,0
19,1,26.4,60,0.44,0,1,0,2
21,5,29.7,50,0.594,0,0,0,1
14,3,21.2,60,0.35333333333333333,0,0,0,2
6,1,89.1,100,0.8909999999999999,0,0,0,0
9,2,15.0,50,0.3,0,1,0,2
21,5,22.0,60,0.36666666666666664,0,0,0,2
18,2,44.7,80,0.5587500000000001,0,1,0,1
4,4,69.7,80,0.8712500000000001,0,0,1,0
5,2,26.2,30,0.8733333333333333,0,0,1,0
0,1,24.2,30,0.8066666666666666,0,0,1,0
11,4,15.6,60,0.26,0,0,0,2
20,6,38.0,50,0.76,1,0,0,0
6,3,36.6,50,0.732,0,0,0,1
15,6,11.5,60,0.19166666666666668,1,0,0,2
8,5,72.4,80,0.905,0,1,0,0
10,1,56.6,60,0.9433333333333334,0,0,0,0
5,7,30.5,50,0.61,1,0,1,1
23,7,76.6,80,0.9574999999999999,1,0,1,0
23,6,15.0,80,0.1875,1,0,1,2
2,7,43.3,50,0.866,1,0,1,0
20,4,47.3,60,0.7883333333333333,0,0,0,0
3,7,30.6,50,0.612,1,0,1,1
16,5,44.3,50,0.8859999999999999,0,0,0,0
6,6,48.4,60,0.8066666666666666,1,0,0,0
1,1,55.0,60,0.9166666666666666,0,0,1,0
1,2,54.8,60,0.9133333333333333,0,0,1,0
21,4,28.5,30,0.95,0,0,0,0
9,3,5.1,30,0.16999999999999998,0,1,0,2
6,5,47.0,50,0.94,0,0,0,0
21,7,35.3,50,0.706,1,0,0,1
13,3,66.8,100,0.6679999999999999,0,0,0,1
16,7,50.2,60,0.8366666666666667,1,0,0,0
11,1,33.5,60,0.5583333333333333,0,0,0,1
22,1,51.6,60,0.86,0,0,1,0
10,4,56.9,60,0.9483333333333334,0,0,0,0
3,5,50.9,60,0.8483333333333333,0,0,1,0
15,6,55.4,60,0.9233333333333333,1,0,0,0
11,2,24.5,60,0.4083333333333333,0,0,0,2
17,3,50.9,100,0.509,0,1,0,1
7,5,16.5,80,0.20625,0,1,0,2
5,6,20.5,30,0.6833333333333333,1,0,1,1
13,7,73.5,100,0.735,1,0,0,1
20,6,58.2,60,0.9700000000000001,1,0,0,0
22,3,45.4,60,0.7566666666666666,0,0,1,0
19,2,21.5,50,0.43,0,1,0,2
8,4,67.0,100,0.67,0,1,0,1
10,2,67.2,80,0.8400000000000001,0,0,0,0
1,6,63.5,80,0.79375,1,0,1,0
20,4,64.8,80,0.8099999999999999,0,0,0,0
19,2,21.3,60,0.35500000000000004,0,1,0,2
22,6,55.6,80,0.6950000000000001,1,0,1,1
2,1,41.6,50,0.8320000000000001,0,0,1,0
7,4,38.4,60,0.64,0,1,0,1
0,7,46.2,50,0.924,1,0,1,0
14,6,56.4,60,0.94,1,0,0,0
20,6,14.3,80,0.17875000000000002,1,0,0,2
8,3,9.6,30,0.32,0,1,0,2
5,3,25.4,30,0.8466666666666666,0,0,1,0
13,6,24.4,50,0.488,1,0,0,1
18,6,36.4,80,0.45499999999999996,1,1,0,1
7,6,96.5,100,0.965,1,1,0,0
18,6,37.4,100,0.374,1,1,0,2
19,5,20.4,100,0.204,0,1,0,2
22,1,24.1,50,0.48200000000000004,0,0,1,1
5,5,48.6,60,0.81,0,0,1,0
0,4,49.5,60,0.825,0,0,1,0
13,6,58.2,60,0.9700000000000001,1,0,0,0
1,1,59.8,60,0.9966666666666666,0,0,1,0
22,5,68.6,80,0.8574999999999999,0,0,1,0
10,6,37.5,80,0.46875,1,0,0,1
19,5,28.6,60,0.4766666666666667,0,1,0,1
8,4,79.1,80,0.9887499999999999,0,1,0,0
7,5,58.7,60,0.9783333333333334,0,1,0,0
13,7,24.9,50,0.498,1,0,0,1
21,5,39.2,60,0.6533333333333334,0,0,0,1
3,7,50.8,60,0.8466666666666666,1,0,1,0
12,3,18.3,60,0.305,0,0,0,2
22,1,46.1,60,0.7683333333333333,0,0,1,0
17,1,12.3,30,0.41000000000000003,0,1,0,2
18,4,15.6,60,0.26,0,1,0,2
2,6,48.1,60,0.8016666666666666,1,0,1,0
12,5,24.1,30,0.8033333333333333,0,0,0,0
10,4,47.5,50,0.95,0,0,0,0
16,6,49.2,60,0.8200000000000001,1,0,0,0
23,5,44.1,50,0.882,0,0,1,0
6,7,74.0,80,0.925,1,0,0,0
18,3,28.2,50,0.564,0,1,0,1
11,3,20.6,60,0.3433333333333334,0,0,0,2
11,5,25.5,60,0.425,0,0,0,2
4,1,48.9,60,0.815,0,0,1,0
22,1,46.7,60,0.7783333333333334,0,0,1,0
0,7,53.9,60,0.8983333333333333,1,0,1,0
7,4,20.9,100,0.209,0,1,0,2
8,7,54.7,60,0.9116666666666667,1,1,0,0
18,3,8.8,60,0.14666666666666667,0,1,0,2
8,1,31.7,50,0.634,0,1,0,1
20,2,44.2,60,0.7366666666666667,0,0,0,1
1,1,51.7,60,0.8616666666666667,0,0,1,0
22,5,41.1,60,0.685,0,0,1,1
22,1,28.9,30,0.9633333333333333,0,0,1,0
3,3,29.0,30,0.9666666666666667,0,0,1,0
11,2,37.1,60,0.6183333333333334,0,0,0,1
8,7,13.6,30,0.4533333333333333,1,1,0,1
21,4,52.7,60,0.8783333333333334,0,0,0,0
4,7,27.5,50,0.55,1,0,1,1
19,3,9.5,30,0.31666666666666665,0,1,0,2
10,7,16.2,30,0.5399999999999999,1,0,0,1
5,5,53.7,60,0.895,0,0,1,0
5,1,49.7,50,0.9940000000000001,0,0,1,0
23,3,46.5,60,0.775,0,0,1,0
13,6,56.5,100,0.565,1,0,0,1
5,3,39.1,50,0.782,0,0,1,0
4,2,51.7,60,0.8616666666666667,0,0,1,0
17,4,54.1,60,0.9016666666666667,0,1,0,0
19,1,36.4,60,0.6066666666666667,0,1,0,1
4,1,56.4,60,0.94,0,0,1,0
22,3,55.6,60,0.9266666666666666,0,0,1,0
16,5,59.5,60,0.9916666666666667,0,0,0,0
6,4,29.4,60,0.49,0,0,0,1
2,5,51.0,60,0.85,0,0,1,0
16,3,49.2,80,0.615,0,0,0,1
18,5,55.8,80,0.6975,0,1,0,1
4,4,89.8,100,0.898,0,0,1,0
1,3,45.6,60,0.76,0,0,1,0
21,3,55.2,60,0.92,0,0,0,0
8,6,12.7,30,0.4233333333333333,1,1,0,2
15,4,18.0,60,0.3,0,0,0,2
3,6,51.6,60,0.86,1,0,1,0
10,1,42.6,60,0.7100000000000001,0,0,0,1
17,4,23.6,80,0.29500000000000004,0,1,0,2
12,3,48.2,50,0.9640000000000001,0,0,0,0
16,1,9.7,80,0.12125,0,0,0,2
5,3,54.4,60,0.9066666666666666,0,0,1,0
22,2,55.8,60,0.9299999999999999,0,0,1,0
21,2,42.0,50,0.84,0,0,0,0
1,1,49.5,50,0.99,0,0,1,0
14,3,69.0,100,0.69,0,0,0,1
6,6,20.8,30,0.6933333333333334,1,0,0,1
0,7,33.6,50,0.672,1,0,1,1
8,7,38.4,80,0.48,1,1,0,1
22,1,73.7,80,0.92125,0,0,1,0
5,3,57.1,60,0.9516666666666667,0,0,1,0
12,2,29.0,30,0.9666666666666667,0,0,0,0
1,1,55.6,60,0.9266666666666666,0,0,1,0
1,2,64.2,80,0.8025,0,0,1,0
1,7,47.3,60,0.7883333333333333,1,0,1,0
22,3,28.8,30,0.9600000000000001,0,0,1,0
16,1,40.2,50,0.804,0,0,0,0
18,1,52.7,80,0.6587500000000001,0,1,0,1
9,2,25.3,80,0.31625000000000003,0,1,0,2
17,6,49.5,60,0.825,1,1,0,0
14,6,58.8,60,0.98,1,0,0,0
7,2,42.3,60,0.705,0,1,0,1
23,2,68.0,80,0.85,0,0,1,0
16,2,49.8,80,0.6224999999999999,0,0,0,1
16,7,32.9,60,0.5483333333333333,1,0,0,1
11,1,11.4,30,0.38,0,0,0,2
10,3,17.7,60,0.295,0,0,0,2
17,7,55.9,100,0.5589999999999999,1,1,0,1
23,4,45.6,60,0.76,0,0,1,0
0,4,45.1,60,0.7516666666666667,0,0,1,0
22,5,79.3,80,0.99125,0,0,1,0
11,3,53.6,100,0.536,0,0,0,1
20,4,37.1,80,0.46375,0,0,0,1
4,6,85.8,100,0.858,1,0,1,0
14,2,27.1,60,0.4516666666666667,0,0,0,1
6,1,28.5,50,0.57,0,0,0,1
1,1,58.2,60,0.9700000000000001,0,0,1,0
0,4,49.4,60,0.8233333333333334,0,0,1,0
23,7,36.6,50,0.732,1,0,1,1
11,5,37.1,60,0.6183333333333334,0,0,0,1
20,4,20.7,30,0.69,0,0,0,1
21,2,55.3,60,0.9216666666666666,0,0,0,0
12,5,34.1,100,0.341,0,0,0,2
13,2,16.4,30,0.5466666666666666,0,0,0,1
11,6,19.9,50,0.39799999999999996,1,0,0,2
5,1,56.6,60,0.9433333333333334,0,0,1,0
7,4,45.5,100,0.455,0,1,0,1
14,6,51.5,60,0.8583333333333333,1,0,0,0
20,1,67.0,80,0.8375,0,0,0,0
11,3,42.3,60,0.705,0,0,0,1
18,1,18.4,60,0.30666666666666664,0,1,0,2
23,5,46.0,60,0.7666666666666667,0,0,1,0
8,5,17.7,50,0.354,0,1,0,2
22,4,21.7,30,0.7233333333333333,0,0,1,1
4,4,28.3,60,0.4716666666666667,0,0,1,1
8,1,24.5,50,0.49,0,1,0,1
9,3,41.1,60,0.685,0,1,0,1
7,4,11.3,60,0.18833333333333335,0,1,0,2
16,7,86.7,100,0.867,1,0,0,0
14,7,62.9,80,0.78625,1,0,0,0
4,4,47.0,60,0.7833333333333333,0,0,1,0
17,6,52.5,60,0.875,1,1,0,0
20,6,28.6,30,0.9533333333333334,1,0,0,0
17,6,27.8,60,0.4633333333333333,1,1,0,1
5,5,38.7,60,0.645,0,0,1,1
16,3,14.6,80,0.1825,0,0,0,2
5,1,36.9,50,0.738,0,0,1,1
11,3,9.6,60,0.16,0,0,0,2
5,6,28.7,30,0.9566666666666667,1,0,1,0
1,1,99.4,100,0.9940000000000001,0,0,1,0
22,5,66.2,80,0.8275,0,0,1,0
0,3,53.5,60,0.8916666666666667,0,0,1,0
21,5,45.1,60,0.7516666666666667,0,0,0,0
4,4,90.9,100,0.909,0,0,1,0
23,2,55.9,60,0.9316666666666666,0,0,1,0
21,5,48.7,50,0.9740000000000001,0,0,0,0
12,2,99.8,100,0.998,0,0,0,0
1,3,52.2,60,0.87,0,0,1,0
2,4,22.9,30,0.7633333333333333,0,0,1,0
6,3,36.9,50,0.738,0,0,0,1
19,5,10.9,60,0.18166666666666667,0,1,0,2
12,4,25.7,50,0.514,0,0,0,1
8,5,21.0,30,0.7,0,1,0,1
12,1,57.7,100,0.5770000000000001,0,0,0,1
18,5,11.8,60,0.19666666666666668,0,1,0,2
6,7,56.6,100,0.5660000000000001,1,0,0,1
13,4,22.8,80,0.28500000000000003,0,0,0,2
12,5,44.9,50,0.898,0,0,0,0
13,4,49.4,60,0.8233333333333334,0,0,0,0
2,5,57.4,60,0.9566666666666667,0,0,1,0
3,2,76.5,80,0.95625,0,0,1,0
1,1,49.4,60,0.8233333333333334,0,0,1,0
12,5,36.3,60,0.605,0,0,0,1
21,6,5.3,30,0.17666666666666667,1,0,0,2
5,5,45.0,60,0.75,0,0,1,0
14,4,91.6,100,0.9159999999999999,0,0,0,0
14,1,43.0,80,0.5375,0,0,0,1
4,1,39.1,50,0.782,0,0,1,0
15,3,80.5,100,0.805,0,0,0,0
21,5,50.7,60,0.8450000000000001,0,0,0,0
22,7,65.4,80,0.8175000000000001,1,0,1,0
8,1,81.6,100,0.816,0,1,0,0
3,4,53.4,60,0.89,0,0,1,0
16,1,79.4,80,0.9925,0,0,0,0
23,2,51.9,60,0.865,0,0,1,0
0,7,42.0,60,0.7,1,0,1,1
16,2,66.9,80,0.83625,0,0,0,0
5,4,65.3,100,0.653,0,0,1,1
11,7,32.4,60,0.5399999999999999,1,0,0,1
14,4,44.9,80,0.56125,0,0,0,1
18,3,74.1,80,0.9262499999999999,0,1,0,0
13,2,55.6,60,0.9266666666666666,0,0,0,0
18,6,7.1,60,0.11833333333333333,1,1,0,2
0,5,40.2,80,0.5025000000000001,0,0,1,1
2,3,58.0,60,0.9666666666666667,0,0,1,0
19,7,58.1,60,0.9683333333333334,1,1,0,0
18,1,50.5,80,0.63125,0,1,0,1
2,2,36.3,80,0.45375,0,0,1,1
15,4,42.4,50,0.848,0,0,0,0
4,3,34.5,60,0.575,0,0,1,1
13,5,16.0,30,0.5333333333333333,0,0,0,1
15,1,45.8,60,0.7633333333333333,0,0,0,0
14,7,64.5,100,0.645,1,0,0,1
14,7,33.4,50,0.6679999999999999,1,0,0,1
23,4,42.9,50,0.858,0,0,1,0
7,2,8.1,60,0.13499999999999998,0,1,0,2
4,4,55.6,60,0.9266666666666666,0,0,1,0
8,1,31.6,60,0.5266666666666667,0,1,0,1
9,2,32.0,60,0.5333333333333333,0,1,0,1
9,6,76.9,100,0.769,1,1,0,0
14,6,19.6,30,0.6533333333333334,1,0,0,1
18,4,9.5,30,0.31666666666666665,0,1,0,2
21,3,34.8,60,0.58,0,0,0,1
15,6,54.0,60,0.9,1,0,0,0
3,1,45.2,50,0.904,0,0,1,0
21,3,71.8,80,0.8975,0,0,0,0
1,6,45.2,60,0.7533333333333334,1,0,1,0
3,7,49.5,50,0.99,1,0,1,0
3,1,73.4,80,0.9175000000000001,0,0,1,0
15,6,42.9,50,0.858,1,0,0,0
2,4,46.1,80,0.57625,0,0,1,1
14,4,27.2,60,0.4533333333333333,0,0,0,1
23,4,48.6,60,0.81,0,0,1,0
19,5,21.1,30,0.7033333333333334,0,1,0,1
19,7,13.6,30,0.4533333333333333,1,1,0,1
10,2,28.0,30,0.9333333333333333,0,0,0,0
0,3,50.0,60,0.8333333333333334,0,0,1,0
17,6,31.9,60,0.5316666666666666,1,1,0,1
23,6,48.8,60,0.8133333333333332,1,0,1,0
13,3,40.8,80,0.51,0,0,0,1
10,1,24.7,60,0.4116666666666667,0,0,0,2
4,1,25.6,30,0.8533333333333334,0,0,1,0
10,3,68.9,80,0.8612500000000001,0,0,0,0
10,5,70.0,80,0.875,0,0,0,0
10,2,26.3,30,0.8766666666666667,0,0,0,0
10,6,24.6,30,0.8200000000000001,1,0,0,0
2,6,29.4,30,0.98,1,0,1,0
20,5,27.5,30,0.9166666666666666,0,0,0,0
6,3,38.6,80,0.48250000000000004,0,0,0,1
4,1,52.7,60,0.8783333333333334,0,0,1,0
22,1,57.4,60,0.9566666666666667,0,0,1,0
12,7,18.4,50,0.368,1,0,0,2
13,2,48.5,60,0.8083333333333333,0,0,0,0
16,5,95.7,100,0.9570000000000001,0,0,0,0
6,6,42.4,60,0.7066666666666667,1,0,0,1
11,7,27.2,60,0.4533333333333333,1,0,0,1
8,5,20.7,60,0.345,0,1,0,2
19,7,39.9,60,0.6649999999999999,1,1,0,1
20,2,32.2,60,0.5366666666666667,0,0,0,1
21,1,56.0,60,0.9333333333333333,0,0,0,0
18,6,30.9,50,0.618,1,1,0,1
1,1,39.6,50,0.792,0,0,1,0
14,6,33.4,50,0.6679999999999999,1,0,0,1
23,3,51.4,60,0.8566666666666667,0,0,1,0
18,3,9.5,60,0.15833333333333333,0,1,0,2
17,2,18.9,60,0.315,0,1,0,2
15,7,24.2,50,0.484,1,0,0,1
6,2,56.5,60,0.9416666666666667,0,0,0,0
2,7,29.1,80,0.36375,1,0,1,2
16,3,26.7,30,0.89,0,0,0,0
20,3,45.1,60,0.7516666666666667,0,0,0,0
8,1,10.2,60,0.16999999999999998,0,1,0,2
11,3,29.9,50,0.598,0,0,0,1
18,2,6.3,60,0.105,0,1,0,2
13,6,49.2,60,0.8200000000000001,1,0,0,0
1,6,56.1,60,0.935,1,0,1,0
14,4,15.2,60,0.2533333333333333,0,0,0,2
12,5,98.6,100,0.986,0,0,0,0
9,5,55.9,60,0.9316666666666666,0,1,0,0
7,3,44.6,80,0.5575,0,1,0,1
10,2,13.7,60,0.22833333333333333,0,0,0,2
1,6,72.6,80,0.9075,1,0,1,0
1,5,44.8,50,0.8959999999999999,0,0,1,0
8,2,13.1,60,0.21833333333333332,0,1,0,2
19,1,19.7,30,0.6566666666666666,0,1,0,1
6,4,17.7,50,0.354,0,0,0,2
16,7,40.5,60,0.675,1,0,0,1
9,5,12.3,60,0.20500000000000002,0,1,0,2
12,3,41.4,50,0.828,0,0,0,0
7,5,20.4,50,0.408,0,1,0,2
11,3,46.2,50,0.924,0,0,0,0
11,3,54.5,80,0.68125,0,0,0,1
5,1,31.7,50,0.634,0,0,1,1
0,6,46.2,50,0.924,1,0,1,0
12,3,54.9,60,0.9149999999999999,0,0,0,0
14,7,13.1,80,0.16375,1,0,0,2
19,2,14.8,60,0.24666666666666667,0,1,0,2
0,5,48.5,50,0.97,0,0,1,0
2,7,55.0,60,0.9166666666666666,1,0,1,0
5,1,43.5,80,0.54375,0,0,1,1
6,5,41.8,80,0.5225,0,0,0,1
21,5,30.0,30,1.0,0,0,0,0
10,5,55.9,80,0.69875,0,0,0,1
12,3,42.6,50,0.852,0,0,0,0
16,3,28.4,30,0.9466666666666667,0,0,0,0
10,6,31.0,60,0.5166666666666667,1,0,0,1
5,7,75.2,80,0.9400000000000001,1,0,1,0
22,7,59.1,60,0.985,1,0,1,0
4,5,46.0,60,0.7666666666666667,0,0,1,0
18,3,37.1,60,0.6183333333333334,0,1,0,1
15,3,67.4,80,0.8425,0,0,0,0
4,7,21.7,50,0.434,1,0,1,2
3,6,49.8,80,0.6224999999999999,1,0,1,1
10,3,77.3,80,0.9662499999999999,0,0,0,0
23,7,76.4,100,0.764,1,0,1,0
8,6,45.4,50,0.9079999999999999,1,1,0,0
3,1,43.2,50,0.8640000000000001,0,0,1,0
14,1,60.4,80,0.755,0,0,0,0
15,1,41.6,60,0.6933333333333334,0,0,0,1
21,4,87.2,100,0.872,0,0,0,0
12,5,19.1,60,0.31833333333333336,0,0,0,2
21,2,71.9,80,0.89875,0,0,0,0
19,5,54.1,60,0.9016666666666667,0,1,0,0
19,7,40.9,80,0.51125,1,1,0,1
12,3,74.7,80,0.9337500000000001,0,0,0,0
23,7,40.2,50,0.804,1,0,1,0
16,7,43.4,60,0.7233333333333333,1,0,0,1
20,6,28.8,50,0.5760000000000001,1,0,0,1
11,1,12.2,60,0.2033333333333333,0,0,0,2
13,3,39.9,80,0.49874999999999997,0,0,0,1
19,2,24.9,50,0.498,0,1,0,1
4,4,99.2,100,0.992,0,0,1,0
7,4,10.5,50,0.21,0,1,0,2
7,5,26.2,50,0.524,0,1,0,1
16,4,48.2,60,0.8033333333333333,0,0,0,0
21,4,48.3,50,0.966,0,0,0,0
23,7,19.6,30,0.6533333333333334,1,0,1,1
13,6,29.8,50,0.596,1,0,0,1
13,3,29.1,30,0.9700000000000001,0,0,0,0
0,7,92.9,100,0.929,1,0,1,0
20,2,37.0,60,0.6166666666666667,0,0,0,1
18,4,16.5,80,0.20625,0,1,0,2
22,7,43.4,60,0.7233333333333333,1,0,1,1
20,2,36.7,60,0.6116666666666667,0,0,0,1
5,3,57.0,60,0.95,0,0,1,0
15,7,35.9,60,0.5983333333333333,1,0,0,1
7,5,21.9,80,0.27375,0,1,0,2
12,1,14.2,60,0.23666666666666666,0,0,0,2
6,1,62.6,80,0.7825,0,0,0,0
23,4,29.6,50,0.5920000000000001,0,0,1,1
21,2,61.7,100,0.617,0,0,0,1
22,6,47.5,50,0.95,1,0,1,0
2,3,53.6,60,0.8933333333333333,0,0,1,0
4,6,81.3,100,0.813,1,0,1,0
20,2,40.1,60,0.6683333333333333,0,0,0,1
12,7,50.6,60,0.8433333333333334,1,0,0,0
16,6,25.4,50,0.508,1,0,0,1
23,2,36.2,50,0.7240000000000001,0,0,1,1
7,3,13.0,50,0.26,0,1,0,2
16,4,69.7,80,0.8712500000000001,0,0,0,0
17,7,21.7,60,0.36166666666666664,1,1,0,2
13,6,40.3,60,0.6716666666666666,1,0,0,1
15,7,55.1,60,0.9183333333333333,1,0,0,0
19,2,50.5,80,0.63125,0,1,0,1
0,1,47.4,60,0.7899999999999999,0,0,1,0
2,3,45.7,60,0.7616666666666667,0,0,1,0
0,5,41.0,50,0.82,0,0,1,0
11,1,45.8,60,0.7633333333333333,0,0,0,0
6,3,53.3,60,0.8883333333333333,0,0,0,0
20,5,18.0,80,0.225,0,0,0,2
5,5,61.8,80,0.7725,0,0,1,0
16,3,50.0,60,0.8333333333333334,0,0,0,0
1,7,27.0,30,0.9,1,0,1,0
5,3,45.2,50,0.904,0,0,1,0
4,3,58.7,60,0.9783333333333334,0,0,1,0
3,2,53.1,60,0.885,0,0,1,0
3,7,31.8,60,0.53,1,0,1,1
13,3,79.8,80,0.9974999999999999,0,0,0,0
0,7,25.4,100,0.254,1,0,1,2
5,4,46.4,50,0.9279999999999999,0,0,1,0
23,7,87.5,100,0.875,1,0,1,0
23,6,9.6,30,0.32,1,0,1,2
7,2,24.2,50,0.484,0,1,0,1
15,1,27.5,30,0.9166666666666666,0,0,0,0
14,2,75.1,80,0.93875,0,0,0,0
3,7,43.0,50,0.86,1,0,1,0
1,6,96.6,100,0.966,1,0,1,0
19,6,24.2,50,0.484,1,1,0,1
14,2,28.8,50,0.5760000000000001,0,0,0,1
20,1,45.7,60,0.7616666666666667,0,0,0,0
11,7,14.4,30,0.48000000000000004,1,0,0,1
2,6,51.2,60,0.8533333333333334,1,0,1,0
9,1,81.3,100,0.813,0,1,0,0
4,2,46.8,60,0.7799999999999999,0,0,1,0
12,6,44.9,50,0.898,1,0,0,0
0,4,30.9,60,0.515,0,0,1,1
6,2,49.0,80,0.6125,0,0,0,1
21,4,99.2,100,0.992,0,0,0,0
20,7,37.8,50,0.7559999999999999,1,0,0,0
0,7,14.8,50,0.29600000000000004,1,0,1,2
9,6,37.8,80,0.4725,1,1,0,1
2,5,61.0,80,0.7625,0,0,1,0
21,2,27.7,50,0.5539999999999999,0,0,0,1
12,6,47.1,60,0.785,1,0,0,0
14,6,15.5,80,0.19375,1,0,0,2
23,3,23.1,30,0.77,0,0,1,0
22,1,32.4,60,0.5399999999999999,0,0,1,1
5,6,50.0,60,0.8333333333333334,1,0,1,0
13,6,14.5,30,0.48333333333333334,1,0,0,1
18,7,47.2,100,0.47200000000000003,1,1,0,1
18,4,23.0,60,0.38333333333333336,0,1,0,2
7,5,25.6,60,0.4266666666666667,0,1,0,2
2,4,54.9,60,0.9149999999999999,0,0,1,0
15,7,47.4,60,0.7899999999999999,1,0,0,0
15,6,44.0,50,0.88,1,0,0,0
1,7,29.8,30,0.9933333333333334,1,0,1,0
8,7,36.0,50,0.72,1,1,0,1
18,7,34.0,60,0.5666666666666667,1,1,0,1
9,6,51.4,60,0.8566666666666667,1,1,0,0
1,3,60.2,80,0.7525000000000001,0,0,1,0
23,2,47.1,50,0.9420000000000001,0,0,1,0
5,2,70.3,80,0.8787499999999999,0,0,1,0
4,2,45.6,60,0.76,0,0,1,0
2,2,12.9,30,0.43,0,0,1,2
3,1,73.4,80,0.9175000000000001,0,0,1,0
5,3,94.6,100,0.946,0,0,1,0
10,5,90.1,100,0.9009999999999999,0,0,0,0
22,6,59.1,60,0.985,1,0,1,0
22,2,49.6,60,0.8266666666666667,0,0,1,0
22,6,71.3,80,0.89125,1,0,1,0
14,1,52.0,80,0.65,0,0,0,1
22,7,27.0,30,0.9,1,0,1,0
1,2,47.9,50,0.958,0,0,1,0
12,7,48.4,50,0.968,1,0,0,0
11,1,45.6,60,0.76,0,0,0,0
16,3,53.7,60,0.895,0,0,0,0
5,1,60.8,80,0.76,0,0,1,0
11,4,17.1,60,0.28500000000000003,0,0,0,2
14,7,70.3,80,0.8787499999999999,1,0,0,0
7,4,22.4,60,0.3733333333333333,0,1,0,2
16,4,10.6,80,0.1325,0,0,0,2
21,5,49.2,60,0.8200000000000001,0,0,0,0
13,2,21.5,60,0.35833333333333334,0,0,0,2
2,7,47.4,60,0.7899999999999999,1,0,1,0
9,5,12.2,80,0.1525,0,1,0,2
19,1,11.9,50,0.23800000000000002,0,1,0,2
15,2,25.4,30,0.8466666666666666,0,0,0,0
22,2,40.7,50,0.8140000000000001,0,0,1,0
21,4,64.6,80,0.8074999999999999,0,0,0,0
18,6,34.5,50,0.69,1,1,0,1
8,4,45.7,50,0.914,0,1,0,0
10,5,29.9,30,0.9966666666666666,0,0,0,0
12,2,29.0,60,0.48333333333333334,0,0,0,1
9,6,35.8,60,0.5966666666666666,1,1,0,1
18,7,34.2,60,0.5700000000000001,1,1,0,1
1,2,57.8,60,0.9633333333333333,0,0,1,0
13,7,68.9,100,0.6890000000000001,1,0,0,1
22,5,76.4,80,0.9550000000000001,0,0,1,0
16,1,54.8,60,0.9133333333333333,0,0,0,0
20,2,47.9,80,0.59875,0,0,0,1
18,2,49.5,50,0.99,0,1,0,0
2,4,36.2,50,0.7240000000000001,0,0,1,1
16,2,49.1,60,0.8183333333333334,0,0,0,0
9,4,64.2,100,0.642,0,1,0,1
21,2,25.6,50,0.512,0,0,0,1
19,2,6.5,30,0.21666666666666667,0,1,0,2
1,4,45.2,60,0.7533333333333334,0,0,1,0
1,4,55.1,60,0.9183333333333333,0,0,1,0
3,6,49.6,50,0.992,1,0,1,0
14,4,45.4,60,0.7566666666666666,0,0,0,0
20,2,29.2,60,0.48666666666666664,0,0,0,1
1,2,55.7,60,0.9283333333333333,0,0,1,0
3,6,58.5,60,0.975,1,0,1,0
0,5,32.1,60,0.535,0,0,1,1
12,3,6.3,30,0.21,0,0,0,2
18,6,55.3,60,0.9216666666666666,1,1,0,0
16,5,62.5,80,0.78125,0,0,0,0
14,4,59.5,100,0.595,0,0,0,1
4,5,65.8,80,0.8225,0,0,1,0
13,7,66.5,80,0.83125,1,0,0,0
18,6,20.9,30,0.6966666666666667,1,1,0,1
19,3,30.1,80,0.37625000000000003,0,1,0,2
21,2,48.6,60,0.81,0,0,0,0
22,1,47.7,60,0.795,0,0,1,0
14,6,42.2,60,0.7033333333333334,1,0,0,1
2,4,49.9,60,0.8316666666666667,0,0,1,0
14,1,38.9,60,0.6483333333333333,0,0,0,1
15,3,38.6,60,0.6433333333333333,0,0,0,1
11,4,57.1,60,0.9516666666666667,0,0,0,0
18,6,94.5,100,0.945,1,1,0,0
12,4,69.8,80,0.8724999999999999,0,0,0,0
12,6,44.4,50,0.888,1,0,0,0
15,3,36.4,60,0.6066666666666667,0,0,0,1
19,3,20.9,80,0.26125,0,1,0,2
22,6,29.5,30,0.9833333333333333,1,0,1,0
1,3,45.0,50,0.9,0,0,1,0
16,2,14.3,50,0.28600000000000003,0,0,0,2
19,6,78.2,80,0.9775,1,1,0,0
3,1,66.7,80,0.83375,0,0,1,0
18,5,24.9,60,0.415,0,1,0,2
12,1,79.3,80,0.99125,0,0,0,0
3,3,82.7,100,0.8270000000000001,0,0,1,0
21,1,44.8,50,0.8959999999999999,0,0,0,0
14,1,50.1,60,0.8350000000000001,0,0,0,0
3,6,50.0,50,1.0,1,0,1,0
15,6,29.0,60,0.48333333333333334,1,0,0,1
23,1,54.9,60,0.9149999999999999,0,0,1,0
21,4,51.2,60,0.8533333333333334,0,0,0,0
6,6,39.8,50,0.7959999999999999,1,0,0,0
6,5,10.1,50,0.20199999999999999,0,0,0,2
11,5,54.3,60,0.9049999999999999,0,0,0,0
21,2,42.0,50,0.84,0,0,0,0
2,5,44.1,50,0.882,0,0,1,0
10,3,47.6,60,0.7933333333333333,0,0,0,0
15,3,44.9,50,0.898,0,0,0,0
16,7,29.9,100,0.299,1,0,0,2
3,6,27.2,30,0.9066666666666666,1,0,1,0
3,2,55.2,60,0.92,0,0,1,0
22,2,38.0,50,0.76,0,0,1,0
21,3,43.3,60,0.7216666666666666,0,0,0,1
9,1,15.5,50,0.31,0,1,0,2
6,1,64.5,80,0.80625,0,0,0,0
10,6,27.4,60,0.45666666666666667,1,0,0,1
11,6,43.2,50,0.8640000000000001,1,0,0,0
5,5,79.9,100,0.799,0,0,1,0
10,4,43.8,50,0.8759999999999999,0,0,0,0
23,6,12.9,50,0.258,1,0,1,2
22,1,29.0,30,0.9666666666666667,0,0,1,0
6,4,52.2,60,0.87,0,0,0,0
12,6,20.1,30,0.67,1,0,0,1
9,3,51.6,60,0.86,0,1,0,0
14,3,42.3,50,0.846,0,0,0,0
5,4,52.2,60,0.87,0,0,1,0
7,7,37.6,50,0.752,1,1,0,0
2,5,59.9,60,0.9983333333333333,0,0,1,0
8,4,35.8,50,0.716,0,1,0,1
6,6,22.3,80,0.27875,1,0,0,2
11,1,34.9,60,0.5816666666666667,0,0,0,1
16,1,37.1,100,0.371,0,0,0,2
13,6,36.8,50,0.736,1,0,0,1
14,5,84.6,100,0.846,0,0,0,0
13,4,27.5,30,0.9166666666666666,0,0,0,0
18,3,25.8,80,0.3225,0,1,0,2
0,4,49.5,50,0.99,0,0,1,0
7,6,67.9,80,0.8487500000000001,1,1,0,0
12,5,28.5,30,0.95,0,0,0,0
1,2,58.8,60,0.98,0,0,1,0
14,5,47.3,50,0.946,0,0,0,0
2,7,34.5,50,0.69,1,0,1,1
11,1,37.7,60,0.6283333333333334,0,0,0,1
23,6,26.5,50,0.53,1,0,1,1
0,3,47.7,60,0.795,0,0,1,0
4,2,69.2,80,0.865,0,0,1,0
5,5,45.9,60,0.765,0,0,1,0
15,3,47.4,60,0.7899999999999999,0,0,0,0
22,6,35.0,80,0.4375,1,0,1,2
0,6,52.3,60,0.8716666666666666,1,0,1,0
22,6,81.1,100,0.8109999999999999,1,0,1,0
20,1,40.3,50,0.8059999999999999,0,0,0,0
23,3,69.5,80,0.86875,0,0,1,0
15,4,56.2,60,0.9366666666666668,0,0,0,0
20,2,51.6,60,0.86,0,0,0,0
19,5,92.4,100,0.924,0,1,0,0
1,1,58.6,60,0.9766666666666667,0,0,1,0
5,6,29.6,30,0.9866666666666667,1,0,1,0
22,5,54.4,60,0.9066666666666666,0,0,1,0
16,4,58.4,60,0.9733333333333333,0,0,0,0
3,1,18.5,30,0.6166666666666667,0,0,1,1
15,2,37.6,60,0.6266666666666667,0,0,0,1
21,3,39.6,50,0.792,0,0,0,0
15,4,68.7,80,0.85875,0,0,0,0
12,6,57.5,60,0.9583333333333334,1,0,0,0
10,7,27.4,80,0.34249999999999997,1,0,0,2
17,4,9.2,30,0.30666666666666664,0,1,0,2
3,7,65.9,80,0.8237500000000001,1,0,1,0
16,7,12.8,50,0.256,1,0,0,2
19,7,43.2,60,0.7200000000000001,1,1,0,1
9,5,56.4,80,0.705,0,1,0,1
15,7,9.4,50,0.188,1,0,0,2
2,5,29.8,50,0.596,0,0,1,1
11,5,33.5,50,0.67,0,0,0,1
1,6,59.6,60,0.9933333333333334,1,0,1,0
6,5,94.5,100,0.945,0,0,0,0
22,7,14.0,60,0.23333333333333334,1,0,1,2
16,5,37.0,60,0.6166666666666667,0,0,0,1
9,7,51.4,60,0.8566666666666667,1,1,0,0
21,4,68.1,80,0.85125,0,0,0,0
18,6,20.5,50,0.41,1,1,0,2
3,7,55.6,80,0.6950000000000001,1,0,1,1
16,3,83.5,100,0.835,0,0,0,0
15,7,6.4,50,0.128,1,0,0,2
15,4,58.9,60,0.9816666666666667,0,0,0,0
6,3,78.2,80,0.9775,0,0,0,0
17,7,37.2,80,0.465,1,1,0,1
13,3,49.7,60,0.8283333333333334,0,0,0,0
2,3,79.0,80,0.9875,0,0,1,0
20,6,22.6,60,0.3766666666666667,1,0,0,2
19,6,74.1,80,0.9262499999999999,1,1,0,0
7,6,24.9,50,0.498,1,1,0,1
7,7,77.0,80,0.9625,1,1,0,0
11,7,14.3,50,0.28600000000000003,1,0,0,2
17,7,50.0,80,0.625,1,1,0,1
2,5,72.1,100,0.721,0,0,1,1
2,4,58.8,60,0.98,0,0,1,0
16,4,68.2,80,0.8525,0,0,0,0
13,2,9.9,30,0.33,0,0,0,2
3,7,49.3,50,0.986,1,0,1,0
8,2,39.2,80,0.49000000000000005,0,1,0,1
19,1,40.7,50,0.8140000000000001,0,1,0,0
13,1,43.3,50,0.866,0,0,0,0
22,7,38.3,50,0.7659999999999999,1,0,1,0
21,2,18.7,30,0.6233333333333333,0,0,0,1
19,5,24.3,60,0.405,0,1,0,2
17,2,31.8,60,0.53,0,1,0,1
22,2,93.7,100,0.937,0,0,1,0
16,7,60.0,80,0.75,1,0,0,0
18,1,23.6,60,0.39333333333333337,0,1,0,2
1,1,49.2,60,0.8200000000000001,0,0,1,0
1,7,56.3,80,0.70375,1,0,1,1
6,1,27.0,50,0.54,0,0,0,1
17,3,20.7,60,0.345,0,1,0,2
8,7,5.4,30,0.18000000000000002,1,1,0,2
22,2,42.4,50,0.848,0,0,1,0
17,6,38.8,60,0.6466666666666666,1,1,0,1
9,1,8.3,80,0.10375000000000001,0,1,0,2
1,2,24.9,30,0.83,0,0,1,0
6,6,49.9,50,0.998,1,0,0,0
19,2,6.5,30,0.21666666666666667,0,1,0,2
14,4,75.5,100,0.755,0,0,0,0
19,3,15.6,30,0.52,0,1,0,1
23,7,38.3,50,0.7659999999999999,1,0,1,0
2,6,42.8,60,0.7133333333333333,1,0,1,1
18,1,12.9,60,0.215,0,1,0,2
17,7,64.5,100,0.645,1,1,0,1
14,6,19.6,100,0.196,1,0,0,2
11,2,95.5,100,0.955,0,0,0,0
5,5,46.7,50,0.934,0,0,1,0
15,4,48.2,60,0.8033333333333333,0,0,0,0
0,4,68.8,100,0.688,0,0,1,1
22,7,41.1,50,0.8220000000000001,1,0,1,0
13,5,29.8,60,0.4966666666666667,0,0,0,1
18,2,29.8,50,0.596,0,1,0,1
5,6,63.1,80,0.7887500000000001,1,0,1,0
20,2,25.6,30,0.8533333333333334,0,0,0,0
22,7,21.2,50,0.424,1,0,1,2
0,7,29.0,60,0.48333333333333334,1,0,1,1
4,5,52.6,60,0.8766666666666667,0,0,1,0
5,7,56.5,60,0.9416666666666667,1,0,1,0
2,7,53.0,60,0.8833333333333333,1,0,1,0
6,3,57.4,80,0.7175,0,0,0,1
8,1,24.9,60,0.415,0,1,0,2
9,7,71.0,80,0.8875,1,1,0,0
16,1,41.2,50,0.8240000000000001,0,0,0,0
11,1,39.4,60,0.6566666666666666,0,0,0,1
13,3,62.2,80,0.7775000000000001,0,0,0,0
6,5,27.4,60,0.45666666666666667,0,0,0,1
0,3,24.3,30,0.81,0,0,1,0
5,1,24.7,30,0.8233333333333334,0,0,1,0
16,5,64.9,80,0.81125,0,0,0,0
23,1,53.6,60,0.8933333333333333,0,0,1,0
7,2,32.1,80,0.40125,0,1,0,2
23,2,47.5,60,0.7916666666666666,0,0,1,0
4,5,56.4,60,0.94,0,0,1,0
3,2,53.7,60,0.895,0,0,1,0
11,1,30.8,60,0.5133333333333333,0,0,0,1
22,3,27.7,30,0.9233333333333333,0,0,1,0
13,4,9.9,60,0.165,0,0,0,2
0,2,51.5,60,0.8583333333333333,0,0,1,0
23,7,55.3,80,0.6912499999999999,1,0,1,1
7,4,17.2,80,0.215,0,1,0,2
3,5,60.4,80,0.755,0,0,1,0
21,2,54.3,60,0.9049999999999999,0,0,0,0
19,7,40.7,80,0.50875,1,1,0,1
6,1,64.3,80,0.80375,0,0,0,0
19,4,19.6,80,0.24500000000000002,0,1,0,2
16,4,90.5,100,0.905,0,0,0,0
1,4,37.5,50,0.75,0,0,1,0
1,2,91.6,100,0.9159999999999999,0,0,1,0
15,4,33.5,80,0.41875,0,0,0,2
22,4,45.7,80,0.57125,0,0,1,1
18,2,26.9,100,0.26899999999999996,0,1,0,2
3,6,31.4,50,0.628,1,0,1,1
20,3,31.0,50,0.62,0,0,0,1
19,3,67.1,80,0.8387499999999999,0,1,0,0
4,3,46.7,50,0.934,0,0,1,0
20,5,41.1,50,0.8220000000000001,0,0,0,0
20,5,57.5,80,0.71875,0,0,0,1
2,7,72.0,100,0.72,1,0,1,1
11,7,46.6,50,0.932,1,0,0,0
16,3,53.5,60,0.8916666666666667,0,0,0,0
3,2,45.2,50,0.904,0,0,1,0
3,2,53.7,80,0.67125,0,0,1,1
1,6,45.3,50,0.9059999999999999,1,0,1,0
11,1,47.0,60,0.7833333333333333,0,0,0,0
3,2,75.5,80,0.94375,0,0,1,0
9,4,21.3,60,0.35500000000000004,0,1,0,2
21,5,48.7,50,0.9740000000000001,0,0,0,0
22,7,34.6,50,0.6920000000000001,1,0,1,1
11,6,6.2,60,0.10333333333333333,1,0,0,2
16,3,61.7,80,0.77125,0,0,0,0
7,5,10.8,60,0.18000000000000002,0,1,0,2
23,1,46.6,60,0.7766666666666667,0,0,1,0
11,2,33.6,50,0.672,0,0,0,1
9,2,14.2,60,0.23666666666666666,0,1,0,2
7,6,36.5,60,0.6083333333333333,1,1,0,1
0,5,42.4,50,0.848,0,0,1,0
19,3,51.2,80,0.64,0,1,0,1
23,5,68.1,80,0.85125,0,0,1,0
16,3,48.0,80,0.6,0,0,0,1
12,1,29.1,50,0.5820000000000001,0,0,0,1
18,2,43.4,80,0.5425,0,1,0,1
23,2,29.3,30,0.9766666666666667,0,0,1,0
4,2,50.1,60,0.8350000000000001,0,0,1,0
7,3,20.4,50,0.408,0,1,0,2
11,4,20.2,60,0.33666666666666667,0,0,0,2
4,7,78.2,100,0.782,1,0,1,0
7,6,77.6,80,0.97,1,1,0,0
4,3,62.6,80,0.7825,0,0,1,0
17,7,17.9,50,0.358,1,1,0,2
2,7,50.6,60,0.8433333333333334,1,0,1,0
3,3,44.3,60,0.7383333333333333,0,0,1,1
20,5,8.6,50,0.172,0,0,0,2
22,3,42.8,50,0.856,0,0,1,0
15,7,25.8,30,0.86,1,0,0,0
4,1,29.3,30,0.9766666666666667,0,0,1,0
21,4,78.7,80,0.98375,0,0,0,0
12,7,55.5,100,0.555,1,0,0,1
9,6,46.3,50,0.9259999999999999,1,1,0,0
7,5,68.1,100,0.6809999999999999,0,1,0,1
5,7,24.6,30,0.8200000000000001,1,0,1,0
11,6,65.8,100,0.6579999999999999,1,0,0,1
22,4,45.5,50,0.91,0,0,1,0
20,2,73.1,80,0.91375,0,0,0,0
1,1,47.0,60,0.7833333333333333,0,0,1,0
17,7,8.9,50,0.17800000000000002,1,1,0,2
1,2,46.8,60,0.7799999999999999,0,0,1,0
23,3,45.2,60,0.7533333333333334,0,0,1,0
5,7,34.1,60,0.5683333333333334,1,0,1,1
6,7,27.5,30,0.9166666666666666,1,0,0,0
14,7,47.9,80,0.59875,1,0,0,1
22,1,76.0,80,0.95,0,0,1,0
14,3,33.7,60,0.5616666666666668,0,0,0,1
3,3,57.9,60,0.965,0,0,1,0
22,4,25.6,30,0.8533333333333334,0,0,1,0
11,7,38.3,50,0.7659999999999999,1,0,0,0
22,4,52.5,60,0.875,0,0,1,0
4,5,47.6,60,0.7933333333333333,0,0,1,0
3,4,13.5,80,0.16875,0,0,1,2
11,5,13.0,60,0.21666666666666667,0,0,0,2
9,2,51.8,60,0.8633333333333333,0,1,0,0
9,6,36.1,60,0.6016666666666667,1,1,0,1
0,4,94.1,100,0.941,0,0,1,0
16,1,23.9,30,0.7966666666666666,0,0,0,0
19,5,19.9,100,0.19899999999999998,0,1,0,2
17,1,14.7,50,0.294,0,1,0,2
10,1,87.7,100,0.877,0,0,0,0
0,7,58.9,60,0.9816666666666667,1,0,1,0
23,6,49.2,60,0.8200000000000001,1,0,1,0
4,5,49.2,60,0.8200000000000001,0,0,1,0
0,1,50.9,60,0.8483333333333333,0,0,1,0
7,3,37.5,80,0.46875,0,1,0,1
19,4,13.0,50,0.26,0,1,0,2
15,7,50.2,60,0.8366666666666667,1,0,0,0
8,1,19.9,60,0.33166666666666667,0,1,0,2
21,7,22.1,60,0.36833333333333335,1,0,0,2
14,2,39.8,60,0.6633333333333333,0,0,0,1
6,2,44.2,50,0.884,0,0,0,0
3,5,22.9,30,0.7633333333333333,0,0,1,0
3,5,46.2,50,0.924,0,0,1,0
17,2,22.6,100,0.226,0,1,0,2
23,3,41.8,50,0.836,0,0,1,0
8,7,26.4,30,0.88,1,1,0,0
18,5,41.2,80,0.515,0,1,0,1
0,2,45.6,50,0.912,0,0,1,0
21,2,74.1,80,0.9262499999999999,0,0,0,0
6,1,17.9,60,0.2983333333333333,0,0,0,2
1,7,48.9,60,0.815,1,0,1,0
8,3,49.9,80,0.62375,0,1,0,1
17,5,23.1,60,0.385,0,1,0,2
11,2,31.8,60,0.53,0,0,0,1
19,5,25.4,30,0.8466666666666666,0,1,0,0
0,7,49.8,60,0.83,1,0,1,0
17,2,14.4,60,0.24000000000000002,0,1,0,2
9,7,10.9,60,0.18166666666666667,1,1,0,2
8,7,69.9,80,0.87375,1,1,0,0
1,6,11.7,60,0.19499999999999998,1,0,1,2
1,4,51.3,60,0.855,0,0,1,0
2,3,23.6,50,0.47200000000000003,0,0,1,1
11,5,36.5,60,0.6083333333333333,0,0,0,1
3,2,40.2,50,0.804,0,0,1,0
4,2,23.5,30,0.7833333333333333,0,0,1,0
5,4,68.9,80,0.8612500000000001,0,0,1,0
4,6,51.5,60,0.8583333333333333,1,0,1,0
12,4,72.9,80,0.9112500000000001,0,0,0,0
3,1,22.6,30,0.7533333333333334,0,0,1,0
19,2,21.6,60,0.36000000000000004,0,1,0,2
14,3,68.9,80,0.8612500000000001,0,0,0,0
23,5,10.6,60,0.17666666666666667,0,0,1,2
20,5,9.2,60,0.15333333333333332,0,0,0,2
7,6,52.1,60,0.8683333333333334,1,1,0,0
4,2,36.9,60,0.615,0,0,1,1
9,4,48.5,60,0.8083333333333333,0,1,0,0
6,5,52.6,60,0.8766666666666667,0,0,0,0
1,2,49.5,60,0.825,0,0,1,0
12,3,45.3,50,0.9059999999999999,0,0,0,0
5,2,68.8,80,0.86,0,0,1,0
16,5,31.6,60,0.5266666666666667,0,0,0,1
17,7,6.4,50,0.128,1,1,0,2
4,6,49.0,60,0.8166666666666667,1,0,1,0
15,4,62.1,80,0.77625,0,0,0,0
2,2,69.3,80,0.86625,0,0,1,0
4,7,56.1,60,0.935,1,0,1,0
12,3,35.5,50,0.71,0,0,0,1
5,5,95.9,100,0.9590000000000001,0,0,1,0
15,7,23.5,60,0.39166666666666666,1,0,0,2
18,7,82.0,100,0.82,1,1,0,0
19,3,10.4,30,0.3466666666666667,0,1,0,2
20,7,12.2,100,0.122,1,0,0,2
10,7,29.2,60,0.48666666666666664,1,0,0,1
6,1,76.0,100,0.76,0,0,0,0
18,2,20.5,80,0.25625,0,1,0,2
4,1,58.9,60,0.9816666666666667,0,0,1,0
9,2,7.3,60,0.12166666666666666,0,1,0,2
5,1,95.4,100,0.9540000000000001,0,0,1,0
20,5,45.9,60,0.765,0,0,0,0
4,6,45.2,60,0.7533333333333334,1,0,1,0
2,4,34.7,80,0.43375,0,0,1,2
10,5,47.6,80,0.595,0,0,0,1
5,6,86.2,100,0.862,1,0,1,0
6,6,18.9,50,0.37799999999999995,1,0,0,2
23,4,54.5,60,0.9083333333333333,0,0,1,0
15,1,18.6,30,0.62,0,0,0,1
15,4,38.2,50,0.764,0,0,0,0
22,1,61.0,80,0.7625,0,0,1,0
5,7,67.0,80,0.8375,1,0,1,0
23,5,27.2,30,0.9066666666666666,0,0,1,0
7,7,39.0,60,0.65,1,1,0,1
8,3,40.2,60,0.67,0,1,0,1
0,7,46.6,60,0.7766666666666667,1,0,1,0
2,6,56.7,60,0.9450000000000001,1,0,1,0
17,7,47.5,80,0.59375,1,1,0,1
23,4,59.4,60,0.99,0,0,1,0
19,5,39.4,60,0.6566666666666666,0,1,0,1
10,6,52.3,60,0.8716666666666666,1,0,0,0
23,7,17.6,100,0.17600000000000002,1,0,1,2
7,3,29.7,60,0.495,0,1,0,1
1,3,78.2,80,0.9775,0,0,1,0
4,3,49.8,50,0.996,0,0,1,0
8,2,7.7,30,0.25666666666666665,0,1,0,2
11,7,78.9,80,0.9862500000000001,1,0,0,0
1,1,53.2,60,0.8866666666666667,0,0,1,0
20,4,43.4,50,0.868,0,0,0,0
2,6,23.3,30,0.7766666666666667,1,0,1,0
18,1,12.7,50,0.254,0,1,0,2
12,4,38.0,80,0.475,0,0,0,1
19,5,27.8,50,0.556,0,1,0,1
1,5,37.7,50,0.754,0,0,1,0
21,2,17.6,60,0.29333333333333333,0,0,0,2
8,7,92.3,100,0.9229999999999999,1,1,0,0
13,6,33.3,100,0.33299999999999996,1,0,0,2
14,3,75.6,80,0.945,0,0,0,0
4,2,51.5,60,0.8583333333333333,0,0,1,0
22,4,59.0,60,0.9833333333333333,0,0,1,0
9,3,17.5,50,0.35,0,1,0,2
0,4,29.3,30,0.9766666666666667,0,0,1,0
17,6,40.8,60,0.6799999999999999,1,1,0,1
14,5,23.9,50,0.478,0,0,0,1
6,3,53.9,60,0.8983333333333333,0,0,0,0
5,5,30.1,60,0.5016666666666667,0,0,1,1
15,1,68.3,80,0.85375,0,0,0,0
0,4,47.1,50,0.9420000000000001,0,0,1,0
4,6,76.5,100,0.765,1,0,1,0
0,6,56.7,60,0.9450000000000001,1,0,1,0
8,2,16.5,60,0.275,0,1,0,2
18,5,46.6,100,0.466,0,1,0,1
1,5,46.6,50,0.932,0,0,1,0
14,2,43.5,50,0.87,0,0,0,0
9,4,13.4,60,0.22333333333333333,0,1,0,2
1,5,53.7,60,0.895,0,0,1,0
2,5,28.9,30,0.9633333333333333,0,0,1,0
5,3,41.2,60,0.6866666666666668,0,0,1,1
3,2,24.7,50,0.494,0,0,1,1
3,4,15.6,30,0.52,0,0,1,1
17,3,47.7,80,0.5962500000000001,0,1,0,1
14,1,32.1,50,0.642,0,0,0,1
10,7,21.7,30,0.7233333333333333,1,0,0,1
18,2,10.3,30,0.3433333333333334,0,1,0,2
18,5,54.9,80,0.68625,0,1,0,1
11,5,53.7,60,0.895,0,0,0,0
4,6,70.8,80,0.885,1,0,1,0
0,3,78.2,80,0.9775,0,0,1,0
12,7,29.3,60,0.48833333333333334,1,0,0,1
1,1,36.0,80,0.45,0,0,1,1
17,3,10.2,80,0.1275,0,1,0,2
5,6,16.9,60,0.2816666666666666,1,0,1,2
2,6,50.6,60,0.8433333333333334,1,0,1,0
17,1,21.9,60,0.365,0,1,0,2
8,7,43.2,60,0.7200000000000001,1,1,0,1
1,3,59.8,60,0.9966666666666666,0,0,1,0
5,7,38.9,50,0.778,1,0,1,0
6,1,26.1,50,0.522,0,0,0,1
3,5,85.3,100,0.853,0,0,1,0
11,5,51.1,60,0.8516666666666667,0,0,0,0
23,3,22.3,60,0.3716666666666667,0,0,1,2
2,6,29.4,30,0.98,1,0,1,0
15,2,26.8,50,0.536,0,0,0,1
23,7,56.8,100,0.568,1,0,1,1
2,2,60.9,80,0.76125,0,0,1,0
2,6,56.5,60,0.9416666666666667,1,0,1,0
0,5,70.4,80,0.8800000000000001,0,0,1,0
11,4,19.5,30,0.65,0,0,0,1
19,3,13.5,80,0.16875,0,1,0,2
21,7,79.0,80,0.9875,1,0,0,0
2,3,44.7,50,0.894,0,0,1,0
13,5,59.6,100,0.596,0,0,0,1
1,1,27.0,30,0.9,0,0,1,0
4,4,52.5,60,0.875,0,0,1,0
5,4,56.5,60,0.9416666666666667,0,0,1,0
5,1,39.7,50,0.794,0,0,1,0
12,3,59.4,60,0.99,0,0,0,0
11,6,15.7,30,0.5233333333333333,1,0,0,1
14,6,21.7,80,0.27125,1,0,0,2
23,6,73.4,80,0.9175000000000001,1,0,1,0
15,2,37.5,50,0.75,0,0,0,0
13,6,7.2,50,0.14400000000000002,1,0,0,2
17,7,27.7,50,0.5539999999999999,1,1,0,1
17,7,25.9,50,0.518,1,1,0,1
8,2,56.1,80,0.70125,0,1,0,1
4,4,39.0,50,0.78,0,0,1,0
22,5,47.7,50,0.9540000000000001,0,0,1,0
16,7,16.9,60,0.2816666666666666,1,0,0,2
19,6,46.9,80,0.5862499999999999,1,1,0,1
22,6,45.4,80,0.5675,1,0,1,1
0,5,57.1,80,0.71375,0,0,1,1
23,5,59.7,60,0.995,0,0,1,0
23,5,39.6,50,0.792,0,0,1,0
16,7,36.6,60,0.61,1,0,0,1
11,3,13.7,60,0.22833333333333333,0,0,0,2
16,1,56.0,60,0.9333333333333333,0,0,0,0
8,4,35.5,60,0.5916666666666667,0,1,0,1
6,1,32.9,80,0.41125,0,0,0,2
14,7,19.9,60,0.33166666666666667,1,0,0,2
6,6,63.8,80,0.7975,1,0,0,0
9,1,29.2,60,0.48666666666666664,0,1,0,1
23,5,49.8,60,0.83,0,0,1,0
19,2,13.4,50,0.268,0,1,0,2
2,4,64.0,80,0.8,0,0,1,0
2,3,94.7,100,0.9470000000000001,0,0,1,0
3,6,49.3,60,0.8216666666666667,1,0,1,0
4,5,61.5,80,0.76875,0,0,1,0
1,4,49.2,50,0.9840000000000001,0,0,1,0
22,3,67.2,80,0.8400000000000001,0,0,1,0
7,5,6.6,50,0.132,0,1,0,2
13,6,9.6,60,0.16,1,0,0,2
11,4,29.8,50,0.596,0,0,0,1
10,7,21.9,50,0.43799999999999994,1,0,0,2
15,6,6.3,60,0.105,1,0,0,2
22,5,69.0,80,0.8625,0,0,1,0
18,3,14.0,30,0.4666666666666667,0,1,0,1
18,1,8.2,30,0.2733333333333333,0,1,0,2
21,6,48.0,60,0.8,1,0,0,0
1,7,46.7,60,0.7783333333333334,1,0,1,0
13,4,42.0,50,0.84,0,0,0,0
23,6,38.8,50,0.7759999999999999,1,0,1,0
5,2,91.0,100,0.91,0,0,1,0
23,1,98.9,100,0.9890000000000001,0,0,1,0
7,4,8.3,30,0.27666666666666667,0,1,0,2
9,3,21.2,80,0.265,0,1,0,2
13,2,56.6,80,0.7075,0,0,0,1
20,4,41.0,60,0.6833333333333333,0,0,0,1
7,7,56.7,60,0.9450000000000001,1,1,0,0
6,7,33.6,60,0.56,1,0,0,1
13,5,18.3,50,0.366,0,0,0,2
15,1,17.3,60,0.28833333333333333,0,0,0,2
14,2,83.9,100,0.8390000000000001,0,0,0,0
7,3,10.4,60,0.17333333333333334,0,1,0,2
1,2,68.3,80,0.85375,0,0,1,0
8,5,10.3,80,0.12875,0,1,0,2
18,7,22.8,50,0.456,1,1,0,1
3,3,19.4,30,0.6466666666666666,0,0,1,1
13,1,48.1,80,0.6012500000000001,0,0,0,1
4,1,27.9,60,0.46499999999999997,0,0,1,1
5,3,43.4,60,0.7233333333333333,0,0,1,1
1,1,57.5,60,0.9583333333333334,0,0,1,0
11,7,50.1,80,0.62625,1,0,0,1
5,4,52.6,60,0.8766666666666667,0,0,1,0
0,3,47.1,60,0.785,0,0,1,0
16,6,49.5,60,0.825,1,0,0,0
22,3,99.8,100,0.998,0,0,1,0
17,1,16.9,50,0.33799999999999997,0,1,0,2
1,6,13.7,30,0.45666666666666667,1,0,1,1
2,1,43.8,50,0.8759999999999999,0,0,1,0
7,2,13.4,60,0.22333333333333333,0,1,0,2
14,6,49.2,60,0.8200000000000001,1,0,0,0
16,5,46.3,60,0.7716666666666666,0,0,0,0
5,3,50.4,60,0.84,0,0,1,0
13,2,55.2,60,0.92,0,0,0,0
9,1,11.6,50,0.23199999999999998,0,1,0,2
3,7,46.9,60,0.7816666666666666,1,0,1,0
0,6,48.7,60,0.8116666666666668,1,0,1,0
12,4,14.5,60,0.24166666666666667,0,0,0,2
15,7,15.1,50,0.302,1,0,0,2
6,4,28.3,30,0.9433333333333334,0,0,0,0
15,2,59.2,60,0.9866666666666667,0,0,0,0
22,7,24.3,30,0.81,1,0,1,0
12,7,33.2,60,0.5533333333333333,1,0,0,1
7,7,9.3,30,0.31,1,1,0,2
22,6,46.8,50,0.9359999999999999,1,0,1,0
4,2,70.6,80,0.8825,0,0,1,0
18,3,21.8,80,0.2725,0,1,0,2
12,7,23.8,50,0.47600000000000003,1,0,0,1
16,4,59.0,80,0.7375,0,0,0,1
15,6,34.7,60,0.5783333333333334,1,0,0,1
9,5,10.2,60,0.16999999999999998,0,1,0,2
19,1,6.5,60,0.10833333333333334,0,1,0,2
5,5,40.1,50,0.802,0,0,1,0
11,7,51.4,60,0.8566666666666667,1,0,0,0
11,1,42.3,80,0.5287499999999999,0,0,0,1
11,3,44.8,50,0.8959999999999999,0,0,0,0
4,2,52.4,60,0.8733333333333333,0,0,1,0
19,6,69.8,80,0.8724999999999999,1,1,0,0
20,4,33.6,60,0.56,0,0,0,1
15,6,46.5,50,0.93,1,0,0,0
18,6,43.9,60,0.7316666666666667,1,1,0,1
7,1,11.6,30,0.38666666666666666,0,1,0,2
6,2,58.6,60,0.9766666666666667,0,0,0,0
6,6,45.6,60,0.76,1,0,0,0
1,1,49.4,50,0.988,0,0,1,0
9,3,70.8,80,0.885,0,1,0,0
16,4,69.0,80,0.8625,0,0,0,0
5,3,56.3,60,0.9383333333333332,0,0,1,0
16,6,25.1,80,0.31375000000000003,1,0,0,2
20,3,8.3,60,0.13833333333333334,0,0,0,2
15,2,29.8,60,0.4966666666666667,0,0,0,1
16,4,15.6,30,0.52,0,0,0,1
16,4,14.4,60,0.24000000000000002,0,0,0,2
6,7,18.4,60,0.30666666666666664,1,0,0,2
6,2,73.2,80,0.915,0,0,0,0
3,4,50.2,60,0.8366666666666667,0,0,1,0
4,7,22.9,50,0.45799999999999996,1,0,1,1
10,7,53.3,80,0.66625,1,0,0,1
6,7,37.9,60,0.6316666666666666,1,0,0,1
1,5,50.0,50,1.0,0,0,1,0
11,4,76.8,80,0.96,0,0,0,0
1,1,45.3,100,0.45299999999999996,0,0,1,1
6,1,35.4,50,0.708,0,0,0,1
6,2,57.1,60,0.9516666666666667,0,0,0,0
4,5,38.6,50,0.772,0,0,1,0
0,3,46.9,50,0.938,0,0,1,0
0,5,48.9,60,0.815,0,0,1,0
8,6,37.5,50,0.75,1,1,0,0
3,5,72.2,80,0.9025000000000001,0,0,1,0
1,7,57.3,60,0.955,1,0,1,0
20,5,56.2,60,0.9366666666666668,0,0,0,0
6,4,54.6,60,0.91,0,0,0,0
13,6,84.3,100,0.843,1,0,0,0
23,3,53.2,80,0.665,0,0,1,1
9,2,39.5,60,0.6583333333333333,0,1,0,1
4,2,39.7,50,0.794,0,0,1,0
2,7,50.9,60,0.8483333333333333,1,0,1,0
13,4,14.9,50,0.298,0,0,0,2
16,5,57.1,60,0.9516666666666667,0,0,0,0
1,2,48.7,50,0.9740000000000001,0,0,1,0
11,3,45.1,50,0.902,0,0,0,0
4,6,54.9,60,0.9149999999999999,1,0,1,0
14,2,44.1,50,0.882,0,0,0,0
5,6,58.6,80,0.7325,1,0,1,1
11,6,39.2,60,0.6533333333333334,1,0,0,1
10,4,30.1,50,0.602,0,0,0,1
23,1,77.1,100,0.7709999999999999,0,0,1,0
1,6,46.2,50,0.924,1,0,1,0
23,7,55.9,60,0.9316666666666666,1,0,1,0
5,7,64.0,80,0.8,1,0,1,0
17,4,17.9,60,0.2983333333333333,0,1,0,2
10,2,46.6,50,0.932,0,0,0,0
0,2,50.8,60,0.8466666666666666,0,0,1,0
22,5,74.9,80,0.93625,0,0,1,0
17,1,34.2,50,0.684,0,1,0,1
4,3,28.9,30,0.9633333333333333,0,0,1,0
23,5,44.1,50,0.882,0,0,1,0
13,1,10.3,50,0.20600000000000002,0,0,0,2
4,1,25.1,30,0.8366666666666667,0,0,1,0
10,3,15.4,30,0.5133333333333333,0,0,0,1
14,2,53.2,80,0.665,0,0,0,1
18,1,12.0,60,0.2,0,1,0,2
23,7,25.5,30,0.85,1,0,1,0
13,1,64.9,80,0.81125,0,0,0,0
7,5,19.7,30,0.6566666666666666,0,1,0,1
11,2,38.1,80,0.47625,0,0,0,1
14,7,42.4,60,0.7066666666666667,1,0,0,1
6,3,71.5,80,0.89375,0,0,0,0
21,6,28.9,30,0.9633333333333333,1,0,0,0
14,4,25.6,30,0.8533333333333334,0,0,0,0
23,4,47.7,60,0.795,0,0,1,0
23,2,47.4,50,0.948,0,0,1,0
2,1,77.6,80,0.97,0,0,1,0
8,4,27.7,80,0.34625,0,1,0,2
21,1,59.4,60,0.99,0,0,0,0
8,6,11.9,60,0.19833333333333333,1,1,0,2
16,1,41.1,50,0.8220000000000001,0,0,0,0
8,6,17.9,100,0.179,1,1,0,2
14,2,34.2,50,0.684,0,0,0,1
15,6,9.2,60,0.15333333333333332,1,0,0,2
4,5,47.1,60,0.785,0,0,1,0
0,7,49.1,60,0.8183333333333334,1,0,1,0
19,2,31.4,80,0.39249999999999996,0,1,0,2
0,2,46.9,60,0.7816666666666666,0,0,1,0
12,1,48.8,60,0.8133333333333332,0,0,0,0
22,5,22.9,30,0.7633333333333333,0,0,1,0
10,4,42.9,50,0.858,0,0,0,0
16,7,29.2,100,0.292,1,0,0,2
17,5,27.5,30,0.9166666666666666,0,1,0,0
15,1,53.0,60,0.8833333333333333,0,0,0,0
2,1,78.6,80,0.9824999999999999,0,0,1,0
9,6,61.2,80,0.765,1,1,0,0
9,4,69.7,100,0.6970000000000001,0,1,0,1
14,5,13.4,60,0.22333333333333333,0,0,0,2
18,7,26.7,50,0.534,1,1,0,1
19,5,21.2,60,0.35333333333333333,0,1,0,2
8,6,43.1,50,0.862,1,1,0,0
5,6,67.7,80,0.8462500000000001,1,0,1,0
18,5,35.8,60,0.5966666666666666,0,1,0,1
15,6,55.7,100,0.557,1,0,0,1
23,6,41.4,80,0.5175,1,0,1,1
3,7,66.1,80,0.8262499999999999,1,0,1,0
8,4,17.5,50,0.35,0,1,0,2
21,2,63.9,80,0.79875,0,0,0,0
21,2,25.5,50,0.51,0,0,0,1
22,4,43.2,60,0.7200000000000001,0,0,1,1
5,4,52.6,60,0.8766666666666667,0,0,1,0
8,3,21.4,60,0.35666666666666663,0,1,0,2
16,6,47.5,50,0.95,1,0,0,0
17,6,41.9,60,0.6983333333333334,1,1,0,1
7,7,44.3,80,0.55375,1,1,0,1
3,1,78.1,80,0.97625,0,0,1,0
11,5,9.6,30,0.32,0,0,0,2
13,3,48.3,80,0.60375,0,0,0,1
5,7,40.0,80,0.5,1,0,1,1
19,4,25.8,80,0.3225,0,1,0,2
3,4,48.3,50,0.966,0,0,1,0
9,5,27.9,60,0.46499999999999997,0,1,0,1
16,5,16.8,30,0.56,0,0,0,1
21,5,26.3,80,0.32875,0,0,0,2
19,7,8.8,60,0.14666666666666667,1,1,0,2
12,6,75.1,80,0.93875,1,0,0,0
10,4,16.6,30,0.5533333333333333,0,0,0,1
15,3,43.6,60,0.7266666666666667,0,0,0,1
18,6,19.1,60,0.31833333333333336,1,1,0,2
22,6,57.0,100,0.57,1,0,1,1
14,4,19.1,30,0.6366666666666667,0,0,0,1
21,4,41.4,60,0.69,0,0,0,1
21,1,55.8,60,0.9299999999999999,0,0,0,0
13,1,68.6,80,0.8574999999999999,0,0,0,0
7,6,5.5,30,0.18333333333333332,1,1,0,2
21,3,8.9,30,0.2966666666666667,0,0,0,2
8,2,63.0,100,0.63,0,1,0,1
10,1,33.7,60,0.5616666666666668,0,0,0,1
14,3,73.5,80,0.91875,0,0,0,0
4,3,27.0,30,0.9,0,0,1,0
22,7,29.3,30,0.9766666666666667,1,0,1,0
18,4,10.3,50,0.20600000000000002,0,1,0,2
18,1,10.1,80,0.12625,0,1,0,2
11,6,45.1,60,0.7516666666666667,1,0,0,0
8,2,12.7,50,0.254,0,1,0,2
10,4,15.2,100,0.152,0,0,0,2
19,1,25.6,80,0.32,0,1,0,2
17,6,20.3,30,0.6766666666666666,1,1,0,1
13,1,34.5,50,0.69,0,0,0,1
8,3,35.1,60,0.5850000000000001,0,1,0,1
15,1,34.0,60,0.5666666666666667,0,0,0,1
15,7,40.5,60,0.675,1,0,0,1
23,7,52.5,60,0.875,1,0,1,0
9,3,45.3,60,0.755,0,1,0,0
13,7,6.0,50,0.12,1,0,0,2
0,1,48.9,60,0.815,0,0,1,0
19,7,45.5,60,0.7583333333333333,1,1,0,0
12,3,46.3,60,0.7716666666666666,0,0,0,0
8,4,9.2,80,0.11499999999999999,0,1,0,2
9,7,38.4,60,0.64,1,1,0,1
6,1,100.0,100,1.0,0,0,0,0
22,2,43.6,50,0.872,0,0,1,0
8,2,20.8,60,0.3466666666666667,0,1,0,2
4,7,39.5,50,0.79,1,0,1,0
4,4,73.9,80,0.9237500000000001,0,0,1,0
22,7,75.7,80,0.94625,1,0,1,0
18,2,3.7,30,0.12333333333333334,0,1,0,2
17,3,23.1,80,0.28875,0,1,0,2
6,7,42.1,60,0.7016666666666667,1,0,0,1
8,7,59.2,60,0.9866666666666667,1,1,0,0
0,5,78.7,80,0.98375,0,0,1,0
2,7,68.9,80,0.8612500000000001,1,0,1,0
0,4,49.2,60,0.8200000000000001,0,0,1,0
1,7,69.2,80,0.865,1,0,1,0
19,1,14.4,60,0.24000000000000002,0,1,0,2
22,3,77.2,80,0.9650000000000001,0,0,1,0
5,6,43.5,50,0.87,1,0,1,0
11,3,28.7,60,0.47833333333333333,0,0,0,1
12,4,33.9,60,0.565,0,0,0,1
16,4,40.4,60,0.6733333333333333,0,0,0,1
9,1,22.9,100,0.22899999999999998,0,1,0,2
16,6,35.5,60,0.5916666666666667,1,0,0,1
21,1,30.4,50,0.608,0,0,0,1
8,5,33.8,80,0.4225,0,1,0,2
23,7,38.9,50,0.778,1,0,1,0
8,3,28.4,50,0.568,0,1,0,1
19,2,39.7,100,0.397,0,1,0,2
12,6,30.7,50,0.614,1,0,0,1
16,4,29.8,30,0.9933333333333334,0,0,0,0
12,3,11.2,60,0.18666666666666665,0,0,0,2
8,2,12.2,50,0.244,0,1,0,2
15,1,53.2,60,0.8866666666666667,0,0,0,0
2,6,68.7,80,0.85875,1,0,1,0
23,6,88.3,100,0.883,1,0,1,0
4,6,26.5,30,0.8833333333333333,1,0,1,0
0,4,42.2,80,0.5275000000000001,0,0,1,1
21,3,27.9,60,0.46499999999999997,0,0,0,1
14,2,41.9,80,0.5237499999999999,0,0,0,1
5,1,57.1,60,0.9516666666666667,0,0,1,0
21,5,43.6,50,0.872,0,0,0,0
14,2,19.1,60,0.31833333333333336,0,0,0,2
6,2,12.1,60,0.20166666666666666,0,0,0,2
12,1,46.5,100,0.465,0,0,0,1
12,3,55.1,80,0.68875,0,0,0,1
16,1,65.9,100,0.659,0,0,0,1
5,1,26.9,30,0.8966666666666666,0,0,1,0
2,1,59.5,60,0.9916666666666667,0,0,1,0
8,1,42.4,60,0.7066666666666667,0,1,0,1
11,4,20.1,100,0.201,0,0,0,2
3,1,18.1,30,0.6033333333333334,0,0,1,1
15,3,59.8,60,0.9966666666666666,0,0,0,0
21,6,48.3,50,0.966,1,0,0,0
11,1,30.6,60,0.51,0,0,0,1
18,3,14.4,80,0.18,0,1,0,2
11,6,30.3,60,0.505,1,0,0,1
2,5,11.0,30,0.36666666666666664,0,0,1,2
3,3,24.6,50,0.49200000000000005,0,0,1,1
19,4,45.9,80,0.57375,0,1,0,1
10,6,32.3,50,0.6459999999999999,1,0,0,1
15,3,27.2,60,0.4533333333333333,0,0,0,1
15,5,36.8,50,0.736,0,0,0,1
12,2,17.0,50,0.34,0,0,0,2
0,4,52.2,60,0.87,0,0,1,0
5,5,47.8,60,0.7966666666666666,0,0,1,0
15,3,28.7,60,0.47833333333333333,0,0,0,1
9,5,44.1,50,0.882,0,1,0,0
19,5,51.5,60,0.8583333333333333,0,1,0,0
7,6,92.2,100,0.922,1,1,0,0
10,7,5.9,30,0.19666666666666668,1,0,0,2
6,7,18.2,30,0.6066666666666667,1,0,0,1
20,3,60.4,80,0.755,0,0,0,0
10,1,29.6,60,0.49333333333333335,0,0,0,1
21,6,52.7,60,0.8783333333333334,1,0,0,0
2,2,46.3,60,0.7716666666666666,0,0,1,0
3,7,49.6,60,0.8266666666666667,1,0,1,0
19,2,40.5,80,0.50625,0,1,0,1
9,7,51.2,60,0.8533333333333334,1,1,0,0
18,5,32.4,60,0.5399999999999999,0,1,0,1
14,2,51.9,60,0.865,0,0,0,0
20,2,48.7,50,0.9740000000000001,0,0,0,0
4,3,39.1,50,0.782,0,0,1,0
3,1,41.7,50,0.8340000000000001,0,0,1,0
2,7,54.8,60,0.9133333333333333,1,0,1,0
10,7,31.7,60,0.5283333333333333,1,0,0,1
23,3,24.5,80,0.30625,0,0,1,2
0,4,43.5,50,0.87,0,0,1,0
13,1,84.3,100,0.843,0,0,0,0
12,6,50.2,80,0.6275000000000001,1,0,0,1
0,1,77.4,80,0.9675,0,0,1,0
15,6,8.9,60,0.14833333333333334,1,0,0,2
8,7,22.9,30,0.7633333333333333,1,1,0,0
16,4,15.7,30,0.5233333333333333,0,0,0,1
1,1,56.5,80,0.70625,0,0,1,1
6,7,53.5,60,0.8916666666666667,1,0,0,0
17,5,5.2,30,0.17333333333333334,0,1,0,2
7,7,29.2,60,0.48666666666666664,1,1,0,1
4,6,14.5,60,0.24166666666666667,1,0,1,2
21,2,48.4,60,0.8066666666666666,0,0,0,0
12,7,26.6,100,0.266,1,0,0,2
19,2,6.0,50,0.12,0,1,0,2
18,2,20.9,60,0.34833333333333333,0,1,0,2
13,5,36.5,60,0.6083333333333333,0,0,0,1
12,2,39.0,50,0.78,0,0,0,0
14,6,20.3,60,0.3383333333333333,1,0,0,2
6,4,42.8,80,0.5349999999999999,0,0,0,1
0,2,75.0,80,0.9375,0,0,1,0
5,1,76.6,80,0.9574999999999999,0,0,1,0
2,7,91.5,100,0.915,1,0,1,0
7,1,9.8,60,0.16333333333333336,0,1,0,2
12,4,21.0,60,0.35,0,0,0,2
2,5,43.8,50,0.8759999999999999,0,0,1,0
11,3,95.5,100,0.955,0,0,0,0
21,2,47.2,60,0.7866666666666667,0,0,0,0
9,6,13.3,50,0.266,1,1,0,2
19,1,6.0,60,0.1,0,1,0,2
8,3,14.5,60,0.24166666666666667,0,1,0,2
17,5,47.9,60,0.7983333333333333,0,1,0,0
22,5,38.7,80,0.48375,0,0,1,1
18,6,50.0,50,1.0,1,1,0,0
4,7,53.7,60,0.895,1,0,1,0
0,7,47.8,60,0.7966666666666666,1,0,1,0
15,7,49.7,60,0.8283333333333334,1,0,0,0
15,1,60.8,80,0.76,0,0,0,0
15,4,19.9,80,0.24874999999999997,0,0,0,2
7,5,6.5,30,0.21666666666666667,0,1,0,2
21,2,51.1,60,0.8516666666666667,0,0,0,0
6,3,32.7,60,0.545,0,0,0,1
2,5,49.9,60,0.8316666666666667,0,0,1,0
12,5,25.9,30,0.8633333333333333,0,0,0,0
15,1,47.5,60,0.7916666666666666,0,0,0,0
16,7,32.4,50,0.648,1,0,0,1
23,2,47.7,50,0.9540000000000001,0,0,1,0
0,1,46.5,50,0.93,0,0,1,0
8,3,30.9,80,0.38625,0,1,0,2
4,1,45.5,60,0.7583333333333333,0,0,1,0
20,2,75.3,80,0.9412499999999999,0,0,0,0
12,7,48.0,80,0.6,1,0,0,1
9,7,49.0,60,0.8166666666666667,1,1,0,0
7,3,14.4,50,0.28800000000000003,0,1,0,2
2,5,47.5,60,0.7916666666666666,0,0,1,0
5,1,47.1,60,0.785,0,0,1,0
2,4,51.9,60,0.865,0,0,1,0
12,2,74.2,80,0.9275,0,0,0,0
4,5,27.7,30,0.9233333333333333,0,0,1,0
6,4,52.2,60,0.87,0,0,0,0
8,5,11.7,60,0.19499999999999998,0,1,0,2
9,7,98.1,100,0.981,1,1,0,0
12,5,72.0,100,0.72,0,0,0,1
7,6,7.1,60,0.11833333333333333,1,1,0,2
22,3,76.1,80,0.9512499999999999,0,0,1,0
21,4,83.5,100,0.835,0,0,0,0
5,5,91.6,100,0.9159999999999999,0,0,1,0
13,4,26.9,50,0.5379999999999999,0,0,0,1
17,1,45.2,60,0.7533333333333334,0,1,0,0
9,1,18.9,50,0.37799999999999995,0,1,0,2
5,1,59.4,60,0.99,0,0,1,0
17,6,46.2,60,0.77,1,1,0,0
12,7,43.4,100,0.434,1,0,0,2
17,6,55.8,60,0.9299999999999999,1,1,0,0
21,5,78.5,80,0.98125,0,0,0,0
2,7,75.0,80,0.9375,1,0,1,0
12,5,53.4,100,0.534,0,0,0,1
11,4,42.5,50,0.85,0,0,0,0
13,6,33.8,60,0.5633333333333332,1,0,0,1
0,4,30.5,60,0.5083333333333333,0,0,1,1
5,6,40.8,50,0.816,1,0,1,0
15,7,10.4,50,0.20800000000000002,1,0,0,2
11,5,34.9,50,0.698,0,0,0,1
11,3,22.9,30,0.7633333333333333,0,0,0,0
17,1,18.0,60,0.3,0,1,0,2
1,1,54.5,60,0.9083333333333333,0,0,1,0
17,1,17.4,60,0.29,0,1,0,2
2,6,85.9,100,0.8590000000000001,1,0,1,0
3,1,57.2,60,0.9533333333333334,0,0,1,0
21,6,48.1,60,0.8016666666666666,1,0,0,0
21,6,68.2,80,0.8525,1,0,0,0
2,2,73.6,80,0.9199999999999999,0,0,1,0
12,3,78.3,80,0.97875,0,0,0,0
8,6,57.5,60,0.9583333333333334,1,1,0,0
18,3,11.9,50,0.23800000000000002,0,1,0,2
7,1,15.9,80,0.19875,0,1,0,2
9,5,13.6,60,0.22666666666666666,0,1,0,2
11,2,12.1,60,0.20166666666666666,0,0,0,2
17,3,50.2,80,0.6275000000000001,0,1,0,1
14,6,15.5,30,0.5166666666666667,1,0,0,1
19,6,18.3,30,0.61,1,1,0,1
2,7,33.7,60,0.5616666666666668,1,0,1,1
17,7,41.4,60,0.69,1,1,0,1
22,3,57.7,60,0.9616666666666667,0,0,1,0
5,1,51.1,60,0.8516666666666667,0,0,1,0
0,3,69.6,80,0.8699999999999999,0,0,1,0
0,3,57.2,60,0.9533333333333334,0,0,1,0
14,3,34.5,60,0.575,0,0,0,1
6,1,34.8,60,0.58,0,0,0,1
12,3,51.5,60,0.8583333333333333,0,0,0,0
21,4,54.5,60,0.9083333333333333,0,0,0,0
17,3,46.4,60,0.7733333333333333,0,1,0,0
3,5,6.8,60,0.11333333333333333,0,0,1,2
0,7,50.0,50,1.0,1,0,1,0
14,7,30.6,60,0.51,1,0,0,1
16,1,43.7,100,0.43700000000000006,0,0,0,2
9,7,47.6,60,0.7933333333333333,1,1,0,0
14,7,8.4,30,0.28,1,0,0,2
1,7,60.8,80,0.76,1,0,1,0
6,4,52.0,60,0.8666666666666667,0,0,0,0
11,5,18.8,30,0.6266666666666667,0,0,0,1
18,2,40.7,50,0.8140000000000001,0,1,0,0
2,3,16.6,30,0.5533333333333333,0,0,1,1
8,5,20.5,30,0.6833333333333333,0,1,0,1
4,5,66.2,80,0.8275,0,0,1,0
9,5,29.5,80,0.36875,0,1,0,2
8,6,41.4,50,0.828,1,1,0,0
8,2,29.1,50,0.5820000000000001,0,1,0,1
17,4,44.0,80,0.55,0,1,0,1
16,2,38.3,50,0.7659999999999999,0,0,0,0
19,5,3.6,30,0.12000000000000001,0,1,0,2
13,4,70.4,80,0.8800000000000001,0,0,0,0
22,2,74.5,80,0.93125,0,0,1,0
9,2,31.0,50,0.62,0,1,0,1
8,4,36.2,80,0.4525,0,1,0,1
7,7,72.8,80,0.9099999999999999,1,1,0,0
9,1,6.7,50,0.134,0,1,0,2
17,7,37.2,80,0.465,1,1,0,1
0,2,25.9,30,0.8633333333333333,0,0,1,0
4,7,46.4,50,0.9279999999999999,1,0,1,0
21,1,35.7,50,0.7140000000000001,0,0,0,1
12,4,48.5,60,0.8083333333333333,0,0,0,0
21,4,68.7,80,0.85875,0,0,0,0
14,3,75.2,100,0.752,0,0,0,0
6,1,64.8,80,0.8099999999999999,0,0,0,0
10,2,66.6,80,0.8324999999999999,0,0,0,0
8,6,36.3,60,0.605,1,1,0,1
9,5,67.6,100,0.6759999999999999,0,1,0,1
17,4,22.4,80,0.27999999999999997,0,1,0,2
22,7,64.8,80,0.8099999999999999,1,0,1,0
12,4,16.9,60,0.2816666666666666,0,0,0,2
2,4,46.7,60,0.7783333333333334,0,0,1,0
19,3,18.5,80,0.23125,0,1,0,2
10,4,24.5,100,0.245,0,0,0,2
3,2,46.9,60,0.7816666666666666,0,0,1,0
21,3,25.0,30,0.8333333333333334,0,0,0,0
1,7,37.4,60,0.6233333333333333,1,0,1,1
15,2,73.6,100,0.736,0,0,0,1
3,1,48.9,60,0.815,0,0,1,0
3,3,53.4,60,0.89,0,0,1,0
4,4,50.9,60,0.8483333333333333,0,0,1,0
8,5,29.1,60,0.48500000000000004,0,1,0,1
9,5,43.5,60,0.725,0,1,0,1
5,7,33.4,60,0.5566666666666666,1,0,1,1
18,2,57.9,80,0.72375,0,1,0,1
23,3,42.3,50,0.846,0,0,1,0
10,6,11.4,80,0.14250000000000002,1,0,0,2
16,1,75.5,100,0.755,0,0,0,0
18,6,57.2,60,0.9533333333333334,1,1,0,0
17,2,38.1,60,0.635,0,1,0,1
5,1,38.0,50,0.76,0,0,1,0
14,7,40.3,50,0.8059999999999999,1,0,0,0
9,4,36.1,50,0.722,0,1,0,1
9,7,66.7,80,0.83375,1,1,0,0
16,6,32.0,60,0.5333333333333333,1,0,0,1
23,3,59.0,60,0.9833333333333333,0,0,1,0
4,5,51.5,60,0.8583333333333333,0,0,1,0
0,7,41.1,60,0.685,1,0,1,1
6,5,44.5,80,0.55625,0,0,0,1
15,3,56.0,60,0.9333333333333333,0,0,0,0
21,2,6.6,30,0.22,0,0,0,2
2,1,53.8,60,0.8966666666666666,0,0,1,0
5,4,47.5,50,0.95,0,0,1,0
20,3,76.2,100,0.762,0,0,0,0
2,1,56.0,60,0.9333333333333333,0,0,1,0
21,7,53.9,60,0.8983333333333333,1,0,0,0
2,4,74.3,80,0.92875,0,0,1,0
19,4,11.1,60,0.185,0,1,0,2
7,7,28.5,60,0.475,1,1,0,1
11,7,73.1,80,0.91375,1,0,0,0
19,5,13.0,60,0.21666666666666667,0,1,0,2
13,3,18.0,30,0.6,0,0,0,1
15,2,51.0,60,0.85,0,0,0,0
0,2,23.8,60,0.39666666666666667,0,0,1,2
6,6,34.7,60,0.5783333333333334,1,0,0,1
9,5,19.9,80,0.24874999999999997,0,1,0,2
3,4,28.8,30,0.9600000000000001,0,0,1,0
2,5,57.4,60,0.9566666666666667,0,0,1,0
6,2,25.6,50,0.512,0,0,0,1
11,1,41.7,50,0.8340000000000001,0,0,0,0
18,3,19.1,60,0.31833333333333336,0,1,0,2
17,3,42.1,60,0.7016666666666667,0,1,0,1
11,7,55.4,60,0.9233333333333333,1,0,0,0
7,1,57.4,60,0.9566666666666667,0,1,0,0
15,4,8.3,60,0.13833333333333334,0,0,0,2
5,5,75.7,80,0.94625,0,0,1,0
3,3,53.6,60,0.8933333333333333,0,0,1,0
15,4,37.7,50,0.754,0,0,0,0
0,7,21.1,30,0.7033333333333334,1,0,1,1
1,4,41.5,60,0.6916666666666667,0,0,1,1
9,1,26.6,50,0.532,0,1,0,1
20,5,28.6,30,0.9533333333333334,0,0,0,0
15,4,19.6,30,0.6533333333333334,0,0,0,1
5,1,62.3,80,0.7787499999999999,0,0,1,0
0,5,56.2,60,0.9366666666666668,0,0,1,0
2,2,48.4,60,0.8066666666666666,0,0,1,0
2,7,47.6,60,0.7933333333333333,1,0,1,0
18,7,69.8,80,0.8724999999999999,1,1,0,0
11,4,28.6,60,0.4766666666666667,0,0,0,1
6,5,10.3,30,0.3433333333333334,0,0,0,2
8,3,31.8,60,0.53,0,1,0,1
15,7,41.8,60,0.6966666666666667,1,0,0,1
13,7,19.5,80,0.24375,1,0,0,2
17,7,16.5,30,0.55,1,1,0,1
11,7,34.0,80,0.425,1,0,0,2
7,3,49.3,80,0.61625,0,1,0,1
13,4,39.1,50,0.782,0,0,0,0
3,3,58.1,60,0.9683333333333334,0,0,1,0
12,7,65.3,80,0.8162499999999999,1,0,0,0
23,4,37.8,50,0.7559999999999999,0,0,1,0
19,7,3.5,30,0.11666666666666667,1,1,0,2
9,5,44.1,60,0.735,0,1,0,1
15,6,48.7,50,0.9740000000000001,1,0,0,0
16,7,32.8,80,0.41,1,0,0,2
14,1,8.5,50,0.17,0,0,0,2
22,5,95.1,100,0.951,0,0,1,0
20,6,31.4,50,0.628,1,0,0,1
18,6,22.9,30,0.7633333333333333,1,1,0,0
19,5,33.0,100,0.33,0,1,0,2
21,1,67.8,80,0.8474999999999999,0,0,0,0
12,5,27.1,50,0.542,0,0,0,1
11,5,15.5,30,0.5166666666666667,0,0,0,1
11,4,69.4,80,0.8675,0,0,0,0
0,4,47.1,60,0.785,0,0,1,0
0,1,72.2,80,0.9025000000000001,0,0,1,0
15,2,40.7,60,0.6783333333333333,0,0,0,1
16,5,24.8,60,0.41333333333333333,0,0,0,2
18,2,7.0,60,0.11666666666666667,0,1,0,2
11,5,25.5,100,0.255,0,0,0,2
4,5,47.4,60,0.7899999999999999,0,0,1,0
5,7,51.7,60,0.8616666666666667,1,0,1,0
3,5,58.6,60,0.9766666666666667,0,0,1,0
20,3,36.4,60,0.6066666666666667,0,0,0,1
14,4,13.0,50,0.26,0,0,0,2
11,1,41.0,60,0.6833333333333333,0,0,0,1
10,7,22.4,60,0.3733333333333333,1,0,0,2
22,4,36.4,50,0.728,0,0,1,1
10,6,29.9,30,0.9966666666666666,1,0,0,0
15,7,48.9,60,0.815,1,0,0,0
8,5,20.0,60,0.3333333333333333,0,1,0,2
19,3,43.6,50,0.872,0,1,0,0
4,3,28.9,50,0.578,0,0,1,1
3,7,23.5,50,0.47,1,0,1,1
10,5,38.3,50,0.7659999999999999,0,0,0,0
17,3,27.3,60,0.455,0,1,0,1
16,7,18.6,50,0.37200000000000005,1,0,0,2
14,7,56.1,60,0.935,1,0,0,0
23,7,58.9,60,0.9816666666666667,1,0,1,0
0,1,45.0,60,0.75,0,0,1,0
20,7,31.9,80,0.39875,1,0,0,2
21,7,23.7,30,0.7899999999999999,1,0,0,0
8,7,53.6,60,0.8933333333333333,1,1,0,0
18,6,21.5,60,0.35833333333333334,1,1,0,2
14,6,8.1,50,0.162,1,0,0,2
2,3,57.0,60,0.95,0,0,1,0
6,3,58.4,60,0.9733333333333333,0,0,0,0
5,5,47.5,50,0.95,0,0,1,0
9,3,22.9,60,0.38166666666666665,0,1,0,2
12,5,35.6,60,0.5933333333333334,0,0,0,1
23,5,85.2,100,0.852,0,0,1,0
20,3,21.6,80,0.27,0,0,0,2
1,2,58.5,60,0.975,0,0,1,0
15,2,68.2,80,0.8525,0,0,0,0
20,4,10.4,100,0.10400000000000001,0,0,0,2
14,7,21.1,50,0.42200000000000004,1,0,0,2
9,7,45.9,60,0.765,1,1,0,0
15,7,14.1,50,0.282,1,0,0,2
4,7,15.0,30,0.5,1,0,1,1
14,1,32.5,60,0.5416666666666666,0,0,0,1
21,7,42.9,50,0.858,1,0,0,0
7,1,44.0,50,0.88,0,1,0,0
16,2,58.7,100,0.5870000000000001,0,0,0,1
2,1,83.1,100,0.831,0,0,1,0
0,6,31.5,80,0.39375,1,0,1,2
21,6,43.8,50,0.8759999999999999,1,0,0,0
1,2,76.9,80,0.96125,0,0,1,0
6,1,29.3,30,0.9766666666666667,0,0,0,0
3,1,55.9,60,0.9316666666666666,0,0,1,0
11,4,41.0,80,0.5125,0,0,0,1
23,2,46.8,50,0.9359999999999999,0,0,1,0
7,4,14.0,60,0.23333333333333334,0,1,0,2
10,5,34.3,60,0.5716666666666667,0,0,0,1
14,2,72.3,80,0.9037499999999999,0,0,0,0
3,3,39.3,60,0.6549999999999999,0,0,1,1
11,5,34.6,50,0.6920000000000001,0,0,0,1
21,2,46.7,50,0.934,0,0,0,0
21,7,26.4,30,0.88,1,0,0,0
19,2,45.4,60,0.7566666666666666,0,1,0,0
20,6,23.3,60,0.38833333333333336,1,0,0,2
21,6,8.6,60,0.14333333333333334,1,0,0,2
4,1,41.9,50,0.838,0,0,1,0
19,4,17.6,60,0.29333333333333333,0,1,0,2
7,7,28.5,60,0.475,1,1,0,1
4,1,50.3,60,0.8383333333333333,0,0,1,0
19,2,9.2,60,0.15333333333333332,0,1,0,2
18,4,21.9,50,0.43799999999999994,0,1,0,2
13,4,27.7,60,0.46166666666666667,0,0,0,1
15,5,45.5,60,0.7583333333333333,0,0,0,0
11,1,47.0,50,0.94,0,0,0,0
6,3,26.9,50,0.5379999999999999,0,0,0,1
23,7,73.0,80,0.9125,1,0,1,0
12,5,50.1,60,0.8350000000000001,0,0,0,0
11,3,19.3,30,0.6433333333333333,0,0,0,1
22,5,27.9,60,0.46499999999999997,0,0,1,1
19,5,56.3,80,0.70375,0,1,0,1
3,2,49.9,50,0.998,0,0,1,0
20,2,75.7,100,0.757,0,0,0,0
8,4,14.6,60,0.24333333333333332,0,1,0,2
13,1,57.5,60,0.9583333333333334,0,0,0,0
13,6,30.6,80,0.3825,1,0,0,2
7,3,19.0,60,0.31666666666666665,0,1,0,2
12,4,58.9,60,0.9816666666666667,0,0,0,0
10,3,12.6,80,0.1575,0,0,0,2
13,1,41.1,100,0.41100000000000003,0,0,0,2
14,4,39.1,60,0.6516666666666667,0,0,0,1
14,4,28.7,30,0.9566666666666667,0,0,0,0
23,4,24.9,30,0.83,0,0,1,0
13,1,6.7,30,0.22333333333333333,0,0,0,2
12,6,24.5,80,0.30625,1,0,0,2
13,6,47.2,60,0.7866666666666667,1,0,0,0
17,2,47.6,50,0.9520000000000001,0,1,0,0
7,6,57.4,60,0.9566666666666667,1,1,0,0
16,5,45.6,60,0.76,0,0,0,0
4,1,71.9,80,0.89875,0,0,1,0
22,6,49.8,50,0.996,1,0,1,0
11,5,45.8,50,0.9159999999999999,0,0,0,0
17,6,73.7,80,0.92125,1,1,0,0
0,2,38.7,80,0.48375,0,0,1,1
13,6,64.3,80,0.80375,1,0,0,0
4,7,82.0,100,0.82,1,0,1,0
22,2,49.8,60,0.83,0,0,1,0
9,6,77.1,80,0.9637499999999999,1,1,0,0
14,7,43.6,60,0.7266666666666667,1,0,0,1
16,5,51.4,60,0.8566666666666667,0,0,0,0
22,1,50.9,60,0.8483333333333333,0,0,1,0
19,1,39.5,60,0.6583333333333333,0,1,0,1
6,4,33.7,50,0.674,0,0,0,1
9,3,39.2,60,0.6533333333333334,0,1,0,1
18,4,15.4,60,0.25666666666666665,0,1,0,2
18,5,8.0,60,0.13333333333333333,0,1,0,2
20,5,71.3,80,0.89125,0,0,0,0
4,2,51.5,60,0.8583333333333333,0,0,1,0
1,6,53.7,60,0.895,1,0,1,0
4,7,20.5,80,0.25625,1,0,1,2
18,1,94.3,100,0.943,0,1,0,0
5,1,55.3,60,0.9216666666666666,0,0,1,0
18,3,6.7,50,0.134,0,1,0,2
1,4,62.5,80,0.78125,0,0,1,0
6,2,44.5,50,0.89,0,0,0,0
19,2,55.6,80,0.6950000000000001,0,1,0,1
12,4,41.5,50,0.83,0,0,0,0
21,2,37.9,50,0.758,0,0,0,0
20,6,24.9,60,0.415,1,0,0,2
15,7,22.0,50,0.44,1,0,0,2
14,1,20.5,60,0.3416666666666667,0,0,0,2
13,7,22.6,60,0.3766666666666667,1,0,0,2
15,7,78.6,80,0.9824999999999999,1,0,0,0
8,7,45.8,80,0.5725,1,1,0,1
21,3,40.6,60,0.6766666666666666,0,0,0,1
22,7,66.8,80,0.835,1,0,1,0
12,2,53.0,80,0.6625,0,0,0,1
12,6,90.3,100,0.903,1,0,0,0
17,5,16.5,60,0.275,0,1,0,2
19,4,27.7,100,0.27699999999999997,0,1,0,2
1,6,74.3,80,0.92875,1,0,1,0
5,2,85.8,100,0.858,0,0,1,0
12,4,60.7,100,0.607,0,0,0,1
2,1,51.0,60,0.85,0,0,1,0
7,7,46.9,80,0.5862499999999999,1,1,0,1
16,7,58.3,80,0.72875,1,0,0,1
9,3,11.1,60,0.185,0,1,0,2
3,5,48.8,60,0.8133333333333332,0,0,1,0
0,3,52.2,60,0.87,0,0,1,0
17,4,6.6,60,0.11,0,1,0,2
20,6,34.1,60,0.5683333333333334,1,0,0,1
1,2,72.7,80,0.9087500000000001,0,0,1,0
19,1,38.4,60,0.64,0,1,0,1
14,5,53.4,60,0.89,0,0,0,0
5,2,80.5,100,0.805,0,0,1,0
2,5,41.9,50,0.838,0,0,1,0
12,5,22.9,50,0.45799999999999996,0,0,0,1
10,1,40.4,50,0.8079999999999999,0,0,0,0
18,5,7.2,30,0.24000000000000002,0,1,0,2
21,2,39.5,60,0.6583333333333333,0,0,0,1
18,5,11.3,30,0.3766666666666667,0,1,0,2
14,4,11.3,30,0.3766666666666667,0,0,0,2
5,3,63.1,80,0.7887500000000001,0,0,1,0
13,1,8.6,60,0.14333333333333334,0,0,0,2
23,6,87.5,100,0.875,1,0,1,0
21,3,53.3,60,0.8883333333333333,0,0,0,0
0,5,27.0,30,0.9,0,0,1,0
5,3,78.2,100,0.782,0,0,1,0
9,3,41.3,60,0.6883333333333332,0,1,0,1
10,3,51.7,60,0.8616666666666667,0,0,0,0
8,1,43.1,60,0.7183333333333334,0,1,0,1
15,3,60.4,80,0.755,0,0,0,0
10,4,37.7,50,0.754,0,0,0,0
21,3,48.6,60,0.81,0,0,0,0
13,5,38.0,50,0.76,0,0,0,0
22,7,76.1,80,0.9512499999999999,1,0,1,0
19,6,7.2,50,0.14400000000000002,1,1,0,2
22,5,54.5,60,0.9083333333333333,0,0,1,0
15,1,24.6,30,0.8200000000000001,0,0,0,0
13,2,38.5,60,0.6416666666666667,0,0,0,1
22,6,65.8,80,0.8225,1,0,1,0
23,1,25.6,30,0.8533333333333334,0,0,1,0
5,5,76.9,80,0.96125,0,0,1,0
3,5,51.1,60,0.8516666666666667,0,0,1,0
3,2,53.1,60,0.885,0,0,1,0
20,7,27.3,60,0.455,1,0,0,1
2,4,26.2,30,0.8733333333333333,0,0,1,0
7,5,13.4,50,0.268,0,1,0,2
21,1,50.2,60,0.8366666666666667,0,0,0,0
10,1,28.7,60,0.47833333333333333,0,0,0,1
23,7,55.9,60,0.9316666666666666,1,0,1,0
17,3,19.7,80,0.24625,0,1,0,2
21,1,50.2,100,0.502,0,0,0,1
5,7,34.7,60,0.5783333333333334,1,0,1,1
4,5,71.8,80,0.8975,0,0,1,0
5,6,58.3,60,0.9716666666666666,1,0,1,0
8,3,10.7,30,0.35666666666666663,0,1,0,2
0,1,29.0,60,0.48333333333333334,0,0,1,1
7,7,74.1,80,0.9262499999999999,1,1,0,0
8,4,39.8,60,0.6633333333333333,0,1,0,1
9,3,17.1,50,0.342,0,1,0,2
23,4,28.6,30,0.9533333333333334,0,0,1,0
20,2,30.3,60,0.505,0,0,0,1
14,5,49.1,80,0.61375,0,0,0,1
18,6,75.7,100,0.757,1,1,0,0
18,3,30.9,100,0.309,0,1,0,2
6,4,51.4,80,0.6425,0,0,0,1
17,7,19.8,30,0.66,1,1,0,1
23,6,30.3,50,0.606,1,0,1,1
3,7,24.7,30,0.8233333333333334,1,0,1,0
16,7,25.9,50,0.518,1,0,0,1
20,4,39.5,50,0.79,0,0,0,0
19,1,21.3,30,0.7100000000000001,0,1,0,1
12,3,76.7,80,0.95875,0,0,0,0
6,5,27.9,50,0.5579999999999999,0,0,0,1
12,6,9.4,30,0.31333333333333335,1,0,0,2
15,2,29.4,30,0.98,0,0,0,0
10,1,11.4,60,0.19,0,0,0,2
21,5,47.2,60,0.7866666666666667,0,0,0,0
15,6,7.4,60,0.12333333333333334,1,0,0,2
19,5,10.3,30,0.3433333333333334,0,1,0,2
20,6,37.9,60,0.6316666666666666,1,0,0,1
21,3,55.1,60,0.9183333333333333,0,0,0,0
20,3,55.3,60,0.9216666666666666,0,0,0,0
20,4,76.3,80,0.95375,0,0,0,0
8,6,27.4,100,0.27399999999999997,1,1,0,2
22,6,63.4,80,0.7925,1,0,1,0
5,3,31.9,80,0.39875,0,0,1,2
8,2,26.7,50,0.534,0,1,0,1
9,1,25.0,80,0.3125,0,1,0,2
16,6,42.0,50,0.84,1,0,0,0
19,7,54.7,60,0.9116666666666667,1,1,0,0
4,1,59.3,60,0.9883333333333333,0,0,1,0
20,5,13.0,30,0.43333333333333335,0,0,0,2
16,5,75.6,100,0.7559999999999999,0,0,0,0
0,6,59.4,60,0.99,1,0,1,0
15,7,10.5,60,0.175,1,0,0,2
19,2,30.8,60,0.5133333333333333,0,1,0,1
19,2,23.0,60,0.38333333333333336,0,1,0,2
21,5,59.7,60,0.995,0,0,0,0
1,5,59.5,60,0.9916666666666667,0,0,1,0
19,5,22.8,50,0.456,0,1,0,1
10,1,28.2,60,0.47,0,0,0,1
18,4,35.2,60,0.5866666666666667,0,1,0,1
17,4,23.0,50,0.46,0,1,0,1
9,4,72.4,100,0.7240000000000001,0,1,0,1
17,2,22.9,60,0.38166666666666665,0,1,0,2
9,4,18.0,60,0.3,0,1,0,2
14,4,18.1,30,0.6033333333333334,0,0,0,1
11,2,16.1,60,0.26833333333333337,0,0,0,2
14,2,64.1,80,0.8012499999999999,0,0,0,0
11,6,21.2,60,0.35333333333333333,1,0,0,2
9,3,30.4,50,0.608,0,1,0,1
8,3,18.7,50,0.374,0,1,0,2
23,3,56.9,60,0.9483333333333334,0,0,1,0
9,2,11.7,50,0.23399999999999999,0,1,0,2
12,7,33.0,60,0.55,1,0,0,1
23,3,56.6,60,0.9433333333333334,0,0,1,0
21,2,57.4,60,0.9566666666666667,0,0,0,0
3,3,48.2,50,0.9640000000000001,0,0,1,0
12,5,99.6,100,0.996,0,0,0,0
16,5,20.7,60,0.345,0,0,0,2
6,4,50.8,60,0.8466666666666666,0,0,0,0
12,5,53.9,60,0.8983333333333333,0,0,0,0
21,1,23.7,30,0.7899999999999999,0,0,0,0
4,2,41.1,50,0.8220000000000001,0,0,1,0
2,5,85.9,100,0.8590000000000001,0,0,1,0
17,3,12.6,60,0.21,0,1,0,2
11,7,40.6,60,0.6766666666666666,1,0,0,1
16,5,49.3,60,0.8216666666666667,0,0,0,0
7,4,30.0,50,0.6,0,1,0,1
14,2,41.6,100,0.41600000000000004,0,0,0,2
5,5,33.2,60,0.5533333333333333,0,0,1,1
23,6,42.6,50,0.852,1,0,1,0
0,4,52.7,60,0.8783333333333334,0,0,1,0
18,5,14.7,60,0.245,0,1,0,2
1,7,52.1,60,0.8683333333333334,1,0,1,0
22,5,28.6,30,0.9533333333333334,0,0,1,0
12,3,49.5,60,0.825,0,0,0,0
2,1,46.2,80,0.5775,0,0,1,1
12,7,48.8,80,0.61,1,0,0,1
7,4,30.0,80,0.375,0,1,0,2
0,7,34.1,50,0.682,1,0,1,1
13,6,39.4,100,0.39399999999999996,1,0,0,2
23,5,45.6,50,0.912,0,0,1,0
7,2,10.4,60,0.17333333333333334,0,1,0,2
3,7,33.7,50,0.674,1,0,1,1
9,2,39.8,80,0.49749999999999994,0,1,0,1
23,1,51.9,60,0.865,0,0,1,0
10,3,76.8,80,0.96,0,0,0,0
18,2,24.9,80,0.31124999999999997,0,1,0,2
2,6,69.1,80,0.8637499999999999,1,0,1,0
20,7,12.3,60,0.20500000000000002,1,0,0,2
12,1,77.7,100,0.777,0,0,0,0
2,2,65.4,80,0.8175000000000001,0,0,1,0
9,6,89.4,100,0.894,1,1,0,0
8,3,21.1,50,0.42200000000000004,0,1,0,2
1,3,47.0,50,0.94,0,0,1,0
19,7,10.8,50,0.21600000000000003,1,1,0,2
20,3,52.7,60,0.8783333333333334,0,0,0,0
13,7,14.4,30,0.48000000000000004,1,0,0,1
4,4,22.9,30,0.7633333333333333,0,0,1,0
17,4,6.7,60,0.11166666666666666,0,1,0,2
0,1,26.9,30,0.8966666666666666,0,0,1,0
12,1,43.1,60,0.7183333333333334,0,0,0,1
4,7,47.2,50,0.9440000000000001,1,0,1,0
23,4,51.4,60,0.8566666666666667,0,0,1,0
2,7,37.7,50,0.754,1,0,1,0
3,6,24.7,30,0.8233333333333334,1,0,1,0
4,7,70.0,80,0.875,1,0,1,0
9,4,23.6,60,0.39333333333333337,0,1,0,2
21,7,35.3,60,0.5883333333333333,1,0,0,1
11,1,45.5,80,0.56875,0,0,0,1
6,4,7.0,50,0.14,0,0,0,2
13,5,74.6,80,0.9324999999999999,0,0,0,0
15,3,76.5,80,0.95625,0,0,0,0
11,4,13.5,60,0.225,0,0,0,2
18,1,25.8,60,0.43,0,1,0,2
20,4,15.8,60,0.26333333333333336,0,0,0,2
13,2,47.3,60,0.7883333333333333,0,0,0,0
4,1,41.0,60,0.6833333333333333,0,0,1,1
6,1,45.5,60,0.7583333333333333,0,0,0,0
12,3,26.3,50,0.526,0,0,0,1
21,2,42.7,50,0.8540000000000001,0,0,0,0
10,1,55.1,80,0.68875,0,0,0,1
5,7,92.9,100,0.929,1,0,1,0
12,2,44.4,50,0.888,0,0,0,0
15,5,18.6,50,0.37200000000000005,0,0,0,2
17,4,16.6,50,0.332,0,1,0,2
8,5,20.9,80,0.26125,0,1,0,2
11,5,99.1,100,0.991,0,0,0,0
21,4,41.6,50,0.8320000000000001,0,0,0,0
16,6,39.5,80,0.49375,1,0,0,1
13,6,71.3,100,0.713,1,0,0,1
15,5,50.2,80,0.6275000000000001,0,0,0,1
2,4,56.6,60,0.9433333333333334,0,0,1,0
3,4,24.3,60,0.405,0,0,1,2
22,7,61.7,80,0.77125,1,0,1,0
15,5,46.2,60,0.77,0,0,0,0
23,4,25.7,30,0.8566666666666667,0,0,1,0
3,6,89.2,100,0.892,1,0,1,0
18,7,15.0,60,0.25,1,1,0,2
10,2,54.4,80,0.6799999999999999,0,0,0,1
18,5,31.3,80,0.39125,0,1,0,2
23,6,37.4,60,0.6233333333333333,1,0,1,1
1,5,53.5,60,0.8916666666666667,0,0,1,0
1,7,23.9,30,0.7966666666666666,1,0,1,0
2,2,50.7,80,0.63375,0,0,1,1
3,4,59.3,60,0.9883333333333333,0,0,1,0
21,3,45.5,60,0.7583333333333333,0,0,0,0
13,7,35.2,60,0.5866666666666667,1,0,0,1
5,4,74.2,80,0.9275,0,0,1,0
4,5,41.7,50,0.8340000000000001,0,0,1,0
4,6,16.6,80,0.20750000000000002,1,0,1,2
5,1,56.4,60,0.94,0,0,1,0
21,4,45.5,60,0.7583333333333333,0,0,0,0
10,6,43.8,60,0.73,1,0,0,1
9,2,24.1,80,0.30125,0,1,0,2
22,2,24.6,30,0.8200000000000001,0,0,1,0
11,3,43.8,50,0.8759999999999999,0,0,0,0
1,5,51.0,100,0.51,0,0,1,1
4,1,48.0,80,0.6,0,0,1,1
16,4,27.2,30,0.9066666666666666,0,0,0,0
10,3,37.8,50,0.7559999999999999,0,0,0,0
18,4,27.0,80,0.3375,0,1,0,2
22,5,50.1,60,0.8350000000000001,0,0,1,0
15,6,31.5,60,0.525,1,0,0,1
22,5,51.8,60,0.8633333333333333,0,0,1,0
15,6,32.5,80,0.40625,1,0,0,2
22,3,77.2,100,0.772,0,0,1,0
3,6,45.4,50,0.9079999999999999,1,0,1,0
6,3,5.4,50,0.10800000000000001,0,0,0,2
14,7,36.4,80,0.45499999999999996,1,0,0,1
16,2,27.4,30,0.9133333333333333,0,0,0,0
6,4,59.7,60,0.995,0,0,0,0
19,1,32.3,60,0.5383333333333333,0,1,0,1
3,1,52.3,60,0.8716666666666666,0,0,1,0
22,1,41.8,50,0.836,0,0,1,0
22,1,51.9,60,0.865,0,0,1,0
12,3,45.3,50,0.9059999999999999,0,0,0,0
1,7,42.9,60,0.715,1,0,1,1
20,4,29.2,30,0.9733333333333333,0,0,0,0
23,3,26.2,30,0.8733333333333333,0,0,1,0
13,6,30.5,60,0.5083333333333333,1,0,0,1
23,1,52.3,60,0.8716666666666666,0,0,1,0
23,4,49.6,60,0.8266666666666667,0,0,1,0
12,6,22.6,100,0.226,1,0,0,2
19,6,31.2,80,0.39,1,1,0,2
19,4,35.3,60,0.5883333333333333,0,1,0,1
15,4,48.9,60,0.815,0,0,0,0
21,3,61.1,100,0.611,0,0,0,1
6,2,58.7,60,0.9783333333333334,0,0,0,0
16,4,58.1,60,0.9683333333333334,0,0,0,0
1,3,42.8,50,0.856,0,0,1,0
18,5,15.6,60,0.26,0,1,0,2
5,2,50.8,60,0.8466666666666666,0,0,1,0
6,6,57.7,60,0.9616666666666667,1,0,0,0
3,7,45.3,60,0.755,1,0,1,0
0,4,51.9,60,0.865,0,0,1,0
19,5,18.3,100,0.183,0,1,0,2
17,3,41.8,60,0.6966666666666667,0,1,0,1
15,5,63.7,100,0.637,0,0,0,1
14,5,12.8,60,0.21333333333333335,0,0,0,2
7,7,22.0,60,0.36666666666666664,1,1,0,2
5,5,46.4,60,0.7733333333333333,0,0,1,0
22,2,42.0,80,0.525,0,0,1,1
21,5,40.8,60,0.6799999999999999,0,0,0,1
12,1,27.3,50,0.546,0,0,0,1
14,3,7.7,60,0.12833333333333333,0,0,0,2
17,1,5.8,30,0.19333333333333333,0,1,0,2
11,3,59.5,60,0.9916666666666667,0,0,0,0
19,2,8.5,80,0.10625,0,1,0,2
17,5,42.5,50,0.85,0,1,0,0
8,2,8.1,50,0.162,0,1,0,2
22,3,43.9,50,0.878,0,0,1,0
12,1,98.9,100,0.9890000000000001,0,0,0,0
4,1,28.6,30,0.9533333333333334,0,0,1,0
9,3,98.1,100,0.981,0,1,0,0
19,1,19.7,80,0.24625,0,1,0,2
14,7,13.7,100,0.13699999999999998,1,0,0,2
7,5,16.4,50,0.32799999999999996,0,1,0,2
22,3,37.0,60,0.6166666666666667,0,0,1,1
21,2,48.6,80,0.6075,0,0,0,1
21,6,30.3,80,0.37875000000000003,1,0,0,2
2,6,93.1,100,0.9309999999999999,1,0,1,0
17,3,10.3,50,0.20600000000000002,0,1,0,2
11,2,5.9,50,0.11800000000000001,0,0,0,2
23,3,46.2,60,0.77,0,0,1,0
0,7,31.4,60,0.5233333333333333,1,0,1,1
15,1,9.6,80,0.12,0,0,0,2
0,1,39.4,60,0.6566666666666666,0,0,1,1
12,6,56.8,60,0.9466666666666667,1,0,0,0
17,6,41.9,60,0.6983333333333334,1,1,0,1
5,2,55.6,60,0.9266666666666666,0,0,1,0
16,2,60.2,80,0.7525000000000001,0,0,0,0
1,4,47.1,50,0.9420000000000001,0,0,1,0
2,5,62.0,80,0.775,0,0,1,0
3,7,58.2,80,0.7275,1,0,1,1
7,1,20.6,30,0.6866666666666668,0,1,0,1
13,4,33.4,60,0.5566666666666666,0,0,0,1
0,6,60.0,60,1.0,1,0,1,0
14,3,34.3,50,0.6859999999999999,0,0,0,1
11,2,41.9,80,0.5237499999999999,0,0,0,1
8,3,39.0,80,0.4875,0,1,0,1
20,5,32.1,80,0.40125,0,0,0,2
8,5,7.0,60,0.11666666666666667,0,1,0,2
9,3,16.3,60,0.27166666666666667,0,1,0,2
23,1,85.0,100,0.85,0,0,1,0
16,2,36.9,60,0.615,0,0,0,1
10,2,14.6,50,0.292,0,0,0,2
12,5,24.0,30,0.8,0,0,0,0
12,2,54.6,60,0.91,0,0,0,0
5,3,46.8,50,0.9359999999999999,0,0,1,0
20,1,46.8,50,0.9359999999999999,0,0,0,0
6,2,58.3,60,0.9716666666666666,0,0,0,0
15,1,19.5,60,0.325,0,0,0,2
23,3,50.2,60,0.8366666666666667,0,0,1,0
15,2,34.5,80,0.43125,0,0,0,2
7,6,73.5,80,0.91875,1,1,0,0
8,7,72.6,100,0.726,1,1,0,1
12,7,25.6,100,0.256,1,0,0,2
12,6,52.9,60,0.8816666666666666,1,0,0,0
12,5,24.6,60,0.41000000000000003,0,0,0,2
21,3,50.4,60,0.84,0,0,0,0
6,3,41.8,60,0.6966666666666667,0,0,0,1
23,1,42.9,50,0.858,0,0,1,0
16,6,16.6,30,0.5533333333333333,1,0,0,1
18,1,11.0,60,0.18333333333333332,0,1,0,2
16,3,34.3,50,0.6859999999999999,0,0,0,1
12,2,47.5,50,0.95,0,0,0,0
15,5,70.2,80,0.8775000000000001,0,0,0,0
1,5,56.8,60,0.9466666666666667,0,0,1,0
3,3,23.0,30,0.7666666666666667,0,0,1,0
8,5,20.5,60,0.3416666666666667,0,1,0,2
23,7,41.6,50,0.8320000000000001,1,0,1,0
8,7,54.3,60,0.9049999999999999,1,1,0,0
11,6,22.5,80,0.28125,1,0,0,2
5,3,68.3,80,0.85375,0,0,1,0
17,3,58.4,60,0.9733333333333333,0,1,0,0
20,6,33.9,80,0.42374999999999996,1,0,0,2
19,5,12.7,60,0.21166666666666664,0,1,0,2
18,2,8.1,60,0.13499999999999998,0,1,0,2
10,4,41.5,50,0.83,0,0,0,0
20,7,50.7,60,0.8450000000000001,1,0,0,0
13,4,54.7,60,0.9116666666666667,0,0,0,0
3,4,45.3,60,0.755,0,0,1,0
17,4,21.7,30,0.7233333333333333,0,1,0,1
21,5,88.6,100,0.8859999999999999,0,0,0,0
12,6,41.7,60,0.6950000000000001,1,0,0,1
5,2,42.7,60,0.7116666666666667,0,0,1,1
23,4,95.6,100,0.956,0,0,1,0
0,4,88.8,100,0.888,0,0,1,0
12,5,58.4,60,0.9733333333333333,0,0,0,0
14,7,37.3,60,0.6216666666666666,1,0,0,1
8,6,23.9,30,0.7966666666666666,1,1,0,0
3,2,24.1,30,0.8033333333333333,0,0,1,0
8,6,58.9,60,0.9816666666666667,1,1,0,0
10,5,82.7,100,0.8270000000000001,0,0,0,0
22,5,78.6,80,0.9824999999999999,0,0,1,0
4,3,64.2,80,0.8025,0,0,1,0
19,2,9.9,50,0.198,0,1,0,2
7,4,38.5,100,0.385,0,1,0,2
21,6,44.4,50,0.888,1,0,0,0
14,5,41.7,60,0.6950000000000001,0,0,0,1
8,6,42.2,80,0.5275000000000001,1,1,0,1
0,2,78.9,80,0.9862500000000001,0,0,1,0
21,2,51.9,60,0.865,0,0,0,0
4,3,96.1,100,0.961,0,0,1,0
6,4,14.8,60,0.24666666666666667,0,0,0,2
9,2,27.4,80,0.34249999999999997,0,1,0,2
16,5,34.4,60,0.5733333333333334,0,0,0,1
6,2,23.9,50,0.478,0,0,0,1
15,1,39.8,50,0.7959999999999999,0,0,0,0
10,7,17.6,60,0.29333333333333333,1,0,0,2
7,7,50.3,60,0.8383333333333333,1,1,0,0
7,6,84.7,100,0.847,1,1,0,0
7,1,59.0,80,0.7375,0,1,0,1
9,2,70.6,100,0.706,0,1,0,1
20,4,14.7,30,0.49,0,0,0,1
3,2,24.5,30,0.8166666666666667,0,0,1,0
15,6,36.4,60,0.6066666666666667,1,0,0,1
16,2,59.1,60,0.985,0,0,0,0
17,1,82.1,100,0.821,0,1,0,0
3,4,27.6,30,0.92,0,0,1,0
0,2,39.1,60,0.6516666666666667,0,0,1,1
1,5,47.7,60,0.795,0,0,1,0
3,7,40.2,60,0.67,1,0,1,1
10,2,56.6,60,0.9433333333333334,0,0,0,0
10,4,39.6,50,0.792,0,0,0,0
19,1,12.7,50,0.254,0,1,0,2
18,6,20.3,80,0.25375000000000003,1,1,0,2
21,2,38.3,60,0.6383333333333333,0,0,0,1
0,1,56.3,60,0.9383333333333332,0,0,1,0
20,5,68.2,80,0.8525,0,0,0,0
7,5,31.9,50,0.638,0,1,0,1
4,1,100.0,100,1.0,0,0,1,0
15,6,77.8,80,0.9724999999999999,1,0,0,0
15,6,9.3,60,0.155,1,0,0,2
11,2,52.2,60,0.87,0,0,0,0
8,3,18.9,60,0.315,0,1,0,2
8,4,21.8,80,0.2725,0,1,0,2
8,5,19.7,60,0.3283333333333333,0,1,0,2
9,1,27.3,60,0.455,0,1,0,1
4,1,52.9,60,0.8816666666666666,0,0,1,0
10,2,28.1,60,0.4683333333333334,0,0,0,1
18,4,21.8,60,0.36333333333333334,0,1,0,2
10,2,48.8,60,0.8133333333333332,0,0,0,0
22,3,55.8,60,0.9299999999999999,0,0,1,0
19,2,59.3,60,0.9883333333333333,0,1,0,0
8,2,58.9,60,0.9816666666666667,0,1,0,0
8,6,46.8,60,0.7799999999999999,1,1,0,0
2,5,49.6,50,0.992,0,0,1,0
14,7,47.0,80,0.5875,1,0,0,1
1,1,71.0,80,0.8875,0,0,1,0
21,4,32.3,50,0.6459999999999999,0,0,0,1
14,6,55.9,80,0.69875,1,0,0,1
10,5,32.8,50,0.6559999999999999,0,0,0,1
3,7,51.9,60,0.865,1,0,1,0
11,1,41.2,60,0.6866666666666668,0,0,0,1
17,3,19.4,50,0.38799999999999996,0,1,0,2
17,2,34.9,80,0.43624999999999997,0,1,0,2
1,2,76.7,80,0.95875,0,0,1,0
2,6,85.9,100,0.8590000000000001,1,0,1,0
2,4,53.9,60,0.8983333333333333,0,0,1,0
18,3,39.7,60,0.6616666666666667,0,1,0,1
12,6,15.8,60,0.26333333333333336,1,0,0,2
11,1,29.3,60,0.48833333333333334,0,0,0,1
6,1,48.5,80,0.60625,0,0,0,1
19,4,29.8,60,0.4966666666666667,0,1,0,1
22,5,60.1,80,0.75125,0,0,1,0
13,4,19.6,50,0.392,0,0,0,2
11,4,31.3,50,0.626,0,0,0,1
13,7,43.5,80,0.54375,1,0,0,1
11,5,58.8,60,0.98,0,0,0,0
0,6,37.9,50,0.758,1,0,1,0
2,3,28.0,60,0.4666666666666667,0,0,1,1
5,4,60.1,80,0.75125,0,0,1,0
20,6,24.6,60,0.41000000000000003,1,0,0,2
1,3,78.1,80,0.97625,0,0,1,0
10,3,53.2,60,0.8866666666666667,0,0,0,0
19,4,12.4,30,0.41333333333333333,0,1,0,2
4,2,54.9,60,0.9149999999999999,0,0,1,0
12,3,33.2,80,0.41500000000000004,0,0,0,2
17,6,4.4,30,0.14666666666666667,1,1,0,2
16,6,58.8,60,0.98,1,0,0,0
23,2,86.4,100,0.8640000000000001,0,0,1,0
3,6,66.0,80,0.825,1,0,1,0
7,4,9.3,50,0.18600000000000003,0,1,0,2
5,5,23.8,30,0.7933333333333333,0,0,1,0
8,7,20.3,60,0.3383333333333333,1,1,0,2
18,7,29.4,60,0.49,1,1,0,1
9,3,59.2,60,0.9866666666666667,0,1,0,0
10,7,44.3,80,0.55375,1,0,0,1
19,2,11.2,60,0.18666666666666665,0,1,0,2
9,5,41.7,100,0.41700000000000004,0,1,0,2
9,5,11.4,100,0.114,0,1,0,2
19,1,17.6,60,0.29333333333333333,0,1,0,2
0,7,27.3,60,0.455,1,0,1,1
0,7,23.1,30,0.77,1,0,1,0
12,4,30.2,50,0.604,0,0,0,1
11,3,18.8,100,0.188,0,0,0,2
23,1,45.6,60,0.76,0,0,1,0
0,6,45.3,60,0.755,1,0,1,0
0,5,17.4,80,0.21749999999999997,0,0,1,2
3,1,92.9,100,0.929,0,0,1,0
6,1,23.2,50,0.46399999999999997,0,0,0,1
14,2,41.3,50,0.826,0,0,0,0
1,3,59.5,60,0.9916666666666667,0,0,1,0
1,2,45.2,60,0.7533333333333334,0,0,1,0
18,1,37.4,80,0.46749999999999997,0,1,0,1
2,5,50.7,60,0.8450000000000001,0,0,1,0
21,4,28.8,60,0.48000000000000004,0,0,0,1
22,1,76.0,100,0.76,0,0,1,0
13,7,39.2,60,0.6533333333333334,1,0,0,1
7,5,15.4,80,0.1925,0,1,0,2
19,6,12.5,60,0.20833333333333334,1,1,0,2
2,3,54.8,60,0.9133333333333333,0,0,1,0
15,3,42.9,50,0.858,0,0,0,0
11,5,57.7,80,0.7212500000000001,0,0,0,1
12,5,11.3,50,0.226,0,0,0,2
20,4,9.5,30,0.31666666666666665,0,0,0,2
8,1,24.0,100,0.24,0,1,0,2
1,3,53.4,60,0.89,0,0,1,0
19,5,20.0,60,0.3333333333333333,0,1,0,2
9,7,13.9,80,0.17375000000000002,1,1,0,2
13,5,47.4,60,0.7899999999999999,0,0,0,0
18,6,12.4,80,0.155,1,1,0,2
10,4,54.3,60,0.9049999999999999,0,0,0,0
4,3,79.2,80,0.99,0,0,1,0
3,7,40.3,60,0.6716666666666666,1,0,1,1
7,6,48.1,60,0.8016666666666666,1,1,0,0
15,7,10.3,30,0.3433333333333334,1,0,0,2
22,4,36.6,60,0.61,0,0,1,1
10,6,41.6,50,0.8320000000000001,1,0,0,0
8,4,26.3,80,0.32875,0,1,0,2
7,3,5.9,30,0.19666666666666668,0,1,0,2
8,2,30.6,60,0.51,0,1,0,1
4,1,46.7,50,0.934,0,0,1,0
4,2,54.3,60,0.9049999999999999,0,0,1,0
4,6,8.2,80,0.1025,1,0,1,2
5,3,48.9,50,0.978,0,0,1,0
21,5,40.9,50,0.818,0,0,0,0
22,5,45.8,50,0.9159999999999999,0,0,1,0
7,6,51.0,60,0.85,1,1,0,0
22,6,49.5,60,0.825,1,0,1,0
7,3,7.0,30,0.23333333333333334,0,1,0,2
16,1,25.2,50,0.504,0,0,0,1
14,5,15.4,60,0.25666666666666665,0,0,0,2
2,6,25.0,50,0.5,1,0,1,1
18,4,13.1,50,0.262,0,1,0,2
20,3,17.3,60,0.28833333333333333,0,0,0,2
14,1,16.9,80,0.21125,0,0,0,2
20,1,34.0,60,0.5666666666666667,0,0,0,1
18,1,31.4,60,0.5233333333333333,0,1,0,1
3,7,45.5,50,0.91,1,0,1,0
15,6,21.6,60,0.36000000000000004,1,0,0,2
6,7,41.0,50,0.82,1,0,0,0
14,4,42.1,80,0.52625,0,0,0,1
18,6,97.0,100,0.97,1,1,0,0
6,4,55.6,60,0.9266666666666666,0,0,0,0
21,5,39.7,60,0.6616666666666667,0,0,0,1
22,5,23.5,30,0.7833333333333333,0,0,1,0
8,6,40.0,50,0.8,1,1,0,0
1,2,49.4,60,0.8233333333333334,0,0,1,0
16,4,62.2,80,0.7775000000000001,0,0,0,0
4,2,46.6,50,0.932,0,0,1,0
19,7,33.7,50,0.674,1,1,0,1
16,2,13.7,30,0.45666666666666667,0,0,0,1
1,2,56.5,60,0.9416666666666667,0,0,1,0
13,6,73.8,80,0.9225,1,0,0,0
3,5,51.9,60,0.865,0,0,1,0
1,3,58.8,60,0.98,0,0,1,0
9,4,13.4,60,0.22333333333333333,0,1,0,2
0,3,79.4,100,0.794,0,0,1,0
21,5,49.1,60,0.8183333333333334,0,0,0,0
18,3,38.6,80,0.48250000000000004,0,1,0,1
6,7,50.4,60,0.84,1,0,0,0
3,7,36.1,50,0.722,1,0,1,1
5,1,47.1,60,0.785,0,0,1,0
7,2,51.5,60,0.8583333333333333,0,1,0,0
11,4,35.1,60,0.5850000000000001,0,0,0,1
19,2,17.8,50,0.35600000000000004,0,1,0,2
17,6,52.2,60,0.87,1,1,0,0
3,1,19.1,80,0.23875000000000002,0,0,1,2
18,5,15.4,50,0.308,0,1,0,2
21,7,32.5,50,0.65,1,0,0,1
19,5,34.9,60,0.5816666666666667,0,1,0,1
17,1,18.0,60,0.3,0,1,0,2
4,7,51.0,60,0.85,1,0,1,0
3,6,25.6,30,0.8533333333333334,1,0,1,0
23,3,93.9,100,0.9390000000000001,0,0,1,0
20,3,78.8,80,0.985,0,0,0,0
19,6,38.3,80,0.47874999999999995,1,1,0,1
3,3,23.9,30,0.7966666666666666,0,0,1,0
19,1,37.8,100,0.37799999999999995,0,1,0,2
21,7,58.5,60,0.975,1,0,0,0
21,3,15.8,50,0.316,0,0,0,2
23,3,60.4,80,0.755,0,0,1,0
17,5,30.1,50,0.602,0,1,0,1
19,6,27.0,50,0.54,1,1,0,1
1,5,61.6,80,0.77,0,0,1,0
8,4,47.0,60,0.7833333333333333,0,1,0,0
22,2,23.3,50,0.466,0,0,1,1
2,4,92.6,100,0.9259999999999999,0,0,1,0
19,5,29.6,100,0.29600000000000004,0,1,0,2
16,7,46.1,60,0.7683333333333333,1,0,0,0
23,7,65.0,80,0.8125,1,0,1,0
12,4,12.0,60,0.2,0,0,0,2
17,5,22.9,80,0.28625,0,1,0,2
18,1,16.8,50,0.336,0,1,0,2
16,3,58.2,60,0.9700000000000001,0,0,0,0
21,2,66.8,80,0.835,0,0,0,0
6,7,28.9,30,0.9633333333333333,1,0,0,0
18,5,18.2,80,0.22749999999999998,0,1,0,2
3,5,51.9,80,0.6487499999999999,0,0,1,1
12,7,20.1,30,0.67,1,0,0,1
7,3,26.8,80,0.335,0,1,0,2
11,2,4.3,30,0.14333333333333334,0,0,0,2
18,6,36.5,60,0.6083333333333333,1,1,0,1
23,7,76.2,80,0.9525,1,0,1,0
14,4,35.9,60,0.5983333333333333,0,0,0,1
18,4,9.7,60,0.16166666666666665,0,1,0,2
6,1,50.1,80,0.62625,0,0,0,1
14,5,11.3,80,0.14125000000000001,0,0,0,2
14,5,58.0,60,0.9666666666666667,0,0,0,0
21,6,60.1,80,0.75125,1,0,0,0
11,7,9.7,50,0.19399999999999998,1,0,0,2
6,1,28.4,30,0.9466666666666667,0,0,0,0
2,2,38.8,60,0.6466666666666666,0,0,1,1
13,3,48.7,50,0.9740000000000001,0,0,0,0
4,3,50.0,60,0.8333333333333334,0,0,1,0
3,3,58.5,60,0.975,0,0,1,0
7,7,34.1,50,0.682,1,1,0,1
17,2,32.0,50,0.64,0,1,0,1
15,7,29.9,80,0.37374999999999997,1,0,0,2
12,4,63.3,80,0.79125,0,0,0,0
2,6,10.9,60,0.18166666666666667,1,0,1,2
4,6,94.6,100,0.946,1,0,1,0
21,6,49.4,60,0.8233333333333334,1,0,0,0
0,7,18.7,30,0.6233333333333333,1,0,1,1
13,5,52.0,60,0.8666666666666667,0,0,0,0
15,2,39.3,50,0.7859999999999999,0,0,0,0
5,1,19.5,30,0.65,0,0,1,1
12,2,22.8,60,0.38,0,0,0,2
23,7,62.0,80,0.775,1,0,1,0
6,2,57.2,60,0.9533333333333334,0,0,0,0
9,3,47.6,60,0.7933333333333333,0,1,0,0
3,5,44.4,60,0.74,0,0,1,1
20,1,22.0,50,0.44,0,0,0,2
8,6,71.5,80,0.89375,1,1,0,0
19,1,50.1,60,0.8350000000000001,0,1,0,0
8,3,5.6,50,0.11199999999999999,0,1,0,2
13,6,36.3,60,0.605,1,0,0,1
1,2,40.9,50,0.818,0,0,1,0
5,2,68.9,80,0.8612500000000001,0,0,1,0
4,5,42.1,80,0.52625,0,0,1,1
6,5,24.4,60,0.4066666666666666,0,0,0,2
20,4,17.4,60,0.29,0,0,0,2
22,7,53.9,60,0.8983333333333333,1,0,1,0
23,7,37.7,50,0.754,1,0,1,0
13,2,51.0,60,0.85,0,0,0,0
22,2,49.7,60,0.8283333333333334,0,0,1,0
2,4,51.2,60,0.8533333333333334,0,0,1,0
20,3,62.1,80,0.77625,0,0,0,0
1,7,43.4,50,0.868,1,0,1,0
20,3,50.9,80,0.63625,0,0,0,1
23,5,43.0,50,0.86,0,0,1,0
0,6,49.8,100,0.498,1,0,1,1
21,7,23.4,30,0.7799999999999999,1,0,0,0
3,4,64.3,80,0.80375,0,0,1,0
6,1,41.6,60,0.6933333333333334,0,0,0,1
5,2,46.7,60,0.7783333333333334,0,0,1,0
12,3,31.7,50,0.634,0,0,0,1
16,2,22.7,30,0.7566666666666666,0,0,0,0
4,7,75.5,100,0.755,1,0,1,0
14,2,39.5,50,0.79,0,0,0,0
21,4,49.7,50,0.9940000000000001,0,0,0,0
11,1,19.9,30,0.6633333333333333,0,0,0,1
15,6,6.1,60,0.10166666666666666,1,0,0,2
13,3,35.1,50,0.7020000000000001,0,0,0,1
14,3,50.9,60,0.8483333333333333,0,0,0,0
16,4,59.9,60,0.9983333333333333,0,0,0,0
3,6,23.3,50,0.466,1,0,1,1
3,3,36.1,50,0.722,0,0,1,1
11,4,30.8,50,0.616,0,0,0,1
20,7,57.4,80,0.7175,1,0,0,1
5,3,57.3,60,0.955,0,0,1,0
4,7,9.4,60,0.15666666666666668,1,0,1,2
6,7,40.4,60,0.6733333333333333,1,0,0,1
13,2,53.8,60,0.8966666666666666,0,0,0,0
0,6,22.6,30,0.7533333333333334,1,0,1,0
16,6,33.3,60,0.5549999999999999,1,0,0,1
18,4,12.4,30,0.41333333333333333,0,1,0,2
7,7,59.3,60,0.9883333333333333,1,1,0,0
19,7,49.1,80,0.61375,1,1,0,1
10,6,34.5,50,0.69,1,0,0,1
1,6,59.8,60,0.9966666666666666,1,0,1,0
3,7,52.6,80,0.6575,1,0,1,1
15,3,45.5,60,0.7583333333333333,0,0,0,0
22,4,26.5,50,0.53,0,0,1,1
1,1,37.6,50,0.752,0,0,1,0
3,7,36.4,50,0.728,1,0,1,1
19,4,18.2,60,0.30333333333333334,0,1,0,2
23,7,56.9,60,0.9483333333333334,1,0,1,0
20,4,53.4,60,0.89,0,0,0,0
6,2,36.2,60,0.6033333333333334,0,0,0,1
11,2,54.1,80,0.67625,0,0,0,1
21,7,58.9,60,0.9816666666666667,1,0,0,0
20,3,20.6,50,0.41200000000000003,0,0,0,2
11,3,14.7,80,0.18375,0,0,0,2
1,6,62.0,80,0.775,1,0,1,0
3,6,22.6,50,0.452,1,0,1,1
23,7,55.3,60,0.9216666666666666,1,0,1,0
16,7,40.4,60,0.6733333333333333,1,0,0,1
9,5,3.9,30,0.13,0,1,0,2
0,5,55.2,80,0.6900000000000001,0,0,1,1
7,3,17.3,50,0.34600000000000003,0,1,0,2
17,5,20.8,30,0.6933333333333334,0,1,0,1
2,4,55.6,60,0.9266666666666666,0,0,1,0
1,4,82.7,100,0.8270000000000001,0,0,1,0
3,3,58.2,60,0.9700000000000001,0,0,1,0
15,1,55.2,60,0.92,0,0,0,0
3,3,29.0,50,0.58,0,0,1,1
4,4,47.1,60,0.785,0,0,1,0
7,7,50.9,60,0.8483333333333333,1,1,0,0
22,6,60.4,80,0.755,1,0,1,0
6,5,39.3,60,0.6549999999999999,0,0,0,1
21,7,16.2,30,0.5399999999999999,1,0,0,1
21,1,19.9,60,0.33166666666666667,0,0,0,2
0,7,23.5,30,0.7833333333333333,1,0,1,0
9,2,8.4,60,0.14,0,1,0,2
0,6,77.5,80,0.96875,1,0,1,0
0,3,48.9,50,0.978,0,0,1,0
1,6,38.8,60,0.6466666666666666,1,0,1,1
20,5,45.8,50,0.9159999999999999,0,0,0,0
1,7,52.5,60,0.875,1,0,1,0
23,1,76.2,100,0.762,0,0,1,0
11,4,40.8,80,0.51,0,0,0,1
1,5,45.4,60,0.7566666666666666,0,0,1,0
13,3,22.5,60,0.375,0,0,0,2
20,7,31.9,50,0.638,1,0,0,1
9,4,30.1,80,0.37625000000000003,0,1,0,2
0,4,49.4,50,0.988,0,0,1,0
4,3,59.0,60,0.9833333333333333,0,0,1,0
17,3,23.6,60,0.39333333333333337,0,1,0,2
0,6,47.2,60,0.7866666666666667,1,0,1,0
18,1,9.9,60,0.165,0,1,0,2
17,1,53.8,60,0.8966666666666666,0,1,0,0
16,7,57.1,60,0.9516666666666667,1,0,0,0
18,1,17.2,60,0.2866666666666667,0,1,0,2
8,6,48.1,50,0.9620000000000001,1,1,0,0
17,5,35.2,50,0.7040000000000001,0,1,0,1
3,2,48.9,60,0.815,0,0,1,0
0,6,77.0,80,0.9625,1,0,1,0
3,6,39.8,50,0.7959999999999999,1,0,1,0
19,6,76.4,80,0.9550000000000001,1,1,0,0
17,5,14.7,60,0.245,0,1,0,2
13,3,76.5,80,0.95625,0,0,0,0
0,3,48.4,60,0.8066666666666666,0,0,1,0
10,5,56.9,60,0.9483333333333334,0,0,0,0
21,4,58.2,60,0.9700000000000001,0,0,0,0
5,3,47.6,50,0.9520000000000001,0,0,1,0
1,3,43.2,50,0.8640000000000001,0,0,1,0
20,5,27.5,60,0.4583333333333333,0,0,0,1
16,1,45.8,80,0.5725,0,0,0,1
6,7,15.4,30,0.5133333333333333,1,0,0,1
14,2,23.7,30,0.7899999999999999,0,0,0,0
21,2,48.5,60,0.8083333333333333,0,0,0,0
3,5,51.7,60,0.8616666666666667,0,0,1,0
5,6,41.8,50,0.836,1,0,1,0
23,1,45.6,60,0.76,0,0,1,0
22,7,76.9,80,0.96125,1,0,1,0
21,3,57.3,60,0.955,0,0,0,0
0,5,45.9,60,0.765,0,0,1,0
4,7,38.2,50,0.764,1,0,1,0
12,4,31.0,80,0.3875,0,0,0,2
4,5,56.9,60,0.9483333333333334,0,0,1,0
4,4,70.0,100,0.7,0,0,1,1
8,2,27.5,80,0.34375,0,1,0,2
6,6,57.9,60,0.965,1,0,0,0
9,5,46.0,50,0.92,0,1,0,0
5,6,38.8,50,0.7759999999999999,1,0,1,0
23,3,52.0,60,0.8666666666666667,0,0,1,0
7,1,41.3,80,0.51625,0,1,0,1
18,4,45.5,60,0.7583333333333333,0,1,0,0
3,6,56.4,60,0.94,1,0,1,0
3,2,91.9,100,0.919,0,0,1,0
8,4,10.2,80,0.1275,0,1,0,2
6,1,19.2,30,0.64,0,0,0,1
0,7,55.4,60,0.9233333333333333,1,0,1,0
21,6,12.1,60,0.20166666666666666,1,0,0,2
11,1,28.7,60,0.47833333333333333,0,0,0,1
19,5,50.4,60,0.84,0,1,0,0
1,1,23.6,50,0.47200000000000003,0,0,1,1
20,7,45.1,80,0.56375,1,0,0,1
0,7,50.8,60,0.8466666666666666,1,0,1,0
18,2,57.1,100,0.5710000000000001,0,1,0,1
6,4,42.8,80,0.5349999999999999,0,0,0,1
21,6,25.6,30,0.8533333333333334,1,0,0,0
20,2,16.9,50,0.33799999999999997,0,0,0,2
17,3,12.6,30,0.42,0,1,0,2
15,6,42.8,60,0.7133333333333333,1,0,0,1
1,3,30.0,60,0.5,0,0,1,1
20,2,33.1,60,0.5516666666666666,0,0,0,1
4,7,26.0,30,0.8666666666666667,1,0,1,0
22,7,32.1,80,0.40125,1,0,1,2
21,7,33.9,50,0.6779999999999999,1,0,0,1
22,2,46.6,60,0.7766666666666667,0,0,1,0
14,2,27.7,30,0.9233333333333333,0,0,0,0
0,7,48.0,60,0.8,1,0,1,0
12,1,25.3,60,0.4216666666666667,0,0,0,2
17,1,6.1,50,0.122,0,1,0,2
8,2,11.2,60,0.18666666666666665,0,1,0,2
9,2,41.1,60,0.685,0,1,0,1
9,1,14.8,60,0.24666666666666667,0,1,0,2
19,4,52.5,60,0.875,0,1,0,0
1,1,57.6,60,0.9600000000000001,0,0,1,0
20,5,49.3,60,0.8216666666666667,0,0,0,0
15,1,74.3,80,0.92875,0,0,0,0
0,5,89.4,100,0.894,0,0,1,0
14,6,27.3,60,0.455,1,0,0,1
0,4,70.8,80,0.885,0,0,1,0
18,3,7.2,50,0.14400000000000002,0,1,0,2
11,7,65.2,80,0.8150000000000001,1,0,0,0
15,5,32.3,60,0.5383333333333333,0,0,0,1
17,4,30.9,50,0.618,0,1,0,1
18,3,30.7,50,0.614,0,1,0,1
11,4,30.1,60,0.5016666666666667,0,0,0,1
15,3,52.0,80,0.65,0,0,0,1
12,5,32.3,50,0.6459999999999999,0,0,0,1
0,2,49.0,60,0.8166666666666667,0,0,1,0
10,7,8.7,30,0.29,1,0,0,2
14,4,54.6,100,0.546,0,0,0,1
17,6,15.4,50,0.308,1,1,0,2
22,5,37.6,50,0.752,0,0,1,0
0,7,82.7,100,0.8270000000000001,1,0,1,0
1,4,76.3,80,0.95375,0,0,1,0
19,4,12.2,50,0.244,0,1,0,2
2,5,49.9,50,0.998,0,0,1,0
21,3,40.2,50,0.804,0,0,0,0
18,7,39.3,60,0.6549999999999999,1,1,0,1
17,1,30.7,60,0.5116666666666666,0,1,0,1
14,6,47.9,50,0.958,1,0,0,0
21,2,46.7,50,0.934,0,0,0,0
23,6,48.4,60,0.8066666666666666,1,0,1,0
4,2,66.7,80,0.83375,0,0,1,0
21,7,90.7,100,0.907,1,0,0,0
13,4,32.4,60,0.5399999999999999,0,0,0,1
11,5,59.7,60,0.995,0,0,0,0
14,3,96.6,100,0.966,0,0,0,0
23,3,87.9,100,0.879,0,0,1,0
6,3,59.8,60,0.9966666666666666,0,0,0,0
22,7,57.6,60,0.9600000000000001,1,0,1,0
18,3,53.9,60,0.8983333333333333,0,1,0,0
22,6,50.0,60,0.8333333333333334,1,0,1,0
4,1,51.1,60,0.8516666666666667,0,0,1,0
3,5,48.1,50,0.9620000000000001,0,0,1,0
19,4,24.8,80,0.31,0,1,0,2
5,6,32.3,60,0.5383333333333333,1,0,1,1
12,7,39.1,80,0.48875,1,0,0,1
18,7,36.2,60,0.6033333333333334,1,1,0,1
10,5,18.0,60,0.3,0,0,0,2
1,6,48.8,50,0.976,1,0,1,0
13,4,78.0,80,0.975,0,0,0,0
5,6,52.4,60,0.8733333333333333,1,0,1,0
7,3,33.4,60,0.5566666666666666,0,1,0,1
12,3,47.4,60,0.7899999999999999,0,0,0,0
15,1,42.8,60,0.7133333333333333,0,0,0,1
18,5,21.1,50,0.42200000000000004,0,1,0,2
10,5,45.0,80,0.5625,0,0,0,1
17,2,35.2,60,0.5866666666666667,0,1,0,1
15,7,46.9,80,0.5862499999999999,1,0,0,1
2,6,50.8,60,0.8466666666666666,1,0,1,0
18,1,21.9,60,0.365,0,1,0,2
10,3,24.6,30,0.8200000000000001,0,0,0,0
9,1,47.0,60,0.7833333333333333,0,1,0,0
6,1,49.1,80,0.61375,0,0,0,1
23,3,45.6,60,0.76,0,0,1,0
21,1,49.3,60,0.8216666666666667,0,0,0,0
9,3,28.7,60,0.47833333333333333,0,1,0,1
4,6,26.6,50,0.532,1,0,1,1
20,1,11.6,60,0.19333333333333333,0,0,0,2
13,1,23.7,50,0.474,0,0,0,1
12,2,49.3,60,0.8216666666666667,0,0,0,0
0,4,46.7,50,0.934,0,0,1,0
12,7,11.4,60,0.19,1,0,0,2
13,7,34.8,60,0.58,1,0,0,1
19,6,16.7,80,0.20875,1,1,0,2
16,7,26.9,30,0.8966666666666666,1,0,0,0
4,4,49.4,60,0.8233333333333334,0,0,1,0
13,5,39.1,50,0.782,0,0,0,0
14,7,67.5,80,0.84375,1,0,0,0
21,3,28.7,50,0.574,0,0,0,1
18,6,54.9,80,0.68625,1,1,0,1
1,4,57.5,60,0.9583333333333334,0,0,1,0
18,3,40.1,60,0.6683333333333333,0,1,0,1
9,6,25.1,50,0.502,1,1,0,1
7,3,29.8,60,0.4966666666666667,0,1,0,1
13,7,29.1,60,0.48500000000000004,1,0,0,1
16,3,19.7,30,0.6566666666666666,0,0,0,1
11,1,45.3,60,0.755,0,0,0,0
8,1,8.5,60,0.14166666666666666,0,1,0,2
16,4,50.9,60,0.8483333333333333,0,0,0,0
22,7,43.4,50,0.868,1,0,1,0
1,7,21.3,60,0.35500000000000004,1,0,1,2
23,7,47.8,60,0.7966666666666666,1,0,1,0
16,6,46.9,50,0.938,1,0,0,0
5,4,47.1,60,0.785,0,0,1,0
19,3,11.5,30,0.38333333333333336,0,1,0,2
19,6,66.5,80,0.83125,1,1,0,0
3,3,42.9,50,0.858,0,0,1,0
19,3,12.1,60,0.20166666666666666,0,1,0,2
1,3,63.6,80,0.795,0,0,1,0
5,6,47.7,60,0.795,1,0,1,0
4,6,73.6,80,0.9199999999999999,1,0,1,0
14,5,44.3,50,0.8859999999999999,0,0,0,0
14,1,7.6,30,0.2533333333333333,0,0,0,2
1,6,90.0,100,0.9,1,0,1,0
6,1,26.5,50,0.53,0,0,0,1
6,4,28.0,60,0.4666666666666667,0,0,0,1
12,6,11.4,30,0.38,1,0,0,2
23,5,53.9,60,0.8983333333333333,0,0,1,0
7,5,28.0,60,0.4666666666666667,0,1,0,1
4,3,49.5,50,0.99,0,0,1,0
16,6,53.3,60,0.8883333333333333,1,0,0,0
16,6,10.0,60,0.16666666666666666,1,0,0,2
21,2,38.3,80,0.47874999999999995,0,0,0,1
11,5,17.2,30,0.5733333333333334,0,0,0,1
19,3,21.3,50,0.426,0,1,0,2
9,1,9.1,60,0.15166666666666667,0,1,0,2
15,1,87.0,100,0.87,0,0,0,0
11,6,35.2,50,0.7040000000000001,1,0,0,1
2,3,57.0,60,0.95,0,0,1,0
10,6,50.0,60,0.8333333333333334,1,0,0,0
23,5,52.8,60,0.88,0,0,1,0
19,5,30.5,80,0.38125,0,1,0,2
13,3,61.5,80,0.76875,0,0,0,0
11,3,38.6,60,0.6433333333333333,0,0,0,1
14,2,34.2,50,0.684,0,0,0,1
14,4,81.7,100,0.8170000000000001,0,0,0,0
8,7,62.0,80,0.775,1,1,0,0
16,2,35.5,60,0.5916666666666667,0,0,0,1
17,4,24.1,60,0.40166666666666667,0,1,0,2
9,5,36.9,80,0.46125,0,1,0,1
23,1,71.5,80,0.89375,0,0,1,0
7,6,49.4,60,0.8233333333333334,1,1,0,0
15,2,76.8,80,0.96,0,0,0,0
18,3,11.9,30,0.39666666666666667,0,1,0,2
21,5,14.7,60,0.245,0,0,0,2
19,6,38.0,60,0.6333333333333333,1,1,0,1
23,1,53.0,60,0.8833333333333333,0,0,1,0
17,3,17.4,60,0.29,0,1,0,2
21,4,41.0,50,0.82,0,0,0,0
14,4,15.8,30,0.5266666666666667,0,0,0,1
8,3,42.4,60,0.7066666666666667,0,1,0,1
12,4,24.8,30,0.8266666666666667,0,0,0,0
16,3,46.6,50,0.932,0,0,0,0
22,4,59.6,60,0.9933333333333334,0,0,1,0
15,5,40.5,50,0.81,0,0,0,0
2,6,52.5,60,0.875,1,0,1,0
21,5,79.6,80,0.9949999999999999,0,0,0,0
5,6,23.8,30,0.7933333333333333,1,0,1,0
1,3,58.8,60,0.98,0,0,1,0
14,6,8.4,60,0.14,1,0,0,2
19,4,30.6,80,0.3825,0,1,0,2
13,3,15.3,100,0.153,0,0,0,2
9,4,29.5,100,0.295,0,1,0,2
15,2,40.5,80,0.50625,0,0,0,1
21,3,79.5,100,0.795,0,0,0,0
14,5,36.8,80,0.45999999999999996,0,0,0,1
8,1,15.5,80,0.19375,0,1,0,2
19,5,25.4,60,0.4233333333333333,0,1,0,2
13,4,45.6,60,0.76,0,0,0,0
1,7,42.0,50,0.84,1,0,1,0
5,7,27.6,30,0.92,1,0,1,0
15,5,41.4,60,0.69,0,0,0,1
22,3,41.6,60,0.6933333333333334,0,0,1,1
4,4,53.4,60,0.89,0,0,1,0
9,6,14.6,50,0.292,1,1,0,2
2,6,46.3,50,0.9259999999999999,1,0,1,0
6,3,75.9,80,0.9487500000000001,0,0,0,0
12,4,14.3,80,0.17875000000000002,0,0,0,2
14,7,17.9,30,0.5966666666666666,1,0,0,1
20,1,25.3,60,0.4216666666666667,0,0,0,2
17,4,9.6,50,0.192,0,1,0,2
2,6,39.9,50,0.7979999999999999,1,0,1,0
14,6,41.8,50,0.836,1,0,0,0
21,6,50.3,60,0.8383333333333333,1,0,0,0
12,3,22.0,50,0.44,0,0,0,2
8,5,17.5,30,0.5833333333333334,0,1,0,1
3,2,56.6,60,0.9433333333333334,0,0,1,0
9,1,25.8,60,0.43,0,1,0,2
12,1,23.8,50,0.47600000000000003,0,0,0,1
23,1,50.0,60,0.8333333333333334,0,0,1,0
3,2,91.4,100,0.914,0,0,1,0
9,3,4.1,30,0.13666666666666666,0,1,0,2
6,4,32.7,50,0.654,0,0,0,1
22,5,54.2,60,0.9033333333333334,0,0,1,0
1,5,25.1,60,0.41833333333333333,0,0,1,2
12,3,79.1,80,0.9887499999999999,0,0,0,0
0,6,46.7,60,0.7783333333333334,1,0,1,0
1,2,56.4,60,0.94,0,0,1,0
14,3,25.1,30,0.8366666666666667,0,0,0,0
9,6,23.4,30,0.7799999999999999,1,1,0,0
19,7,31.1,50,0.622,1,1,0,1
6,3,22.9,30,0.7633333333333333,0,0,0,0
1,4,54.9,60,0.9149999999999999,0,0,1,0
12,3,42.7,80,0.5337500000000001,0,0,0,1
21,5,43.7,60,0.7283333333333334,0,0,0,1
13,6,42.1,60,0.7016666666666667,1,0,0,1
12,5,51.3,60,0.855,0,0,0,0
5,6,55.6,100,0.556,1,0,1,1
14,4,66.3,80,0.82875,0,0,0,0
14,2,27.7,50,0.5539999999999999,0,0,0,1
16,4,35.8,60,0.5966666666666666,0,0,0,1
6,3,29.6,60,0.49333333333333335,0,0,0,1
12,4,47.8,60,0.7966666666666666,0,0,0,0
11,2,16.2,30,0.5399999999999999,0,0,0,1
18,6,45.9,80,0.57375,1,1,0,1
7,2,19.9,80,0.24874999999999997,0,1,0,2
18,1,8.2,60,0.13666666666666666,0,1,0,2
22,4,28.7,30,0.9566666666666667,0,0,1,0
8,3,10.8,60,0.18000000000000002,0,1,0,2
3,2,48.3,80,0.60375,0,0,1,1
13,6,32.9,60,0.5483333333333333,1,0,0,1
6,6,49.1,60,0.8183333333333334,1,0,0,0
6,4,14.8,60,0.24666666666666667,0,0,0,2
17,6,9.3,80,0.11625,1,1,0,2
17,7,10.5,50,0.21,1,1,0,2
7,2,34.1,80,0.42625,0,1,0,2
18,3,31.5,80,0.39375,0,1,0,2
17,1,19.5,50,0.39,0,1,0,2
10,2,58.5,60,0.975,0,0,0,0
5,3,51.7,60,0.8616666666666667,0,0,1,0
19,6,8.6,80,0.1075,1,1,0,2
14,3,57.9,80,0.72375,0,0,0,1
2,7,24.1,30,0.8033333333333333,1,0,1,0
16,7,38.2,80,0.47750000000000004,1,0,0,1
23,6,37.7,60,0.6283333333333334,1,0,1,1
13,4,25.0,60,0.4166666666666667,0,0,0,2
3,5,47.8,60,0.7966666666666666,0,0,1,0
3,1,48.0,60,0.8,0,0,1,0
22,1,73.6,80,0.9199999999999999,0,0,1,0
8,3,19.4,60,0.3233333333333333,0,1,0,2
2,6,49.9,60,0.8316666666666667,1,0,1,0
21,7,45.6,60,0.76,1,0,0,0
0,5,54.1,80,0.67625,0,0,1,1
8,2,33.7,60,0.5616666666666668,0,1,0,1
7,1,30.4,80,0.38,0,1,0,2
12,3,42.1,50,0.8420000000000001,0,0,0,0
13,6,23.4,60,0.38999999999999996,1,0,0,2
16,7,25.8,50,0.516,1,0,0,1
17,3,28.0,50,0.56,0,1,0,1
17,2,9.7,30,0.3233333333333333,0,1,0,2
15,6,18.6,30,0.62,1,0,0,1
3,2,25.9,30,0.8633333333333333,0,0,1,0
14,1,25.3,80,0.31625000000000003,0,0,0,2
4,1,28.0,30,0.9333333333333333,0,0,1,0
5,3,54.1,60,0.9016666666666667,0,0,1,0
15,2,46.0,60,0.7666666666666667,0,0,0,0
22,7,23.3,50,0.466,1,0,1,1
18,1,6.9,60,0.115,0,1,0,2
9,4,22.4,100,0.22399999999999998,0,1,0,2
22,1,45.6,50,0.912,0,0,1,0
6,6,24.3,50,0.486,1,0,0,1
13,4,29.4,30,0.98,0,0,0,0
1,1,21.1,30,0.7033333333333334,0,0,1,1
18,5,69.3,100,0.693,0,1,0,1
3,3,66.9,80,0.83625,0,0,1,0
1,2,38.8,50,0.7759999999999999,0,0,1,0
14,5,25.4,50,0.508,0,0,0,1
12,3,56.5,60,0.9416666666666667,0,0,0,0
12,3,67.5,80,0.84375,0,0,0,0
7,7,57.5,60,0.9583333333333334,1,1,0,0
20,4,56.7,80,0.70875,0,0,0,1
12,7,8.5,30,0.2833333333333333,1,0,0,2
7,4,5.5,50,0.11,0,1,0,2
2,7,71.6,80,0.8949999999999999,1,0,1,0
1,4,68.8,80,0.86,0,0,1,0
13,3,50.0,60,0.8333333333333334,0,0,0,0
23,1,27.6,30,0.92,0,0,1,0
5,2,60.2,80,0.7525000000000001,0,0,1,0
17,6,13.1,30,0.43666666666666665,1,1,0,2
13,3,34.9,50,0.698,0,0,0,1
4,2,46.4,50,0.9279999999999999,0,0,1,0
16,4,57.5,80,0.71875,0,0,0,1
2,2,37.9,50,0.758,0,0,1,0
1,6,94.9,100,0.9490000000000001,1,0,1,0
21,7,59.2,60,0.9866666666666667,1,0,0,0
12,4,71.0,80,0.8875,0,0,0,0
1,3,11.3,100,0.113,0,0,1,2
15,3,32.8,100,0.32799999999999996,0,0,0,2
6,4,6.0,50,0.12,0,0,0,2
18,4,14.5,100,0.145,0,1,0,2
9,5,33.5,60,0.5583333333333333,0,1,0,1
14,5,69.4,80,0.8675,0,0,0,0
17,2,40.1,100,0.401,0,1,0,2
19,5,20.3,50,0.406,0,1,0,2
1,5,48.2,60,0.8033333333333333,0,0,1,0
8,3,40.2,60,0.67,0,1,0,1
23,2,27.0,30,0.9,0,0,1,0
11,3,14.3,80,0.17875000000000002,0,0,0,2
19,6,60.6,80,0.7575000000000001,1,1,0,0
18,3,18.1,60,0.3016666666666667,0,1,0,2
7,3,31.7,100,0.317,0,1,0,2
14,6,10.0,50,0.2,1,0,0,2
0,4,75.2,100,0.752,0,0,1,0
22,6,49.0,50,0.98,1,0,1,0
22,1,53.3,60,0.8883333333333333,0,0,1,0
3,5,15.1,30,0.5033333333333333,0,0,1,1
7,1,66.6,100,0.6659999999999999,0,1,0,1
12,7,49.6,60,0.8266666666666667,1,0,0,0
15,5,35.2,80,0.44000000000000006,0,0,0,2
11,1,22.8,50,0.456,0,0,0,1
21,7,57.7,60,0.9616666666666667,1,0,0,0
21,2,52.5,60,0.875,0,0,0,0
23,4,78.0,100,0.78,0,0,1,0
20,7,41.8,60,0.6966666666666667,1,0,0,1
15,2,45.9,50,0.9179999999999999,0,0,0,0
12,7,33.6,60,0.56,1,0,0,1
1,4,55.2,60,0.92,0,0,1,0
15,5,18.6,30,0.62,0,0,0,1
3,5,66.4,80,0.8300000000000001,0,0,1,0
10,7,32.5,50,0.65,1,0,0,1
9,2,15.7,80,0.19624999999999998,0,1,0,2
4,5,38.6,50,0.772,0,0,1,0
16,2,55.8,100,0.5579999999999999,0,0,0,1
12,6,43.4,60,0.7233333333333333,1,0,0,1
1,3,49.3,60,0.8216666666666667,0,0,1,0
23,5,57.9,60,0.965,0,0,1,0
0,4,17.7,60,0.295,0,0,1,2
1,3,50.1,60,0.8350000000000001,0,0,1,0
4,7,77.3,80,0.9662499999999999,1,0,1,0
10,3,31.6,60,0.5266666666666667,0,0,0,1
14,7,72.2,100,0.722,1,0,0,1
13,7,63.8,80,0.7975,1,0,0,0
5,3,61.7,80,0.77125,0,0,1,0
16,5,49.3,50,0.986,0,0,0,0
13,7,15.7,50,0.314,1,0,0,2
23,1,40.7,60,0.6783333333333333,0,0,1,1
13,2,19.1,50,0.382,0,0,0,2
23,2,53.2,60,0.8866666666666667,0,0,1,0
12,1,55.6,100,0.556,0,0,0,1
11,5,61.6,80,0.77,0,0,0,0
15,2,39.9,50,0.7979999999999999,0,0,0,0
17,6,26.2,30,0.8733333333333333,1,1,0,0
14,5,11.9,80,0.14875,0,0,0,2
23,2,53.9,60,0.8983333333333333,0,0,1,0
4,4,47.7,50,0.9540000000000001,0,0,1,0
9,3,33.5,80,0.41875,0,1,0,2
16,4,59.1,80,0.73875,0,0,0,1
9,6,28.7,50,0.574,1,1,0,1
16,7,28.6,80,0.35750000000000004,1,0,0,2
16,2,35.0,80,0.4375,0,0,0,2
22,7,23.8,80,0.2975,1,0,1,2
13,2,8.3,80,0.10375000000000001,0,0,0,2
21,7,29.2,60,0.48666666666666664,1,0,0,1
13,5,39.0,50,0.78,0,0,0,0
7,3,23.3,60,0.38833333333333336,0,1,0,2
21,2,45.7,50,0.914,0,0,0,0
14,6,43.4,60,0.7233333333333333,1,0,0,1
20,7,23.6,50,0.47200000000000003,1,0,0,1
21,4,47.1,60,0.785,0,0,0,0
8,1,8.4,60,0.14,0,1,0,2
18,1,13.0,30,0.43333333333333335,0,1,0,2
17,7,55.5,60,0.925,1,1,0,0
20,3,44.8,50,0.8959999999999999,0,0,0,0
9,1,21.1,30,0.7033333333333334,0,1,0,1
0,3,57.2,60,0.9533333333333334,0,0,1,0
4,7,52.4,100,0.524,1,0,1,1
7,5,58.6,60,0.9766666666666667,0,1,0,0
12,6,38.4,60,0.64,1,0,0,1
10,5,25.1,30,0.8366666666666667,0,0,0,0
7,6,52.6,60,0.8766666666666667,1,1,0,0
22,5,69.1,80,0.8637499999999999,0,0,1,0
8,2,5.6,30,0.18666666666666665,0,1,0,2
15,4,37.4,60,0.6233333333333333,0,0,0,1
15,2,81.4,100,0.8140000000000001,0,0,0,0
17,5,20.3,80,0.25375000000000003,0,1,0,2
2,2,45.7,60,0.7616666666666667,0,0,1,0
0,6,45.7,60,0.7616666666666667,1,0,1,0
16,3,32.8,60,0.5466666666666666,0,0,0,1
20,5,77.6,100,0.7759999999999999,0,0,0,0
1,1,68.3,80,0.85375,0,0,1,0
20,7,9.0,30,0.3,1,0,0,2
22,1,9.3,30,0.31,0,0,1,2
18,3,43.0,60,0.7166666666666667,0,1,0,1
12,3,11.1,50,0.222,0,0,0,2
4,2,85.7,100,0.857,0,0,1,0
6,4,28.5,80,0.35625,0,0,0,2
0,5,78.3,80,0.97875,0,0,1,0
18,5,16.3,60,0.27166666666666667,0,1,0,2
10,1,23.9,80,0.29874999999999996,0,0,0,2
0,2,67.1,100,0.6709999999999999,0,0,1,1
4,2,47.1,50,0.9420000000000001,0,0,1,0
3,2,72.0,80,0.9,0,0,1,0
0,5,23.3,30,0.7766666666666667,0,0,1,0
23,5,49.5,50,0.99,0,0,1,0
6,3,73.2,80,0.915,0,0,0,0
12,3,24.5,30,0.8166666666666667,0,0,0,0
20,7,53.3,60,0.8883333333333333,1,0,0,0
9,4,19.1,100,0.191,0,1,0,2
17,7,37.8,50,0.7559999999999999,1,1,0,0
22,7,58.8,80,0.735,1,0,1,1
12,7,43.8,80,0.5475,1,0,0,1
14,1,43.6,60,0.7266666666666667,0,0,0,1
1,6,53.9,60,0.8983333333333333,1,0,1,0
5,4,47.5,60,0.7916666666666666,0,0,1,0
2,4,28.6,30,0.9533333333333334,0,0,1,0
9,6,47.1,50,0.9420000000000001,1,1,0,0
4,3,43.1,50,0.862,0,0,1,0
9,5,22.4,60,0.3733333333333333,0,1,0,2
2,7,90.9,100,0.909,1,0,1,0
4,6,50.0,60,0.8333333333333334,1,0,1,0
0,1,44.5,50,0.89,0,0,1,0
20,6,57.6,60,0.9600000000000001,1,0,0,0
17,4,21.4,60,0.35666666666666663,0,1,0,2
17,3,10.3,60,0.1716666666666667,0,1,0,2
7,5,36.0,50,0.72,0,1,0,1
17,1,8.5,60,0.14166666666666666,0,1,0,2
18,2,40.9,60,0.6816666666666666,0,1,0,1
14,3,43.2,50,0.8640000000000001,0,0,0,0
12,4,38.0,50,0.76,0,0,0,0
23,1,39.1,60,0.6516666666666667,0,0,1,1
18,3,20.1,60,0.335,0,1,0,2
1,6,29.7,60,0.495,1,0,1,1
9,3,65.8,80,0.8225,0,1,0,0
9,3,29.5,50,0.59,0,1,0,1
20,4,5.8,50,0.11599999999999999,0,0,0,2
12,6,15.0,30,0.5,1,0,0,1
0,3,43.9,50,0.878,0,0,1,0
3,7,86.5,100,0.865,1,0,1,0
14,5,36.1,60,0.6016666666666667,0,0,0,1
13,6,7.0,50,0.14,1,0,0,2
21,6,26.8,30,0.8933333333333333,1,0,0,0
5,4,69.4,80,0.8675,0,0,1,0
10,6,32.0,60,0.5333333333333333,1,0,0,1
23,1,81.2,100,0.812,0,0,1,0
8,7,56.4,80,0.705,1,1,0,1
18,2,62.1,80,0.77625,0,1,0,0
23,5,69.9,80,0.87375,0,0,1,0
18,1,9.5,60,0.15833333333333333,0,1,0,2
4,7,29.2,80,0.365,1,0,1,2
8,4,30.1,50,0.602,0,1,0,1
20,7,41.4,50,0.828,1,0,0,0
5,1,51.5,60,0.8583333333333333,0,0,1,0
2,7,45.5,100,0.455,1,0,1,1
6,1,55.6,60,0.9266666666666666,0,0,0,0
10,3,31.1,60,0.5183333333333333,0,0,0,1
12,5,44.7,50,0.894,0,0,0,0
21,7,40.7,50,0.8140000000000001,1,0,0,0
13,3,76.3,100,0.763,0,0,0,0
10,4,11.6,50,0.23199999999999998,0,0,0,2
10,6,24.4,30,0.8133333333333332,1,0,0,0
23,1,59.7,60,0.995,0,0,1,0
13,3,52.0,80,0.65,0,0,0,1
16,1,71.5,80,0.89375,0,0,0,0
4,2,53.7,60,0.895,0,0,1,0
3,2,46.8,80,0.585,0,0,1,1
3,7,52.1,100,0.521,1,0,1,1
7,7,47.6,60,0.7933333333333333,1,1,0,0
9,1,14.8,60,0.24666666666666667,0,1,0,2
23,4,42.9,80,0.53625,0,0,1,1
9,2,62.2,80,0.7775000000000001,0,1,0,0
15,3,30.9,60,0.515,0,0,0,1
10,7,6.1,30,0.2033333333333333,1,0,0,2
21,5,39.9,50,0.7979999999999999,0,0,0,0
22,6,47.5,50,0.95,1,0,1,0
8,1,26.8,80,0.335,0,1,0,2
12,2,44.2,80,0.5525,0,0,0,1
12,7,9.1,80,0.11374999999999999,1,0,0,2
14,7,46.1,60,0.7683333333333333,1,0,0,0
15,2,40.5,60,0.675,0,0,0,1
20,3,51.5,60,0.8583333333333333,0,0,0,0
1,7,41.0,60,0.6833333333333333,1,0,1,1
21,2,55.0,80,0.6875,0,0,0,1
8,2,20.7,60,0.345,0,1,0,2
19,3,3.8,30,0.12666666666666665,0,1,0,2
19,6,69.4,100,0.6940000000000001,1,1,0,1
16,5,47.3,60,0.7883333333333333,0,0,0,0
17,5,32.2,80,0.4025,0,1,0,2
2,6,60.8,80,0.76,1,0,1,0
7,2,58.8,80,0.735,0,1,0,1
18,1,20.7,60,0.345,0,1,0,2
3,7,75.4,80,0.9425000000000001,1,0,1,0
14,6,28.5,30,0.95,1,0,0,0
2,5,45.3,60,0.755,0,0,1,0
18,7,48.2,80,0.6025,1,1,0,1
9,6,47.0,50,0.94,1,1,0,0
20,7,10.4,100,0.10400000000000001,1,0,0,2
4,7,61.9,80,0.7737499999999999,1,0,1,0
18,3,9.8,60,0.16333333333333336,0,1,0,2
18,7,50.1,60,0.8350000000000001,1,1,0,0
15,1,19.8,100,0.198,0,0,0,2
2,6,49.2,80,0.615,1,0,1,1
6,4,58.9,60,0.9816666666666667,0,0,0,0
12,4,60.8,80,0.76,0,0,0,0
0,6,18.1,30,0.6033333333333334,1,0,1,1
20,3,20.5,30,0.6833333333333333,0,0,0,1
15,7,18.5,60,0.30833333333333335,1,0,0,2
22,5,56.0,60,0.9333333333333333,0,0,1,0
4,6,47.0,60,0.7833333333333333,1,0,1,0
14,5,30.2,60,0.5033333333333333,0,0,0,1
11,4,30.2,60,0.5033333333333333,0,0,0,1
7,2,77.2,80,0.9650000000000001,0,1,0,0
8,2,11.1,50,0.222,0,1,0,2
10,1,14.8,80,0.185,0,0,0,2
9,5,19.0,50,0.38,0,1,0,2
23,7,43.8,50,0.8759999999999999,1,0,1,0
0,6,30.2,50,0.604,1,0,1,1
19,2,6.9,60,0.115,0,1,0,2
21,2,13.1,30,0.43666666666666665,0,0,0,2
15,5,57.4,80,0.7175,0,0,0,1
21,6,10.4,80,0.13,1,0,0,2
5,4,58.7,60,0.9783333333333334,0,0,1,0
14,5,38.5,50,0.77,0,0,0,0
1,2,29.9,30,0.9966666666666666,0,0,1,0
8,5,41.6,80,0.52,0,1,0,1
20,6,48.7,60,0.8116666666666668,1,0,0,0
8,5,15.1,60,0.25166666666666665,0,1,0,2
15,7,45.8,60,0.7633333333333333,1,0,0,0
20,1,78.6,80,0.9824999999999999,0,0,0,0
10,7,13.5,100,0.135,1,0,0,2
17,4,35.6,60,0.5933333333333334,0,1,0,1
2,5,93.2,100,0.932,0,0,1,0
10,4,41.8,50,0.836,0,0,0,0
2,5,55.8,60,0.9299999999999999,0,0,1,0
20,7,33.7,50,0.674,1,0,0,1
10,5,54.7,60,0.9116666666666667,0,0,0,0
8,5,9.7,60,0.16166666666666665,0,1,0,2
15,7,36.1,60,0.6016666666666667,1,0,0,1
13,3,32.4,60,0.5399999999999999,0,0,0,1
0,2,42.0,80,0.525,0,0,1,1
17,4,19.5,60,0.325,0,1,0,2
23,5,72.0,80,0.9,0,0,1,0
23,2,48.9,60,0.815,0,0,1,0
5,1,30.2,50,0.604,0,0,1,1
5,7,59.8,60,0.9966666666666666,1,0,1,0
0,5,40.0,50,0.8,0,0,1,0
13,3,23.9,60,0.3983333333333333,0,0,0,2
18,6,23.8,50,0.47600000000000003,1,1,0,1
3,3,88.9,100,0.889,0,0,1,0
2,7,34.9,80,0.43624999999999997,1,0,1,2
23,6,48.3,50,0.966,1,0,1,0
8,7,43.9,50,0.878,1,1,0,0
22,6,88.1,100,0.8809999999999999,1,0,1,0
9,6,30.8,60,0.5133333333333333,1,1,0,1
19,5,3.7,30,0.12333333333333334,0,1,0,2
15,6,38.8,60,0.6466666666666666,1,0,0,1
12,4,45.8,60,0.7633333333333333,0,0,0,0
8,1,6.2,30,0.20666666666666667,0,1,0,2
5,4,49.7,60,0.8283333333333334,0,0,1,0
11,5,32.6,50,0.652,0,0,0,1
13,1,40.2,60,0.67,0,0,0,1
15,6,56.4,80,0.705,1,0,0,1
12,6,53.1,60,0.885,1,0,0,0
21,7,36.7,80,0.45875000000000005,1,0,0,1
10,4,51.6,60,0.86,0,0,0,0
8,1,59.2,100,0.5920000000000001,0,1,0,1
9,2,35.8,50,0.716,0,1,0,1
18,7,8.6,50,0.172,1,1,0,2
0,7,39.8,50,0.7959999999999999,1,0,1,0
1,4,36.1,60,0.6016666666666667,0,0,1,1
9,1,25.0,60,0.4166666666666667,0,1,0,2
22,3,28.4,30,0.9466666666666667,0,0,1,0
6,3,48.1,50,0.9620000000000001,0,0,0,0
14,5,50.7,60,0.8450000000000001,0,0,0,0
17,6,6.2,60,0.10333333333333333,1,1,0,2
13,1,16.3,60,0.27166666666666667,0,0,0,2
19,1,25.7,60,0.42833333333333334,0,1,0,2
10,5,72.5,80,0.90625,0,0,0,0
23,6,59.4,60,0.99,1,0,1,0
23,7,13.0,60,0.21666666666666667,1,0,1,2
1,1,61.8,100,0.618,0,0,1,1
9,7,43.0,100,0.43,1,1,0,2
20,5,49.7,60,0.8283333333333334,0,0,0,0
4,7,42.9,50,0.858,1,0,1,0
8,5,11.1,60,0.185,0,1,0,2
7,7,46.6,60,0.7766666666666667,1,1,0,0
7,3,23.8,60,0.39666666666666667,0,1,0,2
14,4,50.1,80,0.62625,0,0,0,1
4,7,38.0,50,0.76,1,0,1,0
19,6,58.3,100,0.583,1,1,0,1
15,7,48.2,50,0.9640000000000001,1,0,0,0
13,1,41.5,60,0.6916666666666667,0,0,0,1
13,1,43.5,50,0.87,0,0,0,0
3,5,56.4,80,0.705,0,0,1,1
23,3,42.5,60,0.7083333333333334,0,0,1,1
16,6,34.9,60,0.5816666666666667,1,0,0,1
19,7,25.8,50,0.516,1,1,0,1
8,7,10.6,60,0.17666666666666667,1,1,0,2
4,6,36.9,60,0.615,1,0,1,1
23,5,23.5,30,0.7833333333333333,0,0,1,0
21,4,23.0,30,0.7666666666666667,0,0,0,0
7,5,13.4,60,0.22333333333333333,0,1,0,2
18,4,22.7,60,0.3783333333333333,0,1,0,2
20,6,69.6,80,0.8699999999999999,1,0,0,0
23,2,78.6,80,0.9824999999999999,0,0,1,0
1,2,51.2,60,0.8533333333333334,0,0,1,0
19,6,21.0,60,0.35,1,1,0,2
1,3,40.4,50,0.8079999999999999,0,0,1,0
15,5,44.5,80,0.55625,0,0,0,1
4,3,57.5,60,0.9583333333333334,0,0,1,0
18,2,16.2,60,0.26999999999999996,0,1,0,2
4,1,48.3,50,0.966,0,0,1,0
16,3,47.3,60,0.7883333333333333,0,0,0,0
9,2,17.6,50,0.35200000000000004,0,1,0,2
18,7,51.2,60,0.8533333333333334,1,1,0,0
6,1,28.5,50,0.57,0,0,0,1
9,6,66.9,80,0.83625,1,1,0,0
20,4,8.0,30,0.26666666666666666,0,0,0,2
6,4,33.3,100,0.33299999999999996,0,0,0,2
12,4,9.8,60,0.16333333333333336,0,0,0,2
11,2,43.0,60,0.7166666666666667,0,0,0,1
11,4,23.9,30,0.7966666666666666,0,0,0,0
22,2,41.0,50,0.82,0,0,1,0
20,4,9.9,50,0.198,0,0,0,2
17,5,11.0,60,0.18333333333333332,0,1,0,2
16,4,74.8,80,0.9349999999999999,0,0,0,0
14,5,26.8,30,0.8933333333333333,0,0,0,0
13,2,51.5,60,0.8583333333333333,0,0,0,0
21,5,32.9,60,0.5483333333333333,0,0,0,1
12,3,69.3,100,0.693,0,0,0,1
18,4,36.3,50,0.726,0,1,0,1
15,7,33.0,80,0.4125,1,0,0,2
4,6,51.3,60,0.855,1,0,1,0
3,7,58.1,60,0.9683333333333334,1,0,1,0
14,5,16.5,50,0.33,0,0,0,2
17,4,25.2,60,0.42,0,1,0,2
7,1,19.7,50,0.39399999999999996,0,1,0,2
0,3,77.8,80,0.9724999999999999,0,0,1,0
16,5,77.8,80,0.9724999999999999,0,0,0,0
12,4,33.2,50,0.664,0,0,0,1
22,6,13.6,60,0.22666666666666666,1,0,1,2
0,7,40.4,60,0.6733333333333333,1,0,1,1
6,1,53.2,60,0.8866666666666667,0,0,0,0
0,6,17.5,60,0.2916666666666667,1,0,1,2
9,4,39.6,80,0.495,0,1,0,1
21,5,12.5,50,0.25,0,0,0,2
22,6,55.1,60,0.9183333333333333,1,0,1,0
0,5,79.8,80,0.9974999999999999,0,0,1,0
5,4,27.8,30,0.9266666666666666,0,0,1,0
16,3,20.2,60,0.33666666666666667,0,0,0,2
23,5,24.0,50,0.48,0,0,1,1
19,1,15.9,60,0.265,0,1,0,2
10,5,6.8,60,0.11333333333333333,0,0,0,2
3,2,50.8,60,0.8466666666666666,0,0,1,0
23,7,70.7,80,0.88375,1,0,1,0
10,3,32.9,50,0.6579999999999999,0,0,0,1
20,1,41.9,50,0.838,0,0,0,0
22,6,37.9,80,0.47375,1,0,1,1
13,3,29.4,60,0.49,0,0,0,1
2,7,37.7,50,0.754,1,0,1,0
18,7,23.3,30,0.7766666666666667,1,1,0,0
12,1,59.2,60,0.9866666666666667,0,0,0,0
3,4,37.9,50,0.758,0,0,1,0
22,2,50.1,60,0.8350000000000001,0,0,1,0
15,1,35.2,60,0.5866666666666667,0,0,0,1
23,4,38.8,50,0.7759999999999999,0,0,1,0
15,4,27.5,50,0.55,0,0,0,1
23,7,51.0,60,0.85,1,0,1,0
23,7,39.1,100,0.391,1,0,1,2
6,6,47.8,60,0.7966666666666666,1,0,0,0
22,5,39.1,50,0.782,0,0,1,0
22,4,46.0,60,0.7666666666666667,0,0,1,0
16,3,58.8,60,0.98,0,0,0,0
21,5,66.4,80,0.8300000000000001,0,0,0,0
20,5,51.6,60,0.86,0,0,0,0
16,4,57.9,60,0.965,0,0,0,0
7,7,43.8,60,0.73,1,1,0,1
18,2,14.2,60,0.23666666666666666,0,1,0,2
10,2,48.3,100,0.483,0,0,0,1
14,1,92.2,100,0.922,0,0,0,0
16,5,25.3,30,0.8433333333333334,0,0,0,0
4,6,50.6,60,0.8433333333333334,1,0,1,0
18,4,14.3,60,0.23833333333333334,0,1,0,2
22,5,82.9,100,0.8290000000000001,0,0,1,0
12,2,33.4,50,0.6679999999999999,0,0,0,1
18,4,17.5,80,0.21875,0,1,0,2
3,4,79.0,80,0.9875,0,0,1,0
22,2,52.9,60,0.8816666666666666,0,0,1,0
3,1,43.9,50,0.878,0,0,1,0
8,1,16.4,60,0.2733333333333333,0,1,0,2
6,1,7.5,60,0.125,0,0,0,2
10,6,32.3,80,0.40374999999999994,1,0,0,2
23,5,45.5,50,0.91,0,0,1,0
3,2,52.3,60,0.8716666666666666,0,0,1,0
12,1,39.1,80,0.48875,0,0,0,1
11,5,97.0,100,0.97,0,0,0,0
20,6,8.0,60,0.13333333333333333,1,0,0,2
3,2,43.3,60,0.7216666666666666,0,0,1,1
14,1,76.2,100,0.762,0,0,0,0
23,6,42.5,60,0.7083333333333334,1,0,1,1
2,3,35.1,60,0.5850000000000001,0,0,1,1
19,2,37.0,100,0.37,0,1,0,2
15,5,75.7,80,0.94625,0,0,0,0
0,7,61.3,80,0.76625,1,0,1,0
15,1,49.9,60,0.8316666666666667,0,0,0,0
20,7,43.8,60,0.73,1,0,0,1
1,3,36.8,60,0.6133333333333333,0,0,1,1
3,7,57.6,60,0.9600000000000001,1,0,1,0
15,7,46.1,60,0.7683333333333333,1,0,0,0
10,4,67.9,80,0.8487500000000001,0,0,0,0
21,7,94.5,100,0.945,1,0,0,0
16,4,39.7,50,0.794,0,0,0,0
20,2,50.9,60,0.8483333333333333,0,0,0,0
0,2,25.5,30,0.85,0,0,1,0
22,1,95.8,100,0.958,0,0,1,0
3,1,56.8,60,0.9466666666666667,0,0,1,0
19,6,69.1,100,0.691,1,1,0,1
15,4,45.7,50,0.914,0,0,0,0
4,4,41.8,60,0.6966666666666667,0,0,1,1
1,5,53.1,60,0.885,0,0,1,0
9,1,5.5,50,0.11,0,1,0,2
13,3,40.0,60,0.6666666666666666,0,0,0,1
16,4,71.1,80,0.8887499999999999,0,0,0,0
6,6,13.3,50,0.266,1,0,0,2
1,1,92.5,100,0.925,0,0,1,0
1,6,68.6,80,0.8574999999999999,1,0,1,0
11,7,42.3,80,0.5287499999999999,1,0,0,1
9,6,79.2,100,0.792,1,1,0,0
9,3,7.6,60,0.12666666666666665,0,1,0,2
21,5,36.7,50,0.7340000000000001,0,0,0,1
5,1,43.9,50,0.878,0,0,1,0
14,4,37.0,60,0.6166666666666667,0,0,0,1
0,3,17.4,30,0.58,0,0,1,1
13,3,54.4,60,0.9066666666666666,0,0,0,0
15,6,54.8,60,0.9133333333333333,1,0,0,0
9,3,13.5,80,0.16875,0,1,0,2
8,1,57.7,60,0.9616666666666667,0,1,0,0
10,6,48.8,60,0.8133333333333332,1,0,0,0
7,5,12.5,60,0.20833333333333334,0,1,0,2
7,2,31.1,60,0.5183333333333333,0,1,0,1
9,1,18.7,60,0.31166666666666665,0,1,0,2
0,2,78.6,80,0.9824999999999999,0,0,1,0
0,2,66.4,80,0.8300000000000001,0,0,1,0
21,7,44.4,50,0.888,1,0,0,0
7,3,51.0,60,0.85,0,1,0,0
9,2,18.8,60,0.31333333333333335,0,1,0,2
12,7,62.7,100,0.627,1,0,0,1
23,4,72.3,80,0.9037499999999999,0,0,1,0
2,6,34.7,60,0.5783333333333334,1,0,1,1
16,3,13.7,30,0.45666666666666667,0,0,0,1
19,6,31.2,50,0.624,1,1,0,1
15,7,32.4,60,0.5399999999999999,1,0,0,1
9,4,10.9,60,0.18166666666666667,0,1,0,2
16,2,52.2,60,0.87,0,0,0,0
8,1,16.9,50,0.33799999999999997,0,1,0,2
7,1,22.1,60,0.36833333333333335,0,1,0,2
12,2,53.2,80,0.665,0,0,0,1
22,5,27.1,30,0.9033333333333334,0,0,1,0
9,6,27.5,50,0.55,1,1,0,1
12,1,50.8,60,0.8466666666666666,0,0,0,0
22,1,39.8,50,0.7959999999999999,0,0,1,0
23,2,52.5,60,0.875,0,0,1,0
8,7,50.9,60,0.8483333333333333,1,1,0,0
7,7,45.9,60,0.765,1,1,0,0
16,7,43.3,60,0.7216666666666666,1,0,0,1
9,1,18.3,80,0.22875,0,1,0,2
10,1,67.1,80,0.8387499999999999,0,0,0,0
14,1,18.1,30,0.6033333333333334,0,0,0,1
9,1,59.0,80,0.7375,0,1,0,1
8,4,78.1,80,0.97625,0,1,0,0
16,4,40.9,50,0.818,0,0,0,0
21,6,29.3,30,0.9766666666666667,1,0,0,0
4,3,26.6,50,0.532,0,0,1,1
6,6,92.4,100,0.924,1,0,0,0
13,6,33.5,60,0.5583333333333333,1,0,0,1
8,1,14.6,80,0.1825,0,1,0,2
5,7,45.9,60,0.765,1,0,1,0
0,4,56.8,80,0.71,0,0,1,1
22,7,80.5,100,0.805,1,0,1,0
20,7,40.4,50,0.8079999999999999,1,0,0,0
3,3,51.8,60,0.8633333333333333,0,0,1,0
22,7,73.2,80,0.915,1,0,1,0
23,1,38.1,50,0.762,0,0,1,0
17,2,31.6,100,0.316,0,1,0,2
12,6,58.2,100,0.5820000000000001,1,0,0,1
3,1,23.0,30,0.7666666666666667,0,0,1,0
13,1,17.2,30,0.5733333333333334,0,0,0,1
10,4,32.0,50,0.64,0,0,0,1
18,2,38.1,50,0.762,0,1,0,0
17,2,17.3,60,0.28833333333333333,0,1,0,2
20,7,67.1,80,0.8387499999999999,1,0,0,0
5,2,55.5,60,0.925,0,0,1,0
9,2,23.2,60,0.38666666666666666,0,1,0,2
17,3,16.8,80,0.21000000000000002,0,1,0,2
10,2,11.0,80,0.1375,0,0,0,2
3,1,39.9,50,0.7979999999999999,0,0,1,0
3,4,28.1,30,0.9366666666666668,0,0,1,0
15,4,65.0,80,0.8125,0,0,0,0
14,3,13.3,80,0.16625,0,0,0,2
11,1,28.3,30,0.9433333333333334,0,0,0,0
14,3,67.9,80,0.8487500000000001,0,0,0,0
3,4,41.3,50,0.826,0,0,1,0
2,6,55.4,60,0.9233333333333333,1,0,1,0
19,7,54.3,60,0.9049999999999999,1,1,0,0
9,3,19.3,60,0.32166666666666666,0,1,0,2
8,1,12.2,60,0.2033333333333333,0,1,0,2
13,2,64.0,80,0.8,0,0,0,0
10,6,62.3,100,0.623,1,0,0,1
2,1,56.8,60,0.9466666666666667,0,0,1,0
1,4,53.8,60,0.8966666666666666,0,0,1,0
15,2,47.5,80,0.59375,0,0,0,1
18,2,7.7,30,0.25666666666666665,0,1,0,2
17,3,6.9,50,0.138,0,1,0,2
10,3,75.9,100,0.759,0,0,0,0
13,4,3.2,30,0.10666666666666667,0,0,0,2
1,4,51.0,60,0.85,0,0,1,0
18,1,31.3,80,0.39125,0,1,0,2
6,7,61.0,80,0.7625,1,0,0,0
3,2,42.3,50,0.846,0,0,1,0
9,1,6.8,60,0.11333333333333333,0,1,0,2
1,5,53.1,60,0.885,0,0,1,0
14,7,19.1,60,0.31833333333333336,1,0,0,2
19,3,25.9,30,0.8633333333333333,0,1,0,0
3,3,58.6,60,0.9766666666666667,0,0,1,0
2,4,46.8,60,0.7799999999999999,0,0,1,0
15,7,44.4,50,0.888,1,0,0,0
15,4,45.4,50,0.9079999999999999,0,0,0,0
13,5,50.6,60,0.8433333333333334,0,0,0,0
14,2,21.7,50,0.434,0,0,0,2
8,3,11.1,100,0.111,0,1,0,2
15,5,15.7,30,0.5233333333333333,0,0,0,1
14,4,32.9,60,0.5483333333333333,0,0,0,1
2,1,65.7,80,0.82125,0,0,1,0
2,3,64.9,80,0.81125,0,0,1,0
19,5,9.6,60,0.16,0,1,0,2
10,2,21.9,30,0.73,0,0,0,1
15,1,39.7,60,0.6616666666666667,0,0,0,1
12,7,20.8,60,0.3466666666666667,1,0,0,2
17,6,79.8,100,0.7979999999999999,1,1,0,0
13,1,49.3,80,0.61625,0,0,0,1
4,4,44.5,50,0.89,0,0,1,0
6,6,16.1,30,0.5366666666666667,1,0,0,1
0,5,44.6,50,0.892,0,0,1,0
16,5,28.2,60,0.47,0,0,0,1
13,5,32.9,60,0.5483333333333333,0,0,0,1
8,3,24.6,30,0.8200000000000001,0,1,0,0
12,6,31.4,60,0.5233333333333333,1,0,0,1
3,2,29.1,50,0.5820000000000001,0,0,1,1
11,6,59.8,60,0.9966666666666666,1,0,0,0
13,1,57.0,60,0.95,0,0,0,0
6,5,66.5,80,0.83125,0,0,0,0
13,4,10.5,50,0.21,0,0,0,2
9,4,24.2,30,0.8066666666666666,0,1,0,0
16,3,47.7,60,0.795,0,0,0,0
13,1,29.3,60,0.48833333333333334,0,0,0,1
0,5,53.9,60,0.8983333333333333,0,0,1,0
14,5,45.9,80,0.57375,0,0,0,1
23,1,11.3,50,0.226,0,0,1,2
7,2,28.0,60,0.4666666666666667,0,1,0,1
15,2,49.5,50,0.99,0,0,0,0
22,4,26.9,30,0.8966666666666666,0,0,1,0
2,6,47.8,50,0.956,1,0,1,0
0,6,14.5,80,0.18125,1,0,1,2
5,5,14.8,30,0.49333333333333335,0,0,1,1
9,3,27.7,60,0.46166666666666667,0,1,0,1
11,4,68.1,80,0.85125,0,0,0,0
0,2,48.8,60,0.8133333333333332,0,0,1,0
18,4,37.3,60,0.6216666666666666,0,1,0,1
9,6,40.5,50,0.81,1,1,0,0
5,6,43.5,60,0.725,1,0,1,1
14,4,47.3,60,0.7883333333333333,0,0,0,0
17,2,22.6,80,0.28250000000000003,0,1,0,2
12,7,48.3,60,0.8049999999999999,1,0,0,0
11,5,66.2,80,0.8275,0,0,0,0
15,3,28.1,50,0.562,0,0,0,1
5,5,32.1,60,0.535,0,0,1,1
4,4,28.9,30,0.9633333333333333,0,0,1,0
16,5,17.7,50,0.354,0,0,0,2
21,7,30.1,50,0.602,1,0,0,1
15,3,28.7,30,0.9566666666666667,0,0,0,0
9,2,10.3,30,0.3433333333333334,0,1,0,2
4,7,75.0,100,0.75,1,0,1,0
1,6,47.9,60,0.7983333333333333,1,0,1,0
14,3,45.7,60,0.7616666666666667,0,0,0,0
13,1,10.2,60,0.16999999999999998,0,0,0,2
8,1,57.3,60,0.955,0,1,0,0
1,2,54.8,60,0.9133333333333333,0,0,1,0
17,6,48.8,60,0.8133333333333332,1,1,0,0
23,6,85.7,100,0.857,1,0,1,0
3,4,79.4,80,0.9925,0,0,1,0
17,6,47.3,60,0.7883333333333333,1,1,0,0
3,6,65.2,80,0.8150000000000001,1,0,1,0
18,3,21.9,50,0.43799999999999994,0,1,0,2
5,1,57.6,60,0.9600000000000001,0,0,1,0
18,5,14.9,60,0.24833333333333335,0,1,0,2
11,4,46.8,60,0.7799999999999999,0,0,0,0
9,2,3.8,30,0.12666666666666665,0,1,0,2
5,7,24.5,30,0.8166666666666667,1,0,1,0
18,4,39.8,100,0.39799999999999996,0,1,0,2
23,6,13.4,60,0.22333333333333333,1,0,1,2
11,2,21.8,50,0.436,0,0,0,2
4,5,38.2,60,0.6366666666666667,0,0,1,1
9,7,50.9,60,0.8483333333333333,1,1,0,0
18,1,15.6,60,0.26,0,1,0,2
15,7,53.1,60,0.885,1,0,0,0
16,1,69.4,80,0.8675,0,0,0,0
9,3,23.2,80,0.29,0,1,0,2
2,4,52.0,60,0.8666666666666667,0,0,1,0
19,5,31.1,60,0.5183333333333333,0,1,0,1
16,7,29.8,50,0.596,1,0,0,1
3,4,48.1,60,0.8016666666666666,0,0,1,0
22,2,59.6,60,0.9933333333333334,0,0,1,0
13,3,38.2,60,0.6366666666666667,0,0,0,1
23,1,39.9,50,0.7979999999999999,0,0,1,0
2,2,28.9,30,0.9633333333333333,0,0,1,0
8,1,25.9,60,0.43166666666666664,0,1,0,2
18,6,53.8,60,0.8966666666666666,1,1,0,0
10,3,48.8,60,0.8133333333333332,0,0,0,0
23,1,54.1,60,0.9016666666666667,0,0,1,0
14,2,15.7,60,0.26166666666666666,0,0,0,2
21,2,66.0,80,0.825,0,0,0,0
7,1,14.9,50,0.298,0,1,0,2
14,7,14.8,80,0.185,1,0,0,2
11,6,56.9,60,0.9483333333333334,1,0,0,0
11,1,46.8,60,0.7799999999999999,0,0,0,0
9,7,60.7,80,0.75875,1,1,0,0
13,5,71.1,100,0.711,0,0,0,1
0,5,50.2,60,0.8366666666666667,0,0,1,0
10,5,62.4,80,0.78,0,0,0,0
19,1,9.5,50,0.19,0,1,0,2
2,4,53.2,60,0.8866666666666667,0,0,1,0
5,3,54.7,60,0.9116666666666667,0,0,1,0
3,4,39.2,60,0.6533333333333334,0,0,1,1
23,6,51.5,60,0.8583333333333333,1,0,1,0
12,1,86.8,100,0.868,0,0,0,0
2,2,50.1,80,0.62625,0,0,1,1
5,7,63.3,80,0.79125,1,0,1,0
3,2,55.9,80,0.69875,0,0,1,1
0,5,18.2,80,0.22749999999999998,0,0,1,2
14,1,72.0,80,0.9,0,0,0,0
21,5,22.9,30,0.7633333333333333,0,0,0,0
21,7,60.4,80,0.755,1,0,0,0
18,3,24.8,60,0.41333333333333333,0,1,0,2
16,7,36.8,60,0.6133333333333333,1,0,0,1
18,5,21.0,60,0.35,0,1,0,2
18,5,6.4,50,0.128,0,1,0,2
4,3,72.3,80,0.9037499999999999,0,0,1,0
14,4,49.6,80,0.62,0,0,0,1
7,5,29.6,80,0.37,0,1,0,2
10,1,33.2,50,0.664,0,0,0,1
11,5,81.3,100,0.813,0,0,0,0
15,3,55.5,60,0.925,0,0,0,0
19,7,37.3,60,0.6216666666666666,1,1,0,1
21,2,42.7,50,0.8540000000000001,0,0,0,0
22,7,81.1,100,0.8109999999999999,1,0,1,0
20,5,22.6,30,0.7533333333333334,0,0,0,0
3,2,67.4,100,0.674,0,0,1,1
1,5,37.6,50,0.752,0,0,1,0
13,5,90.9,100,0.909,0,0,0,0
0,4,99.3,100,0.993,0,0,1,0
15,2,50.8,60,0.8466666666666666,0,0,0,0
21,3,53.3,80,0.66625,0,0,0,1
17,1,9.6,60,0.16,0,1,0,2
9,7,52.6,60,0.8766666666666667,1,1,0,0
2,1,58.7,60,0.9783333333333334,0,0,1,0
9,7,47.4,50,0.948,1,1,0,0
16,6,36.4,80,0.45499999999999996,1,0,0,1
1,5,51.5,60,0.8583333333333333,0,0,1,0
19,1,14.4,60,0.24000000000000002,0,1,0,2
4,6,21.5,30,0.7166666666666667,1,0,1,1
1,5,51.9,60,0.865,0,0,1,0
4,3,53.3,60,0.8883333333333333,0,0,1,0
10,4,37.3,60,0.6216666666666666,0,0,0,1
9,7,63.2,80,0.79,1,1,0,0
21,4,12.0,50,0.24,0,0,0,2
21,6,69.1,80,0.8637499999999999,1,0,0,0
10,7,64.0,80,0.8,1,0,0,0
23,1,91.3,100,0.9129999999999999,0,0,1,0
17,3,19.3,60,0.32166666666666666,0,1,0,2
6,3,75.0,80,0.9375,0,0,0,0
5,1,44.0,50,0.88,0,0,1,0
8,6,43.0,50,0.86,1,1,0,0
11,1,34.2,50,0.684,0,0,0,1
12,5,39.3,60,0.6549999999999999,0,0,0,1
21,7,48.8,60,0.8133333333333332,1,0,0,0
9,2,59.1,60,0.985,0,1,0,0
5,4,96.2,100,0.9620000000000001,0,0,1,0
1,7,14.2,30,0.47333333333333333,1,0,1,1
9,1,11.0,60,0.18333333333333332,0,1,0,2
2,3,23.8,30,0.7933333333333333,0,0,1,0
11,6,23.8,80,0.2975,1,0,0,2
14,3,45.3,80,0.5662499999999999,0,0,0,1
6,6,60.3,80,0.7537499999999999,1,0,0,0
22,3,35.4,60,0.59,0,0,1,1
5,2,49.5,60,0.825,0,0,1,0
19,2,9.1,60,0.15166666666666667,0,1,0,2
11,4,47.5,60,0.7916666666666666,0,0,0,0
8,7,19.3,60,0.32166666666666666,1,1,0,2
20,1,42.1,50,0.8420000000000001,0,0,0,0
10,6,31.2,60,0.52,1,0,0,1
19,7,30.7,60,0.5116666666666666,1,1,0,1
6,4,72.5,80,0.90625,0,0,0,0
2,7,58.9,60,0.9816666666666667,1,0,1,0
21,1,47.3,50,0.946,0,0,0,0
10,4,38.0,60,0.6333333333333333,0,0,0,1
11,6,40.1,100,0.401,1,0,0,2
3,5,57.5,60,0.9583333333333334,0,0,1,0
18,2,7.8,30,0.26,0,1,0,2
14,7,31.2,60,0.52,1,0,0,1
23,6,88.2,100,0.882,1,0,1,0
9,1,36.1,60,0.6016666666666667,0,1,0,1
6,1,35.8,50,0.716,0,0,0,1
14,3,13.5,30,0.45,0,0,0,1
21,2,20.0,30,0.6666666666666666,0,0,0,1
14,6,20.6,50,0.41200000000000003,1,0,0,2
21,3,20.9,60,0.34833333333333333,0,0,0,2
0,6,39.4,50,0.7879999999999999,1,0,1,0
10,6,70.5,80,0.88125,1,0,0,0
15,6,64.5,80,0.80625,1,0,0,0
16,1,25.8,30,0.86,0,0,0,0
22,6,59.3,60,0.9883333333333333,1,0,1,0
3,5,54.1,60,0.9016666666666667,0,0,1,0
23,3,82.3,100,0.823,0,0,1,0
0,7,24.2,30,0.8066666666666666,1,0,1,0
2,2,60.0,60,1.0,0,0,1,0
10,2,52.9,60,0.8816666666666666,0,0,0,0
11,4,40.2,50,0.804,0,0,0,0
8,2,40.6,60,0.6766666666666666,0,1,0,1
22,3,45.0,50,0.9,0,0,1,0
8,1,12.0,60,0.2,0,1,0,2
11,1,37.8,50,0.7559999999999999,0,0,0,0
19,4,54.8,80,0.6849999999999999,0,1,0,1
21,7,12.5,80,0.15625,1,0,0,2
21,2,42.0,60,0.7,0,0,0,1
19,4,35.4,50,0.708,0,1,0,1
14,5,37.7,60,0.6283333333333334,0,0,0,1
6,2,52.8,60,0.88,0,0,0,0
10,3,15.9,50,0.318,0,0,0,2
10,2,20.7,60,0.345,0,0,0,2
21,4,60.0,60,1.0,0,0,0,0
14,4,37.8,60,0.63,0,0,0,1
1,2,44.4,50,0.888,0,0,1,0
19,7,64.9,80,0.81125,1,1,0,0
10,3,52.4,60,0.8733333333333333,0,0,0,0
1,2,47.6,60,0.7933333333333333,0,0,1,0
7,3,15.8,60,0.26333333333333336,0,1,0,2
21,1,43.4,50,0.868,0,0,0,0
2,5,46.5,50,0.93,0,0,1,0
11,2,39.9,60,0.6649999999999999,0,0,0,1
15,3,25.5,60,0.425,0,0,0,2
17,3,26.8,50,0.536,0,1,0,1
15,3,54.3,60,0.9049999999999999,0,0,0,0
4,6,28.4,30,0.9466666666666667,1,0,1,0
21,1,48.8,60,0.8133333333333332,0,0,0,0
21,7,47.2,50,0.9440000000000001,1,0,0,0
9,7,79.9,80,0.99875,1,1,0,0
12,3,28.8,30,0.9600000000000001,0,0,0,0
17,2,8.1,50,0.162,0,1,0,2
5,6,52.1,60,0.8683333333333334,1,0,1,0
14,5,42.6,60,0.7100000000000001,0,0,0,1
12,3,58.8,60,0.98,0,0,0,0
13,5,10.4,60,0.17333333333333334,0,0,0,2
12,2,33.4,60,0.5566666666666666,0,0,0,1
3,3,53.2,60,0.8866666666666667,0,0,1,0
14,3,14.5,60,0.24166666666666667,0,0,0,2
3,1,46.1,60,0.7683333333333333,0,0,1,0
10,2,33.3,60,0.5549999999999999,0,0,0,1
8,6,23.9,80,0.29874999999999996,1,1,0,2
19,5,54.0,60,0.9,0,1,0,0
6,2,41.4,50,0.828,0,0,0,0
21,2,54.8,60,0.9133333333333333,0,0,0,0
13,4,13.0,60,0.21666666666666667,0,0,0,2
2,3,36.0,60,0.6,0,0,1,1
5,5,45.2,60,0.7533333333333334,0,0,1,0
16,6,20.6,30,0.6866666666666668,1,0,0,1
21,5,58.0,80,0.725,0,0,0,1
11,5,28.3,30,0.9433333333333334,0,0,0,0
14,4,97.5,100,0.975,0,0,0,0
10,7,71.9,80,0.89875,1,0,0,0
4,7,21.4,30,0.7133333333333333,1,0,1,1
11,5,23.1,30,0.77,0,0,0,0
12,6,33.5,60,0.5583333333333333,1,0,0,1
2,1,29.7,30,0.99,0,0,1,0
1,1,75.9,100,0.759,0,0,1,0
9,6,49.0,60,0.8166666666666667,1,1,0,0
1,2,57.2,60,0.9533333333333334,0,0,1,0
22,7,49.0,60,0.8166666666666667,1,0,1,0
11,7,57.7,80,0.7212500000000001,1,0,0,1
14,1,34.3,50,0.6859999999999999,0,0,0,1
19,5,14.7,60,0.245,0,1,0,2
1,7,48.5,60,0.8083333333333333,1,0,1,0
4,7,57.5,60,0.9583333333333334,1,0,1,0
19,4,50.4,60,0.84,0,1,0,0
5,5,63.1,80,0.7887500000000001,0,0,1,0
14,5,43.8,60,0.73,0,0,0,1
2,7,18.5,30,0.6166666666666667,1,0,1,1
3,3,22.9,30,0.7633333333333333,0,0,1,0
13,2,40.6,80,0.5075000000000001,0,0,0,1
2,3,46.6,50,0.932,0,0,1,0
9,2,52.8,100,0.528,0,1,0,1
19,3,31.9,60,0.5316666666666666,0,1,0,1
21,7,50.5,60,0.8416666666666667,1,0,0,0
10,2,74.6,80,0.9324999999999999,0,0,0,0
3,6,47.8,60,0.7966666666666666,1,0,1,0
18,7,10.1,80,0.12625,1,1,0,2
20,7,91.1,100,0.9109999999999999,1,0,0,0
7,4,15.5,100,0.155,0,1,0,2
6,6,24.5,80,0.30625,1,0,0,2
14,7,49.6,60,0.8266666666666667,1,0,0,0
23,4,43.4,50,0.868,0,0,1,0
20,3,57.7,80,0.7212500000000001,0,0,0,1
8,5,32.5,60,0.5416666666666666,0,1,0,1
15,2,40.2,50,0.804,0,0,0,0
15,6,40.0,80,0.5,1,0,0,1
12,2,58.2,60,0.9700000000000001,0,0,0,0
19,2,28.8,30,0.9600000000000001,0,1,0,0
15,2,29.4,60,0.49,0,0,0,1
22,3,34.8,60,0.58,0,0,1,1
6,4,67.6,80,0.845,0,0,0,0
8,2,29.7,80,0.37124999999999997,0,1,0,2
0,7,49.6,50,0.992,1,0,1,0
15,6,10.5,30,0.35,1,0,0,2
21,6,37.8,50,0.7559999999999999,1,0,0,0
21,1,22.4,60,0.3733333333333333,0,0,0,2
4,7,51.7,60,0.8616666666666667,1,0,1,0
10,5,28.8,60,0.48000000000000004,0,0,0,1
7,6,87.7,100,0.877,1,1,0,0
6,6,23.7,50,0.474,1,0,0,1
18,5,16.7,60,0.2783333333333333,0,1,0,2
11,2,48.1,60,0.8016666666666666,0,0,0,0
8,4,52.0,60,0.8666666666666667,0,1,0,0
9,7,27.6,30,0.92,1,1,0,0
11,2,48.7,80,0.60875,0,0,0,1
13,6,48.9,80,0.61125,1,0,0,1
0,6,48.5,60,0.8083333333333333,1,0,1,0
4,4,58.7,60,0.9783333333333334,0,0,1,0
15,6,58.6,60,0.9766666666666667,1,0,0,0
19,5,52.9,60,0.8816666666666666,0,1,0,0
4,5,17.2,30,0.5733333333333334,0,0,1,1
18,1,15.7,60,0.26166666666666666,0,1,0,2
8,5,8.8,60,0.14666666666666667,0,1,0,2
23,5,46.2,60,0.77,0,0,1,0
2,3,25.1,30,0.8366666666666667,0,0,1,0
9,3,36.7,60,0.6116666666666667,0,1,0,1
18,4,26.5,50,0.53,0,1,0,1
2,3,39.6,50,0.792,0,0,1,0
0,4,47.2,60,0.7866666666666667,0,0,1,0
10,3,40.4,60,0.6733333333333333,0,0,0,1
23,6,59.8,60,0.9966666666666666,1,0,1,0
0,4,57.0,60,0.95,0,0,1,0
4,6,18.2,60,0.30333333333333334,1,0,1,2
5,4,48.5,60,0.8083333333333333,0,0,1,0
5,6,43.2,50,0.8640000000000001,1,0,1,0
14,3,32.8,60,0.5466666666666666,0,0,0,1
21,3,32.1,60,0.535,0,0,0,1
4,4,19.0,30,0.6333333333333333,0,0,1,1
23,2,42.0,50,0.84,0,0,1,0
4,7,59.4,60,0.99,1,0,1,0
6,6,57.1,60,0.9516666666666667,1,0,0,0
18,5,15.8,60,0.26333333333333336,0,1,0,2
18,2,27.0,60,0.45,0,1,0,1
2,3,6.0,60,0.1,0,0,1,2
18,5,16.1,30,0.5366666666666667,0,1,0,1
15,6,48.6,50,0.972,1,0,0,0
17,2,30.4,50,0.608,0,1,0,1
11,3,90.5,100,0.905,0,0,0,0
0,4,50.7,60,0.8450000000000001,0,0,1,0
16,4,15.6,30,0.52,0,0,0,1
17,2,14.5,80,0.18125,0,1,0,2
22,4,48.0,50,0.96,0,0,1,0
7,6,59.2,60,0.9866666666666667,1,1,0,0
14,2,18.8,30,0.6266666666666667,0,0,0,1
10,1,51.4,80,0.6425,0,0,0,1
22,6,43.6,60,0.7266666666666667,1,0,1,1
16,6,30.9,60,0.515,1,0,0,1
9,3,56.7,60,0.9450000000000001,0,1,0,0
2,1,89.9,100,0.899,0,0,1,0
13,7,10.0,60,0.16666666666666666,1,0,0,2
8,2,28.7,80,0.35875,0,1,0,2
3,4,78.0,80,0.975,0,0,1,0
14,3,27.1,50,0.542,0,0,0,1
23,3,67.4,80,0.8425,0,0,1,0
13,3,17.2,50,0.344,0,0,0,2
8,1,31.6,60,0.5266666666666667,0,1,0,1
19,6,34.5,60,0.575,1,1,0,1
6,6,40.5,50,0.81,1,0,0,0
17,4,23.9,60,0.3983333333333333,0,1,0,2
9,1,29.4,50,0.588,0,1,0,1
14,2,3.6,30,0.12000000000000001,0,0,0,2
2,6,65.6,80,0.82,1,0,1,0
4,7,85.3,100,0.853,1,0,1,0
0,6,47.2,60,0.7866666666666667,1,0,1,0
21,3,45.3,50,0.9059999999999999,0,0,0,0
4,7,57.9,80,0.72375,1,0,1,1
0,1,74.7,80,0.9337500000000001,0,0,1,0
19,7,8.4,50,0.168,1,1,0,2
5,6,24.0,30,0.8,1,0,1,0
13,1,30.7,60,0.5116666666666666,0,0,0,1
17,4,14.9,60,0.24833333333333335,0,1,0,2
2,1,47.7,60,0.795,0,0,1,0
4,4,42.4,50,0.848,0,0,1,0
4,3,48.4,60,0.8066666666666666,0,0,1,0
20,2,38.1,50,0.762,0,0,0,0
16,4,48.1,60,0.8016666666666666,0,0,0,0
0,3,24.5,30,0.8166666666666667,0,0,1,0
1,1,59.5,60,0.9916666666666667,0,0,1,0
15,4,41.1,80,0.51375,0,0,0,1
9,2,18.7,60,0.31166666666666665,0,1,0,2
1,7,75.1,80,0.93875,1,0,1,0
13,2,45.5,80,0.56875,0,0,0,1
21,1,29.8,60,0.4966666666666667,0,0,0,1
5,4,61.3,80,0.76625,0,0,1,0
18,2,35.5,60,0.5916666666666667,0,1,0,1
11,2,33.6,60,0.56,0,0,0,1
2,3,50.8,60,0.8466666666666666,0,0,1,0
20,7,63.7,100,0.637,1,0,0,1
17,2,10.5,30,0.35,0,1,0,2
13,7,55.6,60,0.9266666666666666,1,0,0,0
4,2,65.6,80,0.82,0,0,1,0
13,3,17.0,30,0.5666666666666667,0,0,0,1
18,6,64.6,100,0.6459999999999999,1,1,0,1
23,2,49.8,60,0.83,0,0,1,0
15,4,46.1,60,0.7683333333333333,0,0,0,0
22,5,56.9,60,0.9483333333333334,0,0,1,0
7,2,73.7,100,0.737,0,1,0,1
13,6,33.3,60,0.5549999999999999,1,0,0,1
8,4,11.4,50,0.228,0,1,0,2
20,6,10.2,60,0.16999999999999998,1,0,0,2
23,2,36.1,60,0.6016666666666667,0,0,1,1
2,4,39.0,60,0.65,0,0,1,1
20,6,20.3,60,0.3383333333333333,1,0,0,2
1,2,69.1,80,0.8637499999999999,0,0,1,0
21,1,33.3,80,0.41624999999999995,0,0,0,2
15,7,25.4,30,0.8466666666666666,1,0,0,0
0,2,57.3,60,0.955,0,0,1,0
16,2,40.2,80,0.5025000000000001,0,0,0,1
6,6,52.2,60,0.87,1,0,0,0
15,1,15.7,50,0.314,0,0,0,2
4,5,42.6,50,0.852,0,0,1,0
10,5,25.5,30,0.85,0,0,0,0
13,2,27.7,30,0.9233333333333333,0,0,0,0
9,7,32.0,80,0.4,1,1,0,2
17,1,15.6,60,0.26,0,1,0,2
16,6,14.7,100,0.147,1,0,0,2
0,3,88.0,100,0.88,0,0,1,0
12,6,65.7,100,0.657,1,0,0,1
16,5,17.1,60,0.28500000000000003,0,0,0,2
6,2,51.8,60,0.8633333333333333,0,0,0,0
20,4,76.6,80,0.9574999999999999,0,0,0,0
21,3,42.0,60,0.7,0,0,0,1
13,3,51.3,80,0.64125,0,0,0,1
8,3,33.2,80,0.41500000000000004,0,1,0,2
3,1,51.9,60,0.865,0,0,1,0
11,2,23.0,30,0.7666666666666667,0,0,0,0
14,2,56.0,60,0.9333333333333333,0,0,0,0
4,5,78.6,80,0.9824999999999999,0,0,1,0
21,5,13.5,50,0.27,0,0,0,2
4,7,67.3,80,0.8412499999999999,1,0,1,0
4,6,39.9,80,0.49874999999999997,1,0,1,1
7,1,9.2,50,0.184,0,1,0,2
0,7,90.8,100,0.9079999999999999,1,0,1,0
7,3,52.6,80,0.6575,0,1,0,1
2,5,59.3,60,0.9883333333333333,0,0,1,0
15,2,21.8,30,0.7266666666666667,0,0,0,1
5,7,36.3,50,0.726,1,0,1,1
22,4,51.9,60,0.865,0,0,1,0
8,5,34.9,60,0.5816666666666667,0,1,0,1
1,2,15.3,30,0.51,0,0,1,1
4,3,42.0,50,0.84,0,0,1,0
1,4,13.6,30,0.4533333333333333,0,0,1,1
6,3,53.5,60,0.8916666666666667,0,0,0,0
17,1,6.0,50,0.12,0,1,0,2
5,4,17.8,30,0.5933333333333334,0,0,1,1
7,6,32.1,100,0.321,1,1,0,2
20,4,75.2,80,0.9400000000000001,0,0,0,0
9,5,31.9,80,0.39875,0,1,0,2
15,4,10.4,60,0.17333333333333334,0,0,0,2
10,5,81.3,100,0.813,0,0,0,0
17,7,9.2,60,0.15333333333333332,1,1,0,2
6,1,42.5,80,0.53125,0,0,0,1
9,5,23.4,80,0.2925,0,1,0,2
6,6,77.5,80,0.96875,1,0,0,0
11,2,47.2,50,0.9440000000000001,0,0,0,0
7,3,77.6,80,0.97,0,1,0,0
21,2,35.0,50,0.7,0,0,0,1
13,4,49.9,60,0.8316666666666667,0,0,0,0
10,2,28.4,30,0.9466666666666667,0,0,0,0
17,7,30.0,50,0.6,1,1,0,1
5,1,52.2,60,0.87,0,0,1,0
14,1,32.0,50,0.64,0,0,0,1
22,4,50.0,60,0.8333333333333334,0,0,1,0
19,6,40.5,80,0.50625,1,1,0,1
10,1,34.7,100,0.34700000000000003,0,0,0,2
16,4,32.1,60,0.535,0,0,0,1
4,6,50.0,60,0.8333333333333334,1,0,1,0
8,7,47.4,60,0.7899999999999999,1,1,0,0
1,5,71.9,80,0.89875,0,0,1,0
23,3,30.3,60,0.505,0,0,1,1
13,3,43.0,50,0.86,0,0,0,0
9,7,47.6,50,0.9520000000000001,1,1,0,0
5,1,52.9,60,0.8816666666666666,0,0,1,0
0,1,48.5,60,0.8083333333333333,0,0,1,0
21,4,26.0,50,0.52,0,0,0,1
15,6,79.4,80,0.9925,1,0,0,0
7,6,44.8,50,0.8959999999999999,1,1,0,0
1,3,33.7,80,0.42125,0,0,1,2
5,7,12.8,50,0.256,1,0,1,2
15,6,65.3,80,0.8162499999999999,1,0,0,0
11,6,40.9,50,0.818,1,0,0,0
4,7,45.3,50,0.9059999999999999,1,0,1,0
3,1,40.4,50,0.8079999999999999,0,0,1,0
15,4,55.7,60,0.9283333333333333,0,0,0,0
21,4,45.7,50,0.914,0,0,0,0
7,7,43.4,50,0.868,1,1,0,0
10,6,25.7,50,0.514,1,0,0,1
15,5,53.6,60,0.8933333333333333,0,0,0,0
21,2,61.0,80,0.7625,0,0,0,0
3,1,56.2,60,0.9366666666666668,0,0,1,0
19,2,7.8,60,0.13,0,1,0,2
23,6,38.6,50,0.772,1,0,1,0
17,7,26.4,60,0.44,1,1,0,2
11,3,17.7,60,0.295,0,0,0,2
20,3,33.9,60,0.565,0,0,0,1
1,1,38.2,50,0.764,0,0,1,0
9,5,12.1,50,0.242,0,1,0,2
7,6,73.1,80,0.91375,1,1,0,0
10,2,52.9,60,0.8816666666666666,0,0,0,0
9,7,73.9,80,0.9237500000000001,1,1,0,0
23,7,55.2,60,0.92,1,0,1,0
21,5,67.7,80,0.8462500000000001,0,0,0,0
21,4,6.4,60,0.10666666666666667,0,0,0,2
1,5,85.7,100,0.857,0,0,1,0
20,1,45.3,60,0.755,0,0,0,0
12,4,80.3,100,0.8029999999999999,0,0,0,0
8,2,56.5,80,0.70625,0,1,0,1
23,7,91.5,100,0.915,1,0,1,0
18,1,37.1,80,0.46375,0,1,0,1
14,1,48.0,80,0.6,0,0,0,1
1,3,27.6,30,0.92,0,0,1,0
23,7,38.4,80,0.48,1,0,1,1
16,5,47.0,50,0.94,0,0,0,0
18,7,35.0,80,0.4375,1,1,0,2
0,2,95.3,100,0.953,0,0,1,0
3,4,66.5,80,0.83125,0,0,1,0
20,2,49.1,60,0.8183333333333334,0,0,0,0
3,4,26.0,30,0.8666666666666667,0,0,1,0
22,1,24.1,50,0.48200000000000004,0,0,1,1
9,3,19.6,30,0.6533333333333334,0,1,0,1
2,5,55.2,60,0.92,0,0,1,0
2,1,38.5,50,0.77,0,0,1,0
18,7,24.7,50,0.494,1,1,0,1
10,5,65.9,80,0.8237500000000001,0,0,0,0
15,3,28.0,30,0.9333333333333333,0,0,0,0
22,7,52.1,80,0.65125,1,0,1,1
1,4,52.1,60,0.8683333333333334,0,0,1,0
22,1,49.1,50,0.982,0,0,1,0
9,7,49.9,50,0.998,1,1,0,0
2,5,77.5,80,0.96875,0,0,1,0
6,1,10.2,50,0.204,0,0,0,2
23,2,49.7,50,0.9940000000000001,0,0,1,0
22,3,89.5,100,0.895,0,0,1,0
10,3,31.6,60,0.5266666666666667,0,0,0,1
1,1,52.2,60,0.87,0,0,1,0
6,4,30.5,60,0.5083333333333333,0,0,0,1
23,2,44.3,60,0.7383333333333333,0,0,1,1
7,3,36.7,80,0.45875000000000005,0,1,0,1
21,7,34.4,50,0.688,1,0,0,1
22,7,64.2,80,0.8025,1,0,1,0
7,5,31.3,60,0.5216666666666667,0,1,0,1
2,2,93.8,100,0.938,0,0,1,0
13,5,42.7,60,0.7116666666666667,0,0,0,1
21,7,42.7,60,0.7116666666666667,1,0,0,1
7,2,21.1,50,0.42200000000000004,0,1,0,2
12,1,52.5,60,0.875,0,0,0,0
8,6,48.9,50,0.978,1,1,0,0
0,4,76.1,80,0.9512499999999999,0,0,1,0
20,4,53.0,60,0.8833333333333333,0,0,0,0
4,5,75.4,100,0.754,0,0,1,0
7,3,32.4,80,0.40499999999999997,0,1,0,2
17,4,21.3,60,0.35500000000000004,0,1,0,2
22,2,14.7,30,0.49,0,0,1,1
15,6,42.8,50,0.856,1,0,0,0
5,3,77.4,80,0.9675,0,0,1,0
21,5,44.5,80,0.55625,0,0,0,1
3,1,47.6,50,0.9520000000000001,0,0,1,0
9,1,16.3,60,0.27166666666666667,0,1,0,2
20,7,29.6,30,0.9866666666666667,1,0,0,0
5,3,55.9,60,0.9316666666666666,0,0,1,0
20,5,27.9,30,0.9299999999999999,0,0,0,0
15,4,39.8,60,0.6633333333333333,0,0,0,1
12,5,49.8,60,0.83,0,0,0,0
23,1,66.3,80,0.82875,0,0,1,0
11,6,22.6,60,0.3766666666666667,1,0,0,2
4,6,59.8,60,0.9966666666666666,1,0,1,0
3,5,46.2,50,0.924,0,0,1,0
16,7,48.5,50,0.97,1,0,0,0
5,2,45.8,50,0.9159999999999999,0,0,1,0
5,1,60.8,80,0.76,0,0,1,0
0,7,38.3,50,0.7659999999999999,1,0,1,0
2,4,27.8,50,0.556,0,0,1,1
0,1,44.5,50,0.89,0,0,1,0
22,5,7.2,50,0.14400000000000002,0,0,1,2
3,3,76.1,100,0.7609999999999999,0,0,1,0
2,5,53.3,60,0.8883333333333333,0,0,1,0
20,4,38.2,50,0.764,0,0,0,0
7,1,40.4,50,0.8079999999999999,0,1,0,0
6,4,53.7,60,0.895,0,0,0,0
11,5,55.2,60,0.92,0,0,0,0
6,1,63.9,80,0.79875,0,0,0,0
21,4,62.1,80,0.77625,0,0,0,0
3,1,79.9,80,0.99875,0,0,1,0
8,7,24.7,30,0.8233333333333334,1,1,0,0
6,2,14.5,30,0.48333333333333334,0,0,0,1
8,4,7.7,30,0.25666666666666665,0,1,0,2
22,7,24.8,30,0.8266666666666667,1,0,1,0
8,3,12.2,60,0.2033333333333333,0,1,0,2
4,6,39.1,50,0.782,1,0,1,0
1,7,63.4,80,0.7925,1,0,1,0
5,5,61.2,80,0.765,0,0,1,0
2,1,56.1,60,0.935,0,0,1,0
9,2,6.0,50,0.12,0,1,0,2
1,6,28.7,30,0.9566666666666667,1,0,1,0
12,6,44.4,50,0.888,1,0,0,0
23,7,7.7,60,0.12833333333333333,1,0,1,2
16,4,18.3,30,0.61,0,0,0,1
1,6,48.6,60,0.81,1,0,1,0
1,2,74.8,80,0.9349999999999999,0,0,1,0
1,7,46.6,60,0.7766666666666667,1,0,1,0
11,1,10.1,30,0.33666666666666667,0,0,0,2
5,3,48.6,60,0.81,0,0,1,0
16,3,61.7,80,0.77125,0,0,0,0
19,1,17.2,60,0.2866666666666667,0,1,0,2
5,1,40.4,60,0.6733333333333333,0,0,1,1
6,2,54.2,60,0.9033333333333334,0,0,0,0
23,7,8.4,60,0.14,1,0,1,2
13,5,15.2,80,0.19,0,0,0,2
7,2,17.5,30,0.5833333333333334,0,1,0,1
2,6,8.0,60,0.13333333333333333,1,0,1,2
12,1,16.6,30,0.5533333333333333,0,0,0,1
8,5,43.4,60,0.7233333333333333,0,1,0,1
13,1,19.0,30,0.6333333333333333,0,0,0,1
14,4,59.0,60,0.9833333333333333,0,0,0,0
14,2,36.3,80,0.45375,0,0,0,1
19,1,8.8,30,0.29333333333333333,0,1,0,2
21,6,56.0,60,0.9333333333333333,1,0,0,0
21,2,92.4,100,0.924,0,0,0,0
15,4,24.8,30,0.8266666666666667,0,0,0,0
19,2,19.3,60,0.32166666666666666,0,1,0,2
15,1,45.8,60,0.7633333333333333,0,0,0,0
2,5,72.4,80,0.905,0,0,1,0
19,2,43.5,100,0.435,0,1,0,2
16,1,23.8,30,0.7933333333333333,0,0,0,0
5,1,54.0,60,0.9,0,0,1,0
23,4,45.0,50,0.9,0,0,1,0
19,4,54.4,80,0.6799999999999999,0,1,0,1
10,7,28.7,60,0.47833333333333333,1,0,0,1
15,7,20.8,30,0.6933333333333334,1,0,0,1
21,7,48.9,50,0.978,1,0,0,0
19,3,20.8,100,0.20800000000000002,0,1,0,2
12,2,32.1,50,0.642,0,0,0,1
7,6,10.2,30,0.33999999999999997,1,1,0,2
20,3,42.0,60,0.7,0,0,0,1
19,4,54.2,100,0.542,0,1,0,1
20,2,78.4,100,0.784,0,0,0,0
8,2,31.6,100,0.316,0,1,0,2
3,2,11.2,50,0.22399999999999998,0,0,1,2
19,1,26.3,60,0.43833333333333335,0,1,0,2
20,4,47.8,60,0.7966666666666666,0,0,0,0
12,5,56.5,80,0.70625,0,0,0,1
17,5,30.1,50,0.602,0,1,0,1
4,2,59.5,60,0.9916666666666667,0,0,1,0
15,7,17.7,50,0.354,1,0,0,2
3,1,49.8,50,0.996,0,0,1,0
13,5,52.5,60,0.875,0,0,0,0
14,6,14.7,60,0.245,1,0,0,2
9,6,51.0,60,0.85,1,1,0,0
0,1,59.3,60,0.9883333333333333,0,0,1,0
11,3,17.7,60,0.295,0,0,0,2
2,6,4.5,30,0.15,1,0,1,2
14,3,96.1,100,0.961,0,0,0,0
18,3,18.3,50,0.366,0,1,0,2
0,2,49.1,60,0.8183333333333334,0,0,1,0
20,7,47.0,60,0.7833333333333333,1,0,0,0
6,3,69.8,80,0.8724999999999999,0,0,0,0
2,1,89.8,100,0.898,0,0,1,0
10,4,38.7,80,0.48375,0,0,0,1
20,4,17.7,50,0.354,0,0,0,2
12,2,49.9,60,0.8316666666666667,0,0,0,0
12,7,16.8,50,0.336,1,0,0,2
12,7,55.7,80,0.69625,1,0,0,1
16,7,52.2,60,0.87,1,0,0,0
23,4,45.9,60,0.765,0,0,1,0
4,4,93.4,100,0.934,0,0,1,0
14,3,48.2,60,0.8033333333333333,0,0,0,0
17,3,27.3,50,0.546,0,1,0,1
1,6,70.0,80,0.875,1,0,1,0
23,1,26.9,30,0.8966666666666666,0,0,1,0
10,3,42.4,80,0.53,0,0,0,1
20,5,13.7,60,0.22833333333333333,0,0,0,2
1,7,52.3,60,0.8716666666666666,1,0,1,0
11,3,39.5,80,0.49375,0,0,0,1
14,2,93.5,100,0.935,0,0,0,0
13,2,40.0,60,0.6666666666666666,0,0,0,1
13,7,29.9,80,0.37374999999999997,1,0,0,2
7,3,16.0,60,0.26666666666666666,0,1,0,2
7,3,19.4,50,0.38799999999999996,0,1,0,2
21,5,67.8,100,0.6779999999999999,0,0,0,1
18,4,4.6,30,0.15333333333333332,0,1,0,2
6,3,88.2,100,0.882,0,0,0,0
10,1,44.4,60,0.74,0,0,0,1
2,2,99.8,100,0.998,0,0,1,0
11,3,70.1,80,0.87625,0,0,0,0
12,7,68.1,100,0.6809999999999999,1,0,0,1
20,1,38.1,80,0.47625,0,0,0,1
2,3,81.9,100,0.8190000000000001,0,0,1,0
22,7,75.0,100,0.75,1,0,1,0
14,5,43.9,80,0.54875,0,0,0,1
3,4,56.2,60,0.9366666666666668,0,0,1,0
13,6,6.9,60,0.115,1,0,0,2
10,7,6.2,50,0.124,1,0,0,2
2,1,25.2,30,0.84,0,0,1,0
4,1,60.3,80,0.7537499999999999,0,0,1,0
9,5,37.2,100,0.37200000000000005,0,1,0,2
6,5,65.8,80,0.8225,0,0,0,0
8,3,36.1,80,0.45125000000000004,0,1,0,1
3,3,35.7,60,0.5950000000000001,0,0,1,1
21,6,87.6,100,0.8759999999999999,1,0,0,0
19,4,49.0,80,0.6125,0,1,0,1
2,6,56.4,60,0.94,1,0,1,0
23,4,47.0,60,0.7833333333333333,0,0,1,0
14,1,40.9,50,0.818,0,0,0,0
18,1,48.6,60,0.81,0,1,0,0
0,2,40.7,60,0.6783333333333333,0,0,1,1
5,5,25.0,30,0.8333333333333334,0,0,1,0
21,6,32.9,80,0.41125,1,0,0,2
12,3,34.2,50,0.684,0,0,0,1
14,2,46.5,60,0.775,0,0,0,0
9,6,59.0,60,0.9833333333333333,1,1,0,0
2,2,56.7,60,0.9450000000000001,0,0,1,0
16,4,89.5,100,0.895,0,0,0,0
17,2,26.5,50,0.53,0,1,0,1
18,2,23.9,30,0.7966666666666666,0,1,0,0
22,2,50.6,60,0.8433333333333334,0,0,1,0
2,5,26.8,30,0.8933333333333333,0,0,1,0
3,6,48.9,60,0.815,1,0,1,0
21,5,49.4,50,0.988,0,0,0,0
7,1,19.8,60,0.33,0,1,0,2
13,1,46.0,60,0.7666666666666667,0,0,0,0
8,4,20.8,60,0.3466666666666667,0,1,0,2
20,4,55.9,60,0.9316666666666666,0,0,0,0
15,7,47.2,50,0.9440000000000001,1,0,0,0
13,5,37.6,50,0.752,0,0,0,0
18,5,20.0,60,0.3333333333333333,0,1,0,2
7,3,37.4,60,0.6233333333333333,0,1,0,1
10,6,10.4,50,0.20800000000000002,1,0,0,2
12,4,21.9,30,0.73,0,0,0,1
8,2,6.6,50,0.132,0,1,0,2
18,6,56.6,60,0.9433333333333334,1,1,0,0
18,4,37.6,60,0.6266666666666667,0,1,0,1
17,2,37.4,60,0.6233333333333333,0,1,0,1
22,6,56.6,60,0.9433333333333334,1,0,1,0
13,2,40.8,50,0.816,0,0,0,0
21,2,8.2,30,0.2733333333333333,0,0,0,2
16,1,34.5,60,0.575,0,0,0,1
6,6,52.4,60,0.8733333333333333,1,0,0,0
14,5,51.6,60,0.86,0,0,0,0
14,7,41.8,80,0.5225,1,0,0,1
21,1,65.1,100,0.6509999999999999,0,0,0,1
18,3,6.5,50,0.13,0,1,0,2
18,7,66.5,100,0.665,1,1,0,1
5,7,46.9,50,0.938,1,0,1,0
17,7,36.1,80,0.45125000000000004,1,1,0,1
12,4,35.5,50,0.71,0,0,0,1
5,2,57.2,80,0.7150000000000001,0,0,1,1
21,1,52.6,60,0.8766666666666667,0,0,0,0
18,1,8.9,30,0.2966666666666667,0,1,0,2
22,2,97.4,100,0.9740000000000001,0,0,1,0
21,2,95.4,100,0.9540000000000001,0,0,0,0
17,2,11.8,80,0.14750000000000002,0,1,0,2
20,6,45.3,60,0.755,1,0,0,0
10,4,52.5,60,0.875,0,0,0,0
22,4,50.4,60,0.84,0,0,1,0
21,3,31.9,60,0.5316666666666666,0,0,0,1
10,4,48.7,60,0.8116666666666668,0,0,0,0
3,1,59.5,60,0.9916666666666667,0,0,1,0
6,7,58.5,60,0.975,1,0,0,0
1,5,41.0,60,0.6833333333333333,0,0,1,1
4,4,71.1,80,0.8887499999999999,0,0,1,0
1,3,14.9,30,0.4966666666666667,0,0,1,1
7,4,29.5,60,0.49166666666666664,0,1,0,1
4,4,61.5,80,0.76875,0,0,1,0
4,2,40.4,50,0.8079999999999999,0,0,1,0
10,2,35.8,50,0.716,0,0,0,1
13,4,5.3,50,0.106,0,0,0,2
3,4,54.9,60,0.9149999999999999,0,0,1,0
14,3,38.2,60,0.6366666666666667,0,0,0,1
12,7,6.7,30,0.22333333333333333,1,0,0,2
0,5,99.1,100,0.991,0,0,1,0
19,4,30.5,60,0.5083333333333333,0,1,0,1
12,5,47.2,60,0.7866666666666667,0,0,0,0
17,6,19.7,60,0.3283333333333333,1,1,0,2
16,3,15.7,50,0.314,0,0,0,2
14,7,59.5,60,0.9916666666666667,1,0,0,0
10,1,39.0,50,0.78,0,0,0,0
6,2,58.6,60,0.9766666666666667,0,0,0,0
9,7,77.5,100,0.775,1,1,0,0
14,6,10.4,60,0.17333333333333334,1,0,0,2
17,6,48.1,100,0.48100000000000004,1,1,0,1
17,6,9.0,80,0.1125,1,1,0,2
2,1,44.7,50,0.894,0,0,1,0
19,4,8.2,60,0.13666666666666666,0,1,0,2
15,4,89.9,100,0.899,0,0,0,0
19,3,14.7,60,0.245,0,1,0,2
5,4,17.8,50,0.35600000000000004,0,0,1,2
10,3,52.0,60,0.8666666666666667,0,0,0,0
20,2,34.7,50,0.6940000000000001,0,0,0,1
18,6,55.5,80,0.69375,1,1,0,1
4,1,99.6,100,0.996,0,0,1,0
9,3,11.4,50,0.228,0,1,0,2
4,4,49.1,60,0.8183333333333334,0,0,1,0
15,2,43.0,100,0.43,0,0,0,2
11,3,29.2,60,0.48666666666666664,0,0,0,1
0,4,25.0,50,0.5,0,0,1,1
14,5,28.9,60,0.48166666666666663,0,0,0,1
16,7,82.4,100,0.8240000000000001,1,0,0,0
14,5,45.5,50,0.91,0,0,0,0
21,3,57.0,60,0.95,0,0,0,0
18,1,3.7,30,0.12333333333333334,0,1,0,2
17,1,14.4,80,0.18,0,1,0,2
11,6,30.1,50,0.602,1,0,0,1
12,6,11.5,60,0.19166666666666668,1,0,0,2
21,6,36.4,100,0.364,1,0,0,2
1,5,55.2,60,0.92,0,0,1,0
4,7,81.8,100,0.818,1,0,1,0
21,5,83.1,100,0.831,0,0,0,0
1,4,46.0,60,0.7666666666666667,0,0,1,0
14,6,25.4,60,0.4233333333333333,1,0,0,2
6,3,6.7,60,0.11166666666666666,0,0,0,2
7,5,16.9,60,0.2816666666666666,0,1,0,2
4,1,34.9,60,0.5816666666666667,0,0,1,1
12,3,28.9,30,0.9633333333333333,0,0,0,0
11,4,29.7,50,0.594,0,0,0,1
1,4,63.7,80,0.79625,0,0,1,0
1,4,52.2,60,0.87,0,0,1,0
14,4,20.8,50,0.41600000000000004,0,0,0,2
18,1,9.4,30,0.31333333333333335,0,1,0,2
8,6,46.9,100,0.469,1,1,0,1
20,5,34.1,60,0.5683333333333334,0,0,0,1
0,4,50.4,60,0.84,0,0,1,0
8,5,14.6,30,0.48666666666666664,0,1,0,1
19,7,78.6,100,0.7859999999999999,1,1,0,0
3,1,75.0,80,0.9375,0,0,1,0
4,3,6.9,60,0.115,0,0,1,2
20,6,34.7,60,0.5783333333333334,1,0,0,1
16,2,59.5,60,0.9916666666666667,0,0,0,0
6,1,40.4,60,0.6733333333333333,0,0,0,1
19,4,17.4,50,0.348,0,1,0,2
8,6,58.1,80,0.7262500000000001,1,1,0,1
20,5,32.7,60,0.545,0,0,0,1
0,6,59.1,80,0.73875,1,0,1,1
6,7,66.3,80,0.82875,1,0,0,0
17,5,30.4,80,0.38,0,1,0,2
20,1,42.3,50,0.846,0,0,0,0
23,5,13.0,30,0.43333333333333335,0,0,1,2
23,6,75.7,100,0.757,1,0,1,0
1,7,88.6,100,0.8859999999999999,1,0,1,0
12,7,48.2,50,0.9640000000000001,1,0,0,0
15,4,73.2,100,0.732,0,0,0,1
4,1,52.3,60,0.8716666666666666,0,0,1,0
2,5,59.3,60,0.9883333333333333,0,0,1,0
20,7,26.6,50,0.532,1,0,0,1
9,5,23.1,30,0.77,0,1,0,0
20,7,28.0,80,0.35,1,0,0,2
11,5,45.9,60,0.765,0,0,0,0
22,7,66.8,80,0.835,1,0,1,0
0,1,64.4,80,0.805,0,0,1,0
2,4,40.6,50,0.812,0,0,1,0
7,4,40.1,60,0.6683333333333333,0,1,0,1
12,6,58.5,60,0.975,1,0,0,0
3,2,46.3,80,0.57875,0,0,1,1
20,4,58.4,60,0.9733333333333333,0,0,0,0
8,1,23.6,80,0.29500000000000004,0,1,0,2
13,7,17.0,30,0.5666666666666667,1,0,0,1
13,7,26.0,50,0.52,1,0,0,1
0,1,58.1,60,0.9683333333333334,0,0,1,0
9,2,7.1,60,0.11833333333333333,0,1,0,2
10,6,34.4,60,0.5733333333333334,1,0,0,1
10,6,92.0,100,0.92,1,0,0,0
11,4,8.5,60,0.14166666666666666,0,0,0,2
13,2,15.5,80,0.19375,0,0,0,2
3,2,25.4,60,0.4233333333333333,0,0,1,2
14,7,15.0,60,0.25,1,0,0,2
6,5,22.0,80,0.275,0,0,0,2
7,6,47.8,60,0.7966666666666666,1,1,0,0
14,7,21.4,80,0.26749999999999996,1,0,0,2
1,1,60.8,80,0.76,0,0,1,0
9,5,26.0,60,0.43333333333333335,0,1,0,2
12,4,16.4,30,0.5466666666666666,0,0,0,1
18,7,11.8,60,0.19666666666666668,1,1,0,2
16,5,51.1,60,0.8516666666666667,0,0,0,0
22,1,83.5,100,0.835,0,0,1,0
8,5,13.9,30,0.4633333333333333,0,1,0,1
10,7,44.4,60,0.74,1,0,0,1
19,3,31.0,50,0.62,0,1,0,1
7,3,23.3,80,0.29125,0,1,0,2
0,4,58.4,60,0.9733333333333333,0,0,1,0
13,2,29.9,60,0.4983333333333333,0,0,0,1
11,7,26.1,100,0.261,1,0,0,2
23,7,60.9,100,0.609,1,0,1,1
0,4,37.6,50,0.752,0,0,1,0
21,4,59.2,60,0.9866666666666667,0,0,0,0
2,1,50.4,60,0.84,0,0,1,0
19,4,43.1,60,0.7183333333333334,0,1,0,1
23,3,66.9,80,0.83625,0,0,1,0
15,3,23.7,30,0.7899999999999999,0,0,0,0
4,3,44.5,50,0.89,0,0,1,0
18,3,5.9,50,0.11800000000000001,0,1,0,2
22,2,46.4,50,0.9279999999999999,0,0,1,0
2,6,51.1,80,0.63875,1,0,1,1
5,5,59.7,60,0.995,0,0,1,0
3,7,58.4,60,0.9733333333333333,1,0,1,0
15,5,47.1,60,0.785,0,0,0,0
1,3,56.0,80,0.7,0,0,1,1
17,5,51.9,80,0.6487499999999999,0,1,0,1
19,6,38.8,50,0.7759999999999999,1,1,0,0
8,4,61.8,80,0.7725,0,1,0,0
13,1,63.8,80,0.7975,0,0,0,0
15,4,56.1,60,0.935,0,0,0,0
1,3,41.5,50,0.83,0,0,1,0
12,7,48.1,60,0.8016666666666666,1,0,0,0
10,3,26.0,80,0.325,0,0,0,2
15,5,13.8,60,0.23,0,0,0,2
3,7,46.2,60,0.77,1,0,1,0
1,6,30.0,60,0.5,1,0,1,1
1,2,47.5,50,0.95,0,0,1,0
7,1,41.1,60,0.685,0,1,0,1
14,3,32.5,50,0.65,0,0,0,1
6,6,13.6,50,0.272,1,0,0,2
20,1,47.0,60,0.7833333333333333,0,0,0,0
0,3,48.7,50,0.9740000000000001,0,0,1,0
4,2,59.3,60,0.9883333333333333,0,0,1,0
15,4,39.4,80,0.4925,0,0,0,1
13,7,18.5,60,0.30833333333333335,1,0,0,2
21,6,46.3,50,0.9259999999999999,1,0,0,0
7,4,40.6,60,0.6766666666666666,0,1,0,1
19,6,29.2,60,0.48666666666666664,1,1,0,1
21,6,51.6,80,0.645,1,0,0,1
21,5,51.4,60,0.8566666666666667,0,0,0,0
21,6,59.3,60,0.9883333333333333,1,0,0,0
15,1,47.2,80,0.5900000000000001,0,0,0,1
5,2,28.7,30,0.9566666666666667,0,0,1,0
7,3,15.8,100,0.158,0,1,0,2
4,1,99.6,100,0.996,0,0,1,0
12,7,44.7,50,0.894,1,0,0,0
21,2,50.9,60,0.8483333333333333,0,0,0,0
13,7,50.2,80,0.6275000000000001,1,0,0,1
10,4,51.0,60,0.85,0,0,0,0
12,4,12.3,30,0.41000000000000003,0,0,0,2
20,2,52.4,60,0.8733333333333333,0,0,0,0
2,6,24.3,50,0.486,1,0,1,1
13,4,40.0,80,0.5,0,0,0,1
8,6,51.3,60,0.855,1,1,0,0
16,4,47.4,60,0.7899999999999999,0,0,0,0
12,7,20.8,30,0.6933333333333334,1,0,0,1
7,4,48.1,50,0.9620000000000001,0,1,0,0
18,1,21.2,100,0.212,0,1,0,2
13,5,51.1,100,0.511,0,0,0,1
11,6,39.4,60,0.6566666666666666,1,0,0,1
20,1,66.5,80,0.83125,0,0,0,0
21,7,27.8,50,0.556,1,0,0,1
23,7,99.7,100,0.997,1,0,1,0
23,7,52.8,60,0.88,1,0,1,0
9,3,5.8,30,0.19333333333333333,0,1,0,2
13,3,34.4,60,0.5733333333333334,0,0,0,1
19,3,35.9,60,0.5983333333333333,0,1,0,1
5,2,56.2,60,0.9366666666666668,0,0,1,0
2,3,78.9,80,0.9862500000000001,0,0,1,0
0,6,53.3,60,0.8883333333333333,1,0,1,0
1,4,60.6,80,0.7575000000000001,0,0,1,0
22,5,25.8,30,0.86,0,0,1,0
4,2,57.9,60,0.965,0,0,1,0
17,6,27.0,60,0.45,1,1,0,1
7,4,18.6,80,0.2325,0,1,0,2
13,3,88.3,100,0.883,0,0,0,0
6,6,54.6,80,0.6825,1,0,0,1
10,5,41.1,50,0.8220000000000001,0,0,0,0
6,7,94.4,100,0.9440000000000001,1,0,0,0
3,7,23.0,30,0.7666666666666667,1,0,1,0
18,5,10.9,60,0.18166666666666667,0,1,0,2
22,3,56.9,60,0.9483333333333334,0,0,1,0
10,5,27.5,80,0.34375,0,0,0,2
19,3,73.8,100,0.738,0,1,0,1
18,2,38.0,80,0.475,0,1,0,1
10,2,67.1,80,0.8387499999999999,0,0,0,0
5,3,39.2,50,0.784,0,0,1,0
18,6,59.2,60,0.9866666666666667,1,1,0,0
2,2,72.1,80,0.9012499999999999,0,0,1,0
14,6,29.6,100,0.29600000000000004,1,0,0,2
22,3,46.1,50,0.922,0,0,1,0
4,6,26.4,50,0.528,1,0,1,1
20,5,46.6,60,0.7766666666666667,0,0,0,0
17,7,25.7,30,0.8566666666666667,1,1,0,0
22,5,41.5,50,0.83,0,0,1,0
7,3,14.2,30,0.47333333333333333,0,1,0,1
16,5,58.1,60,0.9683333333333334,0,0,0,0
3,4,53.7,60,0.895,0,0,1,0
22,2,29.6,30,0.9866666666666667,0,0,1,0
15,7,12.7,80,0.15875,1,0,0,2
22,1,47.6,50,0.9520000000000001,0,0,1,0
11,6,52.8,60,0.88,1,0,0,0
15,2,10.7,50,0.214,0,0,0,2
15,3,46.2,50,0.924,0,0,0,0
3,7,68.8,80,0.86,1,0,1,0
10,1,34.1,50,0.682,0,0,0,1
16,4,44.1,60,0.735,0,0,0,1
12,6,35.6,50,0.7120000000000001,1,0,0,1
20,2,15.9,30,0.53,0,0,0,1
4,4,57.2,60,0.9533333333333334,0,0,1,0
6,7,49.1,50,0.982,1,0,0,0
12,5,21.2,30,0.7066666666666667,0,0,0,1
11,2,66.8,80,0.835,0,0,0,0
8,6,31.1,60,0.5183333333333333,1,1,0,1
23,1,76.9,80,0.96125,0,0,1,0
0,5,29.8,30,0.9933333333333334,0,0,1,0
13,4,10.6,30,0.35333333333333333,0,0,0,2
12,5,43.9,50,0.878,0,0,0,0
22,1,56.4,60,0.94,0,0,1,0
0,2,46.0,60,0.7666666666666667,0,0,1,0
23,7,58.6,80,0.7325,1,0,1,1
1,1,41.5,50,0.83,0,0,1,0
13,1,33.7,60,0.5616666666666668,0,0,0,1
8,2,33.9,50,0.6779999999999999,0,1,0,1
23,6,61.5,80,0.76875,1,0,1,0
1,4,58.4,60,0.9733333333333333,0,0,1,0
13,4,32.8,50,0.6559999999999999,0,0,0,1
13,1,65.2,80,0.8150000000000001,0,0,0,0
8,1,21.1,60,0.3516666666666667,0,1,0,2
11,2,32.3,100,0.32299999999999995,0,0,0,2
2,1,79.9,100,0.799,0,0,1,0
15,3,23.4,30,0.7799999999999999,0,0,0,0
13,5,38.5,80,0.48125,0,0,0,1
10,6,7.4,60,0.12333333333333334,1,0,0,2
23,5,48.1,60,0.8016666666666666,0,0,1,0
3,5,54.0,60,0.9,0,0,1,0
4,5,69.4,80,0.8675,0,0,1,0
1,6,25.3,30,0.8433333333333334,1,0,1,0
22,4,47.0,100,0.47,0,0,1,1
5,6,54.0,60,0.9,1,0,1,0
0,5,27.3,30,0.91,0,0,1,0
19,2,24.0,60,0.4,0,1,0,2
3,1,16.2,80,0.20249999999999999,0,0,1,2
7,3,11.2,80,0.13999999999999999,0,1,0,2
19,7,12.7,30,0.4233333333333333,1,1,0,2
9,4,8.7,60,0.145,0,1,0,2
4,7,52.9,60,0.8816666666666666,1,0,1,0
16,7,38.3,100,0.38299999999999995,1,0,0,2
8,2,24.5,60,0.4083333333333333,0,1,0,2
21,4,27.2,50,0.544,0,0,0,1
19,1,31.0,80,0.3875,0,1,0,2
13,2,87.3,100,0.873,0,0,0,0
1,5,24.2,30,0.8066666666666666,0,0,1,0
13,3,43.2,50,0.8640000000000001,0,0,0,0
20,3,45.2,50,0.904,0,0,0,0
18,5,15.4,80,0.1925,0,1,0,2
1,5,76.9,80,0.96125,0,0,1,0
22,6,23.6,30,0.7866666666666667,1,0,1,0
17,3,5.4,50,0.10800000000000001,0,1,0,2
7,3,14.5,60,0.24166666666666667,0,1,0,2
19,4,12.3,60,0.20500000000000002,0,1,0,2
9,5,61.0,80,0.7625,0,1,0,0
16,4,33.5,60,0.5583333333333333,0,0,0,1
1,6,79.7,80,0.9962500000000001,1,0,1,0
13,3,42.7,60,0.7116666666666667,0,0,0,1
6,3,77.6,80,0.97,0,0,0,0
18,7,49.6,60,0.8266666666666667,1,1,0,0
18,7,11.8,60,0.19666666666666668,1,1,0,2
17,7,29.1,60,0.48500000000000004,1,1,0,1
7,5,97.4,100,0.9740000000000001,0,1,0,0
3,4,57.4,60,0.9566666666666667,0,0,1,0
8,4,41.6,60,0.6933333333333334,0,1,0,1
9,7,56.6,60,0.9433333333333334,1,1,0,0
19,6,13.8,60,0.23,1,1,0,2
23,2,42.6,50,0.852,0,0,1,0
20,5,39.0,50,0.78,0,0,0,0
20,1,76.5,80,0.95625,0,0,0,0
3,1,46.1,60,0.7683333333333333,0,0,1,0
18,4,23.1,60,0.385,0,1,0,2
5,1,97.0,100,0.97,0,0,1,0
13,1,48.5,60,0.8083333333333333,0,0,0,0
6,7,39.3,50,0.7859999999999999,1,0,0,0
14,5,31.3,50,0.626,0,0,0,1
15,6,34.2,50,0.684,1,0,0,1
0,5,62.9,80,0.78625,0,0,1,0
20,6,26.5,80,0.33125,1,0,0,2
10,2,78.9,100,0.789,0,0,0,0
23,7,76.9,80,0.96125,1,0,1,0
20,6,54.1,60,0.9016666666666667,1,0,0,0
20,7,53.1,60,0.885,1,0,0,0
11,4,49.2,60,0.8200000000000001,0,0,0,0
2,3,40.1,60,0.6683333333333333,0,0,1,1
0,3,52.5,60,0.875,0,0,1,0
5,4,39.0,50,0.78,0,0,1,0
8,6,48.3,60,0.8049999999999999,1,1,0,0
22,3,76.0,80,0.95,0,0,1,0
0,5,71.0,80,0.8875,0,0,1,0
8,6,86.0,100,0.86,1,1,0,0
22,7,67.7,80,0.8462500000000001,1,0,1,0
0,6,82.1,100,0.821,1,0,1,0
19,5,20.8,50,0.41600000000000004,0,1,0,2
9,1,14.6,60,0.24333333333333332,0,1,0,2
12,4,83.1,100,0.831,0,0,0,0
10,4,36.1,50,0.722,0,0,0,1
5,6,23.3,30,0.7766666666666667,1,0,1,0
0,4,68.6,80,0.8574999999999999,0,0,1,0
22,4,24.5,30,0.8166666666666667,0,0,1,0
11,4,45.6,60,0.76,0,0,0,0
9,7,98.0,100,0.98,1,1,0,0
20,3,49.1,60,0.8183333333333334,0,0,0,0
19,6,10.4,80,0.13,1,1,0,2
15,4,75.2,80,0.9400000000000001,0,0,0,0
16,7,45.9,80,0.57375,1,0,0,1
12,6,14.5,60,0.24166666666666667,1,0,0,2
21,1,47.6,80,0.595,0,0,0,1
23,3,49.4,50,0.988,0,0,1,0
22,7,57.1,60,0.9516666666666667,1,0,1,0
11,2,45.6,80,0.5700000000000001,0,0,0,1
0,5,77.3,80,0.9662499999999999,0,0,1,0
4,5,50.8,60,0.8466666666666666,0,0,1,0
19,2,37.8,60,0.63,0,1,0,1
22,5,56.6,60,0.9433333333333334,0,0,1,0
17,4,26.0,50,0.52,0,1,0,1
3,3,76.7,80,0.95875,0,0,1,0
2,7,19.7,50,0.39399999999999996,1,0,1,2
20,1,58.2,60,0.9700000000000001,0,0,0,0
5,1,48.5,50,0.97,0,0,1,0
20,4,27.7,60,0.46166666666666667,0,0,0,1
4,1,29.5,30,0.9833333333333333,0,0,1,0
23,6,71.6,80,0.8949999999999999,1,0,1,0
10,3,27.1,50,0.542,0,0,0,1
22,2,50.7,60,0.8450000000000001,0,0,1,0
21,4,47.3,50,0.946,0,0,0,0
20,6,27.0,30,0.9,1,0,0,0
10,1,75.6,100,0.7559999999999999,0,0,0,0
8,6,43.6,50,0.872,1,1,0,0
1,3,84.7,100,0.847,0,0,1,0
22,2,60.6,80,0.7575000000000001,0,0,1,0
8,6,58.1,60,0.9683333333333334,1,1,0,0
13,1,25.8,60,0.43,0,0,0,2
10,3,24.4,50,0.488,0,0,0,1
6,7,48.9,50,0.978,1,0,0,0
7,6,41.2,50,0.8240000000000001,1,1,0,0
17,4,16.3,50,0.326,0,1,0,2
0,7,56.2,60,0.9366666666666668,1,0,1,0
10,5,45.0,60,0.75,0,0,0,0
15,2,60.1,80,0.75125,0,0,0,0
14,6,27.8,60,0.4633333333333333,1,0,0,1
1,2,51.1,60,0.8516666666666667,0,0,1,0
19,1,24.5,50,0.49,0,1,0,1
19,2,12.5,50,0.25,0,1,0,2
11,1,53.4,60,0.89,0,0,0,0
15,1,52.8,60,0.88,0,0,0,0
8,4,15.4,60,0.25666666666666665,0,1,0,2
23,5,42.5,50,0.85,0,0,1,0
21,3,67.5,80,0.84375,0,0,0,0
0,3,57.9,60,0.965,0,0,1,0
19,2,47.7,60,0.795,0,1,0,0
4,7,38.9,100,0.389,1,0,1,2
16,5,56.4,100,0.564,0,0,0,1
2,5,45.6,50,0.912,0,0,1,0
4,6,18.9,60,0.315,1,0,1,2
16,4,49.7,50,0.9940000000000001,0,0,0,0
22,7,37.5,60,0.625,1,0,1,1
3,2,59.0,60,0.9833333333333333,0,0,1,0
22,3,68.6,100,0.6859999999999999,0,0,1,1
4,3,62.7,80,0.7837500000000001,0,0,1,0
11,1,7.9,60,0.13166666666666668,0,0,0,2
21,1,28.4,60,0.47333333333333333,0,0,0,1
6,7,36.1,60,0.6016666666666667,1,0,0,1
15,6,29.4,80,0.3675,1,0,0,2
2,6,28.1,30,0.9366666666666668,1,0,1,0
8,3,48.6,100,0.486,0,1,0,1
5,1,97.0,100,0.97,0,0,1,0
0,6,46.2,60,0.77,1,0,1,0
13,1,31.1,50,0.622,0,0,0,1
0,2,40.6,50,0.812,0,0,1,0
7,2,25.5,60,0.425,0,1,0,2
4,4,54.5,60,0.9083333333333333,0,0,1,0
17,4,21.1,60,0.3516666666666667,0,1,0,2
3,4,27.9,60,0.46499999999999997,0,0,1,1
12,6,78.9,100,0.789,1,0,0,0
6,1,72.0,80,0.9,0,0,0,0
13,5,10.0,60,0.16666666666666666,0,0,0,2
5,1,49.5,60,0.825,0,0,1,0
6,5,82.7,100,0.8270000000000001,0,0,0,0
18,5,54.2,60,0.9033333333333334,0,1,0,0
12,4,22.6,50,0.452,0,0,0,1
21,4,53.2,60,0.8866666666666667,0,0,0,0
9,4,15.3,80,0.19125,0,1,0,2
21,4,70.5,80,0.88125,0,0,0,0
6,2,15.2,50,0.304,0,0,0,2
23,7,23.1,80,0.28875,1,0,1,2
13,5,11.3,30,0.3766666666666667,0,0,0,2
16,3,9.7,60,0.16166666666666665,0,0,0,2
17,4,6.9,60,0.115,0,1,0,2
3,1,27.6,50,0.552,0,0,1,1
9,7,59.0,60,0.9833333333333333,1,1,0,0
0,3,49.9,60,0.8316666666666667,0,0,1,0
13,4,21.9,50,0.43799999999999994,0,0,0,2
16,4,43.3,60,0.7216666666666666,0,0,0,1
7,2,20.1,30,0.67,0,1,0,1
8,5,18.3,50,0.366,0,1,0,2
1,7,75.6,80,0.945,1,0,1,0
15,7,29.6,50,0.5920000000000001,1,0,0,1
2,1,88.6,100,0.8859999999999999,0,0,1,0
22,6,26.5,30,0.8833333333333333,1,0,1,0
12,1,58.9,100,0.589,0,0,0,1
5,3,45.0,60,0.75,0,0,1,0
19,6,10.3,80,0.12875,1,1,0,2
23,5,45.2,60,0.7533333333333334,0,0,1,0
3,1,43.3,50,0.866,0,0,1,0
21,2,76.9,80,0.96125,0,0,0,0
16,2,20.3,60,0.3383333333333333,0,0,0,2
14,1,50.2,60,0.8366666666666667,0,0,0,0
21,2,58.2,60,0.9700000000000001,0,0,0,0
19,6,24.5,60,0.4083333333333333,1,1,0,2
8,7,36.4,50,0.728,1,1,0,1
19,1,10.7,60,0.17833333333333332,0,1,0,2
9,7,14.8,60,0.24666666666666667,1,1,0,2
17,4,12.3,50,0.24600000000000002,0,1,0,2
8,2,48.5,50,0.97,0,1,0,0
16,3,73.2,80,0.915,0,0,0,0
17,7,58.7,60,0.9783333333333334,1,1,0,0
4,2,55.3,60,0.9216666666666666,0,0,1,0
11,1,35.1,50,0.7020000000000001,0,0,0,1
0,4,27.3,60,0.455,0,0,1,1
23,7,45.2,60,0.7533333333333334,1,0,1,0
3,7,47.7,50,0.9540000000000001,1,0,1,0
5,2,47.9,50,0.958,0,0,1,0
15,7,29.3,80,0.36625,1,0,0,2
23,7,51.9,60,0.865,1,0,1,0
4,7,46.9,50,0.938,1,0,1,0
7,1,14.1,80,0.17625,0,1,0,2
5,4,49.8,60,0.83,0,0,1,0
10,4,60.8,80,0.76,0,0,0,0
21,5,59.7,100,0.597,0,0,0,1
21,6,60.5,80,0.75625,1,0,0,0
22,5,99.8,100,0.998,0,0,1,0
21,3,53.9,60,0.8983333333333333,0,0,0,0
5,5,57.2,60,0.9533333333333334,0,0,1,0
19,4,5.6,30,0.18666666666666665,0,1,0,2
1,1,38.8,50,0.7759999999999999,0,0,1,0
6,4,7.0,30,0.23333333333333334,0,0,0,2
0,6,25.5,100,0.255,1,0,1,2
23,7,48.5,50,0.97,1,0,1,0
2,4,85.5,100,0.855,0,0,1,0
7,3,14.5,60,0.24166666666666667,0,1,0,2
8,5,27.2,60,0.4533333333333333,0,1,0,1
13,6,18.7,60,0.31166666666666665,1,0,0,2
4,1,52.8,60,0.88,0,0,1,0
3,5,57.4,60,0.9566666666666667,0,0,1,0
10,5,74.2,80,0.9275,0,0,0,0
23,4,23.5,50,0.47,0,0,1,1
18,5,31.3,50,0.626,0,1,0,1
17,1,63.9,80,0.79875,0,1,0,0
5,3,46.9,60,0.7816666666666666,0,0,1,0
5,4,64.5,80,0.80625,0,0,1,0
11,1,71.8,80,0.8975,0,0,0,0
10,1,57.7,60,0.9616666666666667,0,0,0,0
4,7,23.9,30,0.7966666666666666,1,0,1,0
23,1,40.5,50,0.81,0,0,1,0
7,1,26.4,60,0.44,0,1,0,2
11,6,53.5,80,0.66875,1,0,0,1
22,1,24.1,30,0.8033333333333333,0,0,1,0
15,7,36.6,60,0.61,1,0,0,1
11,3,12.5,60,0.20833333333333334,0,0,0,2
7,1,33.6,60,0.56,0,1,0,1
21,4,92.8,100,0.9279999999999999,0,0,0,0
4,5,14.7,30,0.49,0,0,1,1
3,6,27.4,30,0.9133333333333333,1,0,1,0
8,5,22.1,60,0.36833333333333335,0,1,0,2
10,1,24.9,50,0.498,0,0,0,1
16,7,47.0,100,0.47,1,0,0,1
17,2,39.0,50,0.78,0,1,0,0
16,3,40.9,80,0.51125,0,0,0,1
1,4,58.5,60,0.975,0,0,1,0
1,2,34.9,60,0.5816666666666667,0,0,1,1
8,2,6.3,60,0.105,0,1,0,2
19,2,23.6,30,0.7866666666666667,0,1,0,0
3,4,72.5,80,0.90625,0,0,1,0
14,6,34.1,50,0.682,1,0,0,1
18,4,54.4,80,0.6799999999999999,0,1,0,1
19,4,8.4,80,0.10500000000000001,0,1,0,2
0,3,47.6,60,0.7933333333333333,0,0,1,0
10,2,45.3,60,0.755,0,0,0,0
18,2,18.5,30,0.6166666666666667,0,1,0,1
1,6,56.6,60,0.9433333333333334,1,0,1,0
14,1,26.7,80,0.33375,0,0,0,2
20,4,44.5,50,0.89,0,0,0,0
23,1,76.6,100,0.7659999999999999,0,0,1,0
22,7,72.4,80,0.905,1,0,1,0
1,6,58.0,60,0.9666666666666667,1,0,1,0
16,1,41.8,50,0.836,0,0,0,0
15,6,7.2,30,0.24000000000000002,1,0,0,2
19,1,30.9,80,0.38625,0,1,0,2
1,7,37.6,50,0.752,1,0,1,0
1,5,84.0,100,0.84,0,0,1,0
8,3,9.9,60,0.165,0,1,0,2
14,1,38.0,80,0.475,0,0,0,1
17,5,17.9,60,0.2983333333333333,0,1,0,2
12,3,19.8,30,0.66,0,0,0,1
7,7,50.6,60,0.8433333333333334,1,1,0,0
17,6,36.8,50,0.736,1,1,0,1
3,7,48.8,60,0.8133333333333332,1,0,1,0
23,4,27.0,30,0.9,0,0,1,0
12,6,27.0,50,0.54,1,0,0,1
15,3,21.2,30,0.7066666666666667,0,0,0,1
1,2,48.6,60,0.81,0,0,1,0
3,7,54.0,80,0.675,1,0,1,1
8,7,16.9,80,0.21125,1,1,0,2
21,2,58.3,60,0.9716666666666666,0,0,0,0
3,6,52.7,60,0.8783333333333334,1,0,1,0
9,7,93.8,100,0.938,1,1,0,0
5,4,29.6,50,0.5920000000000001,0,0,1,1
2,5,56.3,60,0.9383333333333332,0,0,1,0
18,5,16.9,50,0.33799999999999997,0,1,0,2
7,6,22.9,30,0.7633333333333333,1,1,0,0
4,6,48.1,60,0.8016666666666666,1,0,1,0
1,3,76.9,80,0.96125,0,0,1,0
4,5,84.9,100,0.8490000000000001,0,0,1,0
18,7,10.3,50,0.20600000000000002,1,1,0,2
8,4,12.5,60,0.20833333333333334,0,1,0,2
18,1,43.5,80,0.54375,0,1,0,1
15,6,5.8,50,0.11599999999999999,1,0,0,2
12,3,5.7,50,0.114,0,0,0,2
4,4,29.3,30,0.9766666666666667,0,0,1,0
1,2,48.5,60,0.8083333333333333,0,0,1,0
17,1,13.0,60,0.21666666666666667,0,1,0,2
13,5,38.4,60,0.64,0,0,0,1
23,7,55.6,60,0.9266666666666666,1,0,1,0
22,4,48.9,50,0.978,0,0,1,0
4,1,49.2,60,0.8200000000000001,0,0,1,0
14,7,10.6,50,0.212,1,0,0,2
3,6,20.0,60,0.3333333333333333,1,0,1,2
13,7,21.2,30,0.7066666666666667,1,0,0,1
3,4,45.0,50,0.9,0,0,1,0
22,7,61.3,80,0.76625,1,0,1,0
2,5,49.8,60,0.83,0,0,1,0
19,1,9.4,60,0.15666666666666668,0,1,0,2
9,4,28.5,50,0.57,0,1,0,1
13,1,12.9,50,0.258,0,0,0,2
0,7,48.4,50,0.968,1,0,1,0
5,7,77.2,80,0.9650000000000001,1,0,1,0
12,2,14.2,30,0.47333333333333333,0,0,0,1
4,2,30.1,50,0.602,0,0,1,1
4,4,24.8,30,0.8266666666666667,0,0,1,0
22,4,14.7,80,0.18375,0,0,1,2
19,5,19.6,50,0.392,0,1,0,2
11,7,71.1,100,0.711,1,0,0,1
23,1,60.4,80,0.755,0,0,1,0
0,5,4.2,30,0.14,0,0,1,2
21,5,69.7,80,0.8712500000000001,0,0,0,0
2,2,41.2,50,0.8240000000000001,0,0,1,0
13,5,43.0,60,0.7166666666666667,0,0,0,1
10,6,57.3,80,0.7162499999999999,1,0,0,1
6,3,63.8,80,0.7975,0,0,0,0
15,7,8.3,30,0.27666666666666667,1,0,0,2
4,6,7.8,60,0.13,1,0,1,2
14,6,20.9,60,0.34833333333333333,1,0,0,2
21,1,27.7,50,0.5539999999999999,0,0,0,1
2,1,58.9,60,0.9816666666666667,0,0,1,0
22,5,65.2,80,0.8150000000000001,0,0,1,0
3,1,28.0,30,0.9333333333333333,0,0,1,0
17,4,27.4,30,0.9133333333333333,0,1,0,0
12,2,23.6,60,0.39333333333333337,0,0,0,2
9,1,7.4,50,0.14800000000000002,0,1,0,2
21,7,23.3,60,0.38833333333333336,1,0,0,2
20,1,65.0,100,0.65,0,0,0,1
2,7,31.1,60,0.5183333333333333,1,0,1,1
7,3,68.3,80,0.85375,0,1,0,0
23,5,76.6,80,0.9574999999999999,0,0,1,0
0,7,27.8,50,0.556,1,0,1,1
12,7,23.9,50,0.478,1,0,0,1
8,1,38.2,80,0.47750000000000004,0,1,0,1
22,4,59.6,60,0.9933333333333334,0,0,1,0
21,5,72.5,80,0.90625,0,0,0,0
9,2,76.0,80,0.95,0,1,0,0
4,4,49.0,50,0.98,0,0,1,0
4,5,53.8,60,0.8966666666666666,0,0,1,0
14,1,53.8,60,0.8966666666666666,0,0,0,0
8,7,65.5,100,0.655,1,1,0,1
21,2,67.4,80,0.8425,0,0,0,0
15,5,35.1,80,0.43875000000000003,0,0,0,2
19,4,92.7,100,0.927,0,1,0,0
16,2,38.9,50,0.778,0,0,0,0
2,6,48.2,60,0.8033333333333333,1,0,1,0
4,7,28.8,60,0.48000000000000004,1,0,1,1
17,3,24.8,100,0.248,0,1,0,2
14,7,35.1,80,0.43875000000000003,1,0,0,2
15,6,24.4,50,0.488,1,0,0,1
5,3,53.8,60,0.8966666666666666,0,0,1,0
11,3,54.1,60,0.9016666666666667,0,0,0,0
16,2,23.3,60,0.38833333333333336,0,0,0,2
23,1,55.5,60,0.925,0,0,1,0
10,7,36.8,60,0.6133333333333333,1,0,0,1
5,4,66.7,80,0.83375,0,0,1,0
22,5,74.2,80,0.9275,0,0,1,0
16,5,48.7,50,0.9740000000000001,0,0,0,0
17,4,4.6,30,0.15333333333333332,0,1,0,2
21,2,46.8,60,0.7799999999999999,0,0,0,0
2,5,41.7,60,0.6950000000000001,0,0,1,1
2,5,65.4,80,0.8175000000000001,0,0,1,0
11,1,29.1,30,0.9700000000000001,0,0,0,0
23,6,9.2,60,0.15333333333333332,1,0,1,2
23,5,47.3,60,0.7883333333333333,0,0,1,0
13,4,35.3,60,0.5883333333333333,0,0,0,1
19,4,24.0,60,0.4,0,1,0,2
15,2,28.8,60,0.48000000000000004,0,0,0,1
23,5,59.8,60,0.9966666666666666,0,0,1,0
16,4,50.4,60,0.84,0,0,0,0
2,4,53.3,60,0.8883333333333333,0,0,1,0
19,1,69.3,80,0.86625,0,1,0,0
3,7,20.6,30,0.6866666666666668,1,0,1,1
0,1,54.6,60,0.91,0,0,1,0
12,7,80.0,80,1.0,1,0,0,0
19,4,11.3,60,0.18833333333333335,0,1,0,2
3,3,62.7,80,0.7837500000000001,0,0,1,0
7,7,38.1,50,0.762,1,1,0,0
3,4,69.7,80,0.8712500000000001,0,0,1,0
7,5,8.9,80,0.11125,0,1,0,2
8,5,24.0,60,0.4,0,1,0,2
2,4,36.2,80,0.4525,0,0,1,1
22,5,42.5,50,0.85,0,0,1,0
8,5,46.1,80,0.57625,0,1,0,1
21,6,72.4,80,0.905,1,0,0,0
0,3,44.6,50,0.892,0,0,1,0
5,4,41.2,50,0.8240000000000001,0,0,1,0
21,5,60.4,80,0.755,0,0,0,0
1,6,69.5,80,0.86875,1,0,1,0
8,6,54.4,60,0.9066666666666666,1,1,0,0
0,1,61.3,80,0.76625,0,0,1,0
20,7,60.3,100,0.603,1,0,0,1
4,7,55.4,60,0.9233333333333333,1,0,1,0
11,7,55.6,100,0.556,1,0,0,1
0,3,37.9,50,0.758,0,0,1,0
12,5,14.9,80,0.18625,0,0,0,2
22,5,55.5,60,0.925,0,0,1,0
3,1,96.8,100,0.968,0,0,1,0
9,6,75.3,80,0.9412499999999999,1,1,0,0
0,3,45.8,50,0.9159999999999999,0,0,1,0
5,5,51.4,60,0.8566666666666667,0,0,1,0
1,1,37.5,50,0.75,0,0,1,0
3,3,37.6,50,0.752,0,0,1,0
19,7,54.1,60,0.9016666666666667,1,1,0,0
10,4,22.2,30,0.74,0,0,0,1
3,2,25.2,30,0.84,0,0,1,0
9,5,30.1,50,0.602,0,1,0,1
0,4,66.4,80,0.8300000000000001,0,0,1,0
2,6,21.9,60,0.365,1,0,1,2
2,4,50.8,60,0.8466666666666666,0,0,1,0
8,6,32.7,50,0.654,1,1,0,1
23,5,73.4,80,0.9175000000000001,0,0,1,0
20,4,27.1,30,0.9033333333333334,0,0,0,0
15,1,91.0,100,0.91,0,0,0,0
1,6,45.1,50,0.902,1,0,1,0
8,5,10.9,50,0.218,0,1,0,2
4,4,48.9,60,0.815,0,0,1,0
23,5,66.8,80,0.835,0,0,1,0
13,5,43.7,60,0.7283333333333334,0,0,0,1
3,1,58.8,60,0.98,0,0,1,0
11,3,32.0,50,0.64,0,0,0,1
10,3,79.0,80,0.9875,0,0,0,0
15,2,32.4,100,0.324,0,0,0,2
20,5,23.3,30,0.7766666666666667,0,0,0,0
8,5,42.0,60,0.7,0,1,0,1
6,3,32.6,60,0.5433333333333333,0,0,0,1
15,3,17.7,60,0.295,0,0,0,2
12,3,17.3,30,0.5766666666666667,0,0,0,1
17,1,31.0,80,0.3875,0,1,0,2
6,5,98.6,100,0.986,0,0,0,0
16,3,63.6,80,0.795,0,0,0,0
6,1,42.0,50,0.84,0,0,0,0
10,7,69.8,80,0.8724999999999999,1,0,0,0
18,5,13.1,60,0.21833333333333332,0,1,0,2
17,4,11.3,50,0.226,0,1,0,2
16,4,49.1,50,0.982,0,0,0,0
23,1,78.2,80,0.9775,0,0,1,0
5,1,47.6,60,0.7933333333333333,0,0,1,0
4,1,59.4,60,0.99,0,0,1,0
1,7,77.8,80,0.9724999999999999,1,0,1,0
5,4,45.6,60,0.76,0,0,1,0
22,5,31.8,100,0.318,0,0,1,2
13,1,7.3,50,0.146,0,0,0,2
6,6,54.1,60,0.9016666666666667,1,0,0,0
4,4,66.0,80,0.825,0,0,1,0
22,1,67.3,100,0.6729999999999999,0,0,1,1
6,4,25.1,50,0.502,0,0,0,1
21,2,51.8,60,0.8633333333333333,0,0,0,0
4,1,69.5,80,0.86875,0,0,1,0
18,4,27.1,100,0.271,0,1,0,2
22,1,27.4,30,0.9133333333333333,0,0,1,0
20,2,17.8,30,0.5933333333333334,0,0,0,1
10,1,94.0,100,0.94,0,0,0,0
5,7,65.6,80,0.82,1,0,1,0
2,6,57.6,60,0.9600000000000001,1,0,1,0
3,2,71.1,80,0.8887499999999999,0,0,1,0
16,6,96.7,100,0.9670000000000001,1,0,0,0
12,2,25.9,60,0.43166666666666664,0,0,0,2
20,1,44.6,80,0.5575,0,0,0,1
10,2,56.4,60,0.94,0,0,0,0
6,4,68.9,80,0.8612500000000001,0,0,0,0
13,1,12.9,50,0.258,0,0,0,2
14,7,49.0,50,0.98,1,0,0,0
20,7,72.9,80,0.9112500000000001,1,0,0,0
18,1,21.0,50,0.42,0,1,0,2
10,2,23.1,30,0.77,0,0,0,0
14,3,6.4,60,0.10666666666666667,0,0,0,2
18,2,7.8,50,0.156,0,1,0,2
0,3,69.5,80,0.86875,0,0,1,0
15,7,98.4,100,0.9840000000000001,1,0,0,0
5,7,40.7,60,0.6783333333333333,1,0,1,1
18,5,49.0,80,0.6125,0,1,0,1
15,3,49.7,60,0.8283333333333334,0,0,0,0
10,3,30.0,60,0.5,0,0,0,1
4,4,86.2,100,0.862,0,0,1,0
2,2,79.3,80,0.99125,0,0,1,0
5,1,79.1,80,0.9887499999999999,0,0,1,0
4,7,64.7,80,0.8087500000000001,1,0,1,0
19,7,41.6,60,0.6933333333333334,1,1,0,1
21,6,50.2,60,0.8366666666666667,1,0,0,0
15,3,45.5,50,0.91,0,0,0,0
14,3,38.9,80,0.48624999999999996,0,0,0,1
6,3,28.4,60,0.47333333333333333,0,0,0,1
4,6,45.6,50,0.912,1,0,1,0
20,1,11.7,50,0.23399999999999999,0,0,0,2
20,3,49.5,50,0.99,0,0,0,0
1,7,42.1,50,0.8420000000000001,1,0,1,0
9,3,20.5,50,0.41,0,1,0,2
14,5,6.1,60,0.10166666666666666,0,0,0,2
9,1,15.9,60,0.265,0,1,0,2
20,7,78.6,80,0.9824999999999999,1,0,0,0
14,6,23.9,60,0.3983333333333333,1,0,0,2
23,7,58.8,60,0.98,1,0,1,0
17,1,25.8,50,0.516,0,1,0,1
14,2,24.2,50,0.484,0,0,0,1
15,4,46.0,60,0.7666666666666667,0,0,0,0
4,4,45.7,50,0.914,0,0,1,0
18,4,13.9,50,0.278,0,1,0,2
4,4,68.6,80,0.8574999999999999,0,0,1,0
3,1,79.9,100,0.799,0,0,1,0
10,2,49.3,60,0.8216666666666667,0,0,0,0
14,6,17.9,80,0.22374999999999998,1,0,0,2
12,2,27.7,50,0.5539999999999999,0,0,0,1
13,7,72.7,80,0.9087500000000001,1,0,0,0
3,1,79.4,100,0.794,0,0,1,0
17,2,17.1,50,0.342,0,1,0,2
13,5,20.6,30,0.6866666666666668,0,0,0,1
10,5,3.4,30,0.11333333333333333,0,0,0,2
4,1,52.8,60,0.88,0,0,1,0
1,5,44.2,50,0.884,0,0,1,0
11,7,88.5,100,0.885,1,0,0,0
16,7,19.9,50,0.39799999999999996,1,0,0,2
23,2,90.4,100,0.904,0,0,1,0
12,4,53.6,100,0.536,0,0,0,1
8,4,17.4,60,0.29,0,1,0,2
2,6,76.5,80,0.95625,1,0,1,0
2,6,55.8,80,0.6975,1,0,1,1
12,6,13.5,50,0.27,1,0,0,2
10,2,74.0,80,0.925,0,0,0,0
23,2,27.6,50,0.552,0,0,1,1
5,3,54.4,60,0.9066666666666666,0,0,1,0
6,3,9.6,30,0.32,0,0,0,2
20,1,52.7,60,0.8783333333333334,0,0,0,0
6,3,28.8,50,0.5760000000000001,0,0,0,1
12,7,36.7,50,0.7340000000000001,1,0,0,1
11,3,36.8,60,0.6133333333333333,0,0,0,1
10,4,36.3,80,0.45375,0,0,0,1
14,5,44.1,60,0.735,0,0,0,1
23,4,45.6,60,0.76,0,0,1,0
7,5,19.4,60,0.3233333333333333,0,1,0,2
21,4,41.0,50,0.82,0,0,0,0
15,5,20.2,50,0.40399999999999997,0,0,0,2
20,1,50.7,60,0.8450000000000001,0,0,0,0
20,3,51.9,60,0.865,0,0,0,0
12,3,46.4,50,0.9279999999999999,0,0,0,0
23,7,49.7,60,0.8283333333333334,1,0,1,0
0,1,40.4,50,0.8079999999999999,0,0,1,0
13,4,39.9,60,0.6649999999999999,0,0,0,1
18,5,49.7,50,0.9940000000000001,0,1,0,0
14,1,41.0,100,0.41,0,0,0,2
21,2,33.2,50,0.664,0,0,0,1
16,7,34.9,50,0.698,1,0,0,1
2,3,39.3,50,0.7859999999999999,0,0,1,0
12,6,47.7,50,0.9540000000000001,1,0,0,0
2,5,54.8,60,0.9133333333333333,0,0,1,0
20,4,28.4,30,0.9466666666666667,0,0,0,0
20,2,58.1,80,0.7262500000000001,0,0,0,1
21,7,89.2,100,0.892,1,0,0,0
12,3,36.9,50,0.738,0,0,0,1
13,6,41.3,60,0.6883333333333332,1,0,0,1
22,6,49.8,60,0.83,1,0,1,0
9,1,39.1,60,0.6516666666666667,0,1,0,1
23,1,28.7,50,0.574,0,0,1,1
5,2,66.2,80,0.8275,0,0,1,0
8,4,9.6,50,0.192,0,1,0,2
15,2,68.4,80,0.8550000000000001,0,0,0,0
9,6,49.7,80,0.6212500000000001,1,1,0,1
10,3,73.1,100,0.731,0,0,0,1
11,1,17.2,80,0.215,0,0,0,2
5,5,29.7,30,0.99,0,0,1,0
13,2,40.3,60,0.6716666666666666,0,0,0,1
20,2,32.4,60,0.5399999999999999,0,0,0,1
19,2,9.8,60,0.16333333333333336,0,1,0,2
4,6,27.6,60,0.46,1,0,1,1
1,3,39.4,60,0.6566666666666666,0,0,1,1
21,7,82.3,100,0.823,1,0,0,0
13,4,52.5,80,0.65625,0,0,0,1
11,1,21.1,100,0.21100000000000002,0,0,0,2
17,7,48.5,50,0.97,1,1,0,0
4,3,99.8,100,0.998,0,0,1,0
17,3,32.6,60,0.5433333333333333,0,1,0,1
16,3,49.4,60,0.8233333333333334,0,0,0,0
23,3,43.2,50,0.8640000000000001,0,0,1,0
8,2,17.7,50,0.354,0,1,0,2
13,1,44.5,50,0.89,0,0,0,0
13,3,18.5,60,0.30833333333333335,0,0,0,2
12,7,52.3,80,0.6537499999999999,1,0,0,1
21,3,55.8,60,0.9299999999999999,0,0,0,0
21,1,38.4,60,0.64,0,0,0,1
19,5,11.3,80,0.14125000000000001,0,1,0,2
22,7,57.1,60,0.9516666666666667,1,0,1,0
2,2,70.9,80,0.8862500000000001,0,0,1,0
11,6,20.8,60,0.3466666666666667,1,0,0,2
2,1,45.6,60,0.76,0,0,1,0
19,6,15.5,30,0.5166666666666667,1,1,0,1
23,4,49.2,60,0.8200000000000001,0,0,1,0
2,2,98.4,100,0.9840000000000001,0,0,1,0
14,3,27.2,50,0.544,0,0,0,1
6,1,51.1,60,0.8516666666666667,0,0,0,0
21,4,99.9,100,0.9990000000000001,0,0,0,0
17,5,5.7,50,0.114,0,1,0,2
9,3,51.4,100,0.514,0,1,0,1
4,1,44.8,50,0.8959999999999999,0,0,1,0
3,5,24.0,80,0.3,0,0,1,2
3,1,56.6,60,0.9433333333333334,0,0,1,0
4,3,58.1,60,0.9683333333333334,0,0,1,0
13,7,33.9,60,0.565,1,0,0,1
7,6,26.3,30,0.8766666666666667,1,1,0,0
4,5,38.0,50,0.76,0,0,1,0
9,3,22.3,60,0.3716666666666667,0,1,0,2
10,7,8.4,80,0.10500000000000001,1,0,0,2
9,5,10.0,50,0.2,0,1,0,2
4,1,55.8,60,0.9299999999999999,0,0,1,0
12,2,42.5,100,0.425,0,0,0,2
17,3,25.9,50,0.518,0,1,0,1
18,2,8.4,50,0.168,0,1,0,2
15,5,23.6,50,0.47200000000000003,0,0,0,1
20,4,39.5,80,0.49375,0,0,0,1
5,3,74.7,80,0.9337500000000001,0,0,1,0
16,6,53.7,60,0.895,1,0,0,0
18,4,11.0,50,0.22,0,1,0,2
15,4,57.8,60,0.9633333333333333,0,0,0,0
23,1,55.4,60,0.9233333333333333,0,0,1,0
13,2,44.4,60,0.74,0,0,0,1
6,2,56.8,80,0.71,0,0,0,1
22,2,98.0,100,0.98,0,0,1,0
0,1,28.9,80,0.36124999999999996,0,0,1,2
15,6,48.3,60,0.8049999999999999,1,0,0,0
21,7,60.8,80,0.76,1,0,0,0
23,7,5.2,30,0.17333333333333334,1,0,1,2
16,4,13.0,30,0.43333333333333335,0,0,0,2
11,5,47.3,50,0.946,0,0,0,0
4,2,55.7,60,0.9283333333333333,0,0,1,0
22,3,56.1,60,0.935,0,0,1,0
7,7,19.3,30,0.6433333333333333,1,1,0,1
16,6,35.2,60,0.5866666666666667,1,0,0,1
4,7,68.0,80,0.85,1,0,1,0
2,7,68.1,100,0.6809999999999999,1,0,1,1
6,7,59.3,60,0.9883333333333333,1,0,0,0
8,7,32.0,80,0.4,1,1,0,2
23,1,75.2,100,0.752,0,0,1,0
14,2,23.0,60,0.38333333333333336,0,0,0,2
13,5,20.2,30,0.6733333333333333,0,0,0,1
14,5,39.3,60,0.6549999999999999,0,0,0,1
20,2,39.1,50,0.782,0,0,0,0
5,2,49.4,50,0.988,0,0,1,0
16,5,66.1,100,0.6609999999999999,0,0,0,1
11,4,45.9,50,0.9179999999999999,0,0,0,0
20,4,28.3,30,0.9433333333333334,0,0,0,0
15,1,50.4,80,0.63,0,0,0,1
16,5,50.4,60,0.84,0,0,0,0
3,7,15.4,50,0.308,1,0,1,2
10,5,27.6,60,0.46,0,0,0,1
10,3,56.8,60,0.9466666666666667,0,0,0,0
0,1,88.9,100,0.889,0,0,1,0
8,3,5.9,30,0.19666666666666668,0,1,0,2
15,5,24.0,50,0.48,0,0,0,1
8,5,25.5,50,0.51,0,1,0,1
15,1,42.4,60,0.7066666666666667,0,0,0,1
14,3,68.3,80,0.85375,0,0,0,0
21,6,65.8,80,0.8225,1,0,0,0
17,5,30.0,50,0.6,0,1,0,1
22,7,47.5,60,0.7916666666666666,1,0,1,0
10,7,53.2,60,0.8866666666666667,1,0,0,0
22,3,46.9,60,0.7816666666666666,0,0,1,0
16,6,39.1,60,0.6516666666666667,1,0,0,1
1,5,49.7,60,0.8283333333333334,0,0,1,0
22,6,10.9,60,0.18166666666666667,1,0,1,2
19,3,21.3,80,0.26625,0,1,0,2
15,3,58.2,60,0.9700000000000001,0,0,0,0
13,2,15.8,50,0.316,0,0,0,2
23,3,45.1,60,0.7516666666666667,0,0,1,0
21,5,35.9,50,0.718,0,0,0,1
6,4,48.7,80,0.60875,0,0,0,1
14,5,16.2,80,0.20249999999999999,0,0,0,2
3,2,54.0,60,0.9,0,0,1,0
19,5,34.6,100,0.34600000000000003,0,1,0,2
12,7,46.7,60,0.7783333333333334,1,0,0,0
14,4,57.4,60,0.9566666666666667,0,0,0,0
9,4,14.5,60,0.24166666666666667,0,1,0,2
6,2,55.6,60,0.9266666666666666,0,0,0,0
14,5,79.9,80,0.99875,0,0,0,0
23,4,48.4,60,0.8066666666666666,0,0,1,0
0,6,33.7,60,0.5616666666666668,1,0,1,1
14,1,20.3,50,0.406,0,0,0,2
23,2,61.7,80,0.77125,0,0,1,0
18,2,40.1,50,0.802,0,1,0,0
7,2,13.2,80,0.16499999999999998,0,1,0,2
1,5,45.9,60,0.765,0,0,1,0
5,5,81.9,100,0.8190000000000001,0,0,1,0
14,7,32.6,80,0.40750000000000003,1,0,0,2
18,2,9.3,50,0.18600000000000003,0,1,0,2
10,2,29.2,60,0.48666666666666664,0,0,0,1
12,3,25.1,30,0.8366666666666667,0,0,0,0
12,5,28.6,80,0.35750000000000004,0,0,0,2
8,3,16.3,60,0.27166666666666667,0,1,0,2
2,4,38.5,60,0.6416666666666667,0,0,1,1
11,2,41.2,80,0.515,0,0,0,1
18,1,25.8,60,0.43,0,1,0,2
14,3,22.6,50,0.452,0,0,0,1
5,6,39.9,50,0.7979999999999999,1,0,1,0
3,2,49.3,50,0.986,0,0,1,0
14,1,39.3,60,0.6549999999999999,0,0,0,1
20,3,66.2,80,0.8275,0,0,0,0
20,4,58.4,60,0.9733333333333333,0,0,0,0
20,7,24.2,50,0.484,1,0,0,1
11,6,55.9,80,0.69875,1,0,0,1
0,6,71.7,80,0.89625,1,0,1,0
7,2,35.6,50,0.7120000000000001,0,1,0,1
11,4,51.0,60,0.85,0,0,0,0
9,5,11.9,30,0.39666666666666667,0,1,0,2
15,3,28.2,50,0.564,0,0,0,1
20,1,25.4,80,0.3175,0,0,0,2
13,6,50.3,80,0.6287499999999999,1,0,0,1
10,4,89.4,100,0.894,0,0,0,0
8,6,57.5,60,0.9583333333333334,1,1,0,0
7,2,69.3,80,0.86625,0,1,0,0
14,6,42.9,50,0.858,1,0,0,0
17,3,19.7,60,0.3283333333333333,0,1,0,2
23,1,67.9,80,0.8487500000000001,0,0,1,0
14,3,26.0,30,0.8666666666666667,0,0,0,0
16,1,19.6,50,0.392,0,0,0,2
12,5,19.1,30,0.6366666666666667,0,0,0,1
12,2,33.3,60,0.5549999999999999,0,0,0,1
20,6,41.9,50,0.838,1,0,0,0
23,4,58.4,60,0.9733333333333333,0,0,1,0
11,3,39.9,50,0.7979999999999999,0,0,0,0
18,2,41.6,60,0.6933333333333334,0,1,0,1
19,5,45.1,80,0.56375,0,1,0,1
19,6,23.6,80,0.29500000000000004,1,1,0,2
8,1,18.4,60,0.30666666666666664,0,1,0,2
22,4,51.4,60,0.8566666666666667,0,0,1,0
9,5,94.2,100,0.9420000000000001,0,1,0,0
19,1,34.1,100,0.341,0,1,0,2
20,3,88.1,100,0.8809999999999999,0,0,0,0
12,2,46.6,100,0.466,0,0,0,1
22,2,49.6,60,0.8266666666666667,0,0,1,0
14,7,39.9,60,0.6649999999999999,1,0,0,1
11,4,47.7,60,0.795,0,0,0,0
9,3,6.4,60,0.10666666666666667,0,1,0,2
10,2,56.4,60,0.94,0,0,0,0
1,5,25.9,50,0.518,0,0,1,1
17,1,27.9,60,0.46499999999999997,0,1,0,1
16,3,23.6,30,0.7866666666666667,0,0,0,0
18,7,34.4,50,0.688,1,1,0,1
13,3,13.6,30,0.4533333333333333,0,0,0,1
15,1,39.0,50,0.78,0,0,0,0
23,5,79.9,80,0.99875,0,0,1,0
8,4,50.4,100,0.504,0,1,0,1
15,1,17.3,30,0.5766666666666667,0,0,0,1
0,6,56.3,60,0.9383333333333332,1,0,1,0
17,7,39.5,100,0.395,1,1,0,2
18,7,59.2,60,0.9866666666666667,1,1,0,0
0,4,29.1,30,0.9700000000000001,0,0,1,0
8,6,19.4,50,0.38799999999999996,1,1,0,2
8,2,31.3,50,0.626,0,1,0,1
22,5,35.6,50,0.7120000000000001,0,0,1,1
20,5,43.6,50,0.872,0,0,0,0
9,4,24.0,60,0.4,0,1,0,2
18,6,35.2,50,0.7040000000000001,1,1,0,1
19,5,11.1,30,0.37,0,1,0,2
16,1,28.1,30,0.9366666666666668,0,0,0,0
9,7,49.7,50,0.9940000000000001,1,1,0,0
15,7,44.5,50,0.89,1,0,0,0
13,4,70.0,100,0.7,0,0,0,1
19,1,28.3,30,0.9433333333333334,0,1,0,0
18,7,27.2,60,0.4533333333333333,1,1,0,1
23,6,55.3,60,0.9216666666666666,1,0,1,0
3,3,41.9,60,0.6983333333333334,0,0,1,1
23,6,52.2,60,0.87,1,0,1,0
5,7,30.4,50,0.608,1,0,1,1
5,3,45.2,60,0.7533333333333334,0,0,1,0
8,4,11.7,60,0.19499999999999998,0,1,0,2
11,5,34.4,50,0.688,0,0,0,1
6,3,34.2,50,0.684,0,0,0,1
1,1,28.5,30,0.95,0,0,1,0
18,7,28.2,50,0.564,1,1,0,1
17,3,20.8,60,0.3466666666666667,0,1,0,2
10,3,40.4,50,0.8079999999999999,0,0,0,0
5,7,78.9,100,0.789,1,0,1,0
2,6,41.8,50,0.836,1,0,1,0
14,6,30.6,50,0.612,1,0,0,1
12,1,14.8,50,0.29600000000000004,0,0,0,2
16,5,27.1,30,0.9033333333333334,0,0,0,0
5,3,92.8,100,0.9279999999999999,0,0,1,0
0,2,56.5,60,0.9416666666666667,0,0,1,0
2,3,73.0,80,0.9125,0,0,1,0
21,2,57.6,60,0.9600000000000001,0,0,0,0
21,6,79.0,80,0.9875,1,0,0,0
7,7,54.2,80,0.6775,1,1,0,1
3,1,58.4,60,0.9733333333333333,0,0,1,0
1,2,43.5,50,0.87,0,0,1,0
0,6,18.9,30,0.63,1,0,1,1
3,3,59.6,60,0.9933333333333334,0,0,1,0
13,2,10.7,50,0.214,0,0,0,2
6,5,15.6,60,0.26,0,0,0,2
14,1,15.1,30,0.5033333333333333,0,0,0,1
6,3,66.4,80,0.8300000000000001,0,0,0,0
12,5,59.1,80,0.73875,0,0,0,1
9,2,8.7,60,0.145,0,1,0,2
16,6,78.5,80,0.98125,1,0,0,0
8,1,23.7,80,0.29625,0,1,0,2
22,7,30.2,60,0.5033333333333333,1,0,1,1
9,1,99.4,100,0.9940000000000001,0,1,0,0
23,1,57.3,60,0.955,0,0,1,0
7,5,14.8,80,0.185,0,1,0,2
2,1,44.2,50,0.884,0,0,1,0
8,1,29.0,30,0.9666666666666667,0,1,0,0
17,4,12.5,60,0.20833333333333334,0,1,0,2
12,6,87.9,100,0.879,1,0,0,0
18,6,54.5,80,0.68125,1,1,0,1
18,1,28.9,50,0.578,0,1,0,1
3,4,75.2,80,0.9400000000000001,0,0,1,0
3,1,10.4,60,0.17333333333333334,0,0,1,2
17,1,5.9,50,0.11800000000000001,0,1,0,2
14,7,41.1,60,0.685,1,0,0,1
16,6,52.9,80,0.66125,1,0,0,1
16,5,12.1,30,0.4033333333333333,0,0,0,2
4,4,66.6,80,0.8324999999999999,0,0,1,0
17,3,39.2,100,0.392,0,1,0,2
8,7,26.9,30,0.8966666666666666,1,1,0,0
19,6,27.0,60,0.45,1,1,0,1
14,4,6.9,50,0.138,0,0,0,2
19,3,5.1,50,0.102,0,1,0,2
21,2,44.4,80,0.5549999999999999,0,0,0,1
15,4,71.5,80,0.89375,0,0,0,0
1,2,96.2,100,0.9620000000000001,0,0,1,0
11,1,29.9,50,0.598,0,0,0,1
0,2,59.8,60,0.9966666666666666,0,0,1,0
10,4,91.7,100,0.917,0,0,0,0
1,5,49.4,60,0.8233333333333334,0,0,1,0
23,3,98.4,100,0.9840000000000001,0,0,1,0
2,2,45.5,50,0.91,0,0,1,0
7,6,8.3,80,0.10375000000000001,1,1,0,2
19,2,12.5,30,0.4166666666666667,0,1,0,2
0,7,55.5,60,0.925,1,0,1,0
2,6,30.4,50,0.608,1,0,1,1
16,5,47.8,60,0.7966666666666666,0,0,0,0
8,3,7.5,50,0.15,0,1,0,2
19,3,34.4,100,0.344,0,1,0,2
22,3,26.1,30,0.87,0,0,1,0
7,6,48.5,60,0.8083333333333333,1,1,0,0
16,7,17.9,80,0.22374999999999998,1,0,0,2
22,4,55.5,60,0.925,0,0,1,0
1,6,53.1,60,0.885,1,0,1,0
6,1,45.6,100,0.456,0,0,0,1
9,3,33.7,80,0.42125,0,1,0,2
16,7,51.7,60,0.8616666666666667,1,0,0,0
4,6,9.3,60,0.155,1,0,1,2
22,5,55.5,60,0.925,0,0,1,0
18,3,10.7,60,0.17833333333333332,0,1,0,2
20,7,45.3,80,0.5662499999999999,1,0,0,1
14,4,48.5,100,0.485,0,0,0,1
10,7,24.2,100,0.242,1,0,0,2
14,5,46.9,50,0.938,0,0,0,0
19,6,39.6,80,0.495,1,1,0,1
11,7,41.4,60,0.69,1,0,0,1
4,4,74.5,80,0.93125,0,0,1,0
4,4,56.0,60,0.9333333333333333,0,0,1,0
19,4,23.1,60,0.385,0,1,0,2
18,3,32.3,80,0.40374999999999994,0,1,0,2
21,1,78.8,80,0.985,0,0,0,0
17,7,15.0,60,0.25,1,1,0,2
4,7,18.9,30,0.63,1,0,1,1
4,6,35.0,80,0.4375,1,0,1,2
2,7,41.5,50,0.83,1,0,1,0
19,6,27.0,50,0.54,1,1,0,1
4,1,51.4,60,0.8566666666666667,0,0,1,0
3,5,77.3,80,0.9662499999999999,0,0,1,0
19,4,13.7,60,0.22833333333333333,0,1,0,2
8,5,32.8,100,0.32799999999999996,0,1,0,2
17,5,29.5,60,0.49166666666666664,0,1,0,1
2,5,21.6,30,0.7200000000000001,0,0,1,1
9,7,78.0,80,0.975,1,1,0,0
10,5,24.8,30,0.8266666666666667,0,0,0,0
3,2,48.5,60,0.8083333333333333,0,0,1,0
9,7,81.0,100,0.81,1,1,0,0
22,2,77.5,80,0.96875,0,0,1,0
18,3,61.0,80,0.7625,0,1,0,0
4,5,53.6,60,0.8933333333333333,0,0,1,0
18,3,13.4,60,0.22333333333333333,0,1,0,2
9,7,51.1,80,0.63875,1,1,0,1
18,5,20.3,80,0.25375000000000003,0,1,0,2
3,3,50.4,60,0.84,0,0,1,0
20,6,36.2,100,0.36200000000000004,1,0,0,2
10,1,68.5,80,0.85625,0,0,0,0
3,6,24.7,50,0.494,1,0,1,1
2,6,43.9,50,0.878,1,0,1,0
9,6,78.9,80,0.9862500000000001,1,1,0,0
12,7,41.0,60,0.6833333333333333,1,0,0,1
8,7,53.8,80,0.6725,1,1,0,1
18,3,26.2,80,0.3275,0,1,0,2
3,3,76.7,100,0.767,0,0,1,0
10,3,65.3,80,0.8162499999999999,0,0,0,0
18,3,34.0,60,0.5666666666666667,0,1,0,1
13,6,76.6,100,0.7659999999999999,1,0,0,0
6,3,71.7,80,0.89625,0,0,0,0
5,7,42.5,50,0.85,1,0,1,0
9,1,19.0,50,0.38,0,1,0,2
22,6,47.6,50,0.9520000000000001,1,0,1,0
0,1,41.2,50,0.8240000000000001,0,0,1,0
0,4,48.9,60,0.815,0,0,1,0
7,4,27.7,80,0.34625,0,1,0,2
7,3,19.9,60,0.33166666666666667,0,1,0,2
22,1,50.8,60,0.8466666666666666,0,0,1,0
15,4,27.0,50,0.54,0,0,0,1
20,3,41.6,60,0.6933333333333334,0,0,0,1
1,3,45.1,50,0.902,0,0,1,0
21,7,45.1,60,0.7516666666666667,1,0,0,0
3,5,49.7,50,0.9940000000000001,0,0,1,0
23,6,60.1,80,0.75125,1,0,1,0
14,3,8.5,50,0.17,0,0,0,2
20,1,22.7,30,0.7566666666666666,0,0,0,0
21,3,48.6,60,0.81,0,0,0,0
7,7,55.5,60,0.925,1,1,0,0
1,3,64.6,80,0.8074999999999999,0,0,1,0
6,5,13.8,30,0.46,0,0,0,1
4,6,49.2,60,0.8200000000000001,1,0,1,0
21,4,17.5,80,0.21875,0,0,0,2
20,3,54.2,80,0.6775,0,0,0,1
8,5,36.8,100,0.368,0,1,0,2
7,2,14.7,60,0.245,0,1,0,2
9,7,51.1,80,0.63875,1,1,0,1
8,4,24.5,100,0.245,0,1,0,2
22,1,70.3,80,0.8787499999999999,0,0,1,0
23,5,82.2,100,0.8220000000000001,0,0,1,0
9,5,10.2,50,0.204,0,1,0,2
17,3,20.1,50,0.402,0,1,0,2
7,1,43.0,50,0.86,0,1,0,0
19,1,9.9,60,0.165,0,1,0,2
4,5,61.2,80,0.765,0,0,1,0
4,3,77.5,80,0.96875,0,0,1,0
20,2,41.4,80,0.5175,0,0,0,1
12,5,62.8,100,0.628,0,0,0,1
7,5,51.8,60,0.8633333333333333,0,1,0,0
3,2,30.8,60,0.5133333333333333,0,0,1,1
17,4,15.3,30,0.51,0,1,0,1
16,6,20.3,60,0.3383333333333333,1,0,0,2
18,4,38.7,60,0.645,0,1,0,1
8,5,33.3,50,0.6659999999999999,0,1,0,1
9,2,36.4,50,0.728,0,1,0,1
2,4,48.2,50,0.9640000000000001,0,0,1,0
20,6,77.1,100,0.7709999999999999,1,0,0,0
14,3,31.7,60,0.5283333333333333,0,0,0,1
11,6,28.0,60,0.4666666666666667,1,0,0,1
20,2,76.6,100,0.7659999999999999,0,0,0,0
7,7,20.0,30,0.6666666666666666,1,1,0,1
6,5,74.5,80,0.93125,0,0,0,0
9,6,16.3,60,0.27166666666666667,1,1,0,2
9,2,19.2,60,0.32,0,1,0,2
2,7,78.9,100,0.789,1,0,1,0
21,6,60.7,80,0.75875,1,0,0,0
16,5,77.5,100,0.775,0,0,0,0
2,2,58.4,60,0.9733333333333333,0,0,1,0
15,4,50.7,60,0.8450000000000001,0,0,0,0
4,2,36.7,60,0.6116666666666667,0,0,1,1
23,5,25.3,30,0.8433333333333334,0,0,1,0
5,2,60.0,80,0.75,0,0,1,0
5,6,69.3,80,0.86625,1,0,1,0
19,3,25.6,50,0.512,0,1,0,1
3,5,82.6,100,0.826,0,0,1,0
5,5,47.4,60,0.7899999999999999,0,0,1,0
4,3,29.1,60,0.48500000000000004,0,0,1,1
9,6,51.4,60,0.8566666666666667,1,1,0,0
22,7,10.4,30,0.3466666666666667,1,0,1,2
13,5,69.7,100,0.6970000000000001,0,0,0,1
4,3,12.3,50,0.24600000000000002,0,0,1,2
18,2,9.1,50,0.182,0,1,0,2
5,5,50.0,60,0.8333333333333334,0,0,1,0
17,2,23.4,80,0.2925,0,1,0,2
4,5,70.9,80,0.8862500000000001,0,0,1,0
23,3,23.9,30,0.7966666666666666,0,0,1,0
11,1,34.1,80,0.42625,0,0,0,2
10,3,42.6,50,0.852,0,0,0,0
6,3,49.8,100,0.498,0,0,0,1
23,1,48.0,50,0.96,0,0,1,0
10,7,11.8,30,0.39333333333333337,1,0,0,2
5,1,47.6,50,0.9520000000000001,0,0,1,0
4,2,46.3,50,0.9259999999999999,0,0,1,0
23,3,77.4,80,0.9675,0,0,1,0
7,4,34.0,80,0.425,0,1,0,2
10,7,50.4,80,0.63,1,0,0,1
9,5,32.2,60,0.5366666666666667,0,1,0,1
14,7,50.5,100,0.505,1,0,0,1
4,5,66.3,80,0.82875,0,0,1,0
19,3,14.4,60,0.24000000000000002,0,1,0,2
3,7,47.3,60,0.7883333333333333,1,0,1,0
19,4,13.3,80,0.16625,0,1,0,2
21,3,58.2,100,0.5820000000000001,0,0,0,1
13,3,12.0,50,0.24,0,0,0,2
21,4,48.0,60,0.8,0,0,0,0
23,3,97.5,100,0.975,0,0,1,0
11,3,42.6,60,0.7100000000000001,0,0,0,1
0,2,21.4,30,0.7133333333333333,0,0,1,1
12,5,48.6,80,0.6075,0,0,0,1
12,3,69.6,80,0.8699999999999999,0,0,0,0
21,5,35.0,60,0.5833333333333334,0,0,0,1
16,3,60.1,80,0.75125,0,0,0,0
7,4,7.2,30,0.24000000000000002,0,1,0,2
1,1,51.2,60,0.8533333333333334,0,0,1,0
13,7,29.8,50,0.596,1,0,0,1
23,5,69.5,80,0.86875,0,0,1,0
14,7,25.1,80,0.31375000000000003,1,0,0,2
12,6,61.9,100,0.619,1,0,0,1
3,2,67.3,80,0.8412499999999999,0,0,1,0
23,4,46.3,50,0.9259999999999999,0,0,1,0
18,6,66.7,100,0.667,1,1,0,1
8,3,27.0,60,0.45,0,1,0,1
22,2,76.1,100,0.7609999999999999,0,0,1,0
1,4,39.2,60,0.6533333333333334,0,0,1,1
2,6,99.5,100,0.995,1,0,1,0
19,4,78.6,80,0.9824999999999999,0,1,0,0
7,6,51.8,60,0.8633333333333333,1,1,0,0
5,3,44.7,50,0.894,0,0,1,0
21,4,49.1,60,0.8183333333333334,0,0,0,0
9,4,21.8,60,0.36333333333333334,0,1,0,2
23,6,56.4,60,0.94,1,0,1,0
9,1,46.0,60,0.7666666666666667,0,1,0,0
5,5,58.7,60,0.9783333333333334,0,0,1,0
0,2,51.0,60,0.85,0,0,1,0
9,4,16.9,80,0.21125,0,1,0,2
17,2,15.2,60,0.2533333333333333,0,1,0,2
8,3,33.5,80,0.41875,0,1,0,2
16,6,34.0,100,0.34,1,0,0,2
5,6,25.8,30,0.86,1,0,1,0
0,6,18.7,50,0.374,1,0,1,2
15,7,18.7,50,0.374,1,0,0,2
6,7,31.3,50,0.626,1,0,0,1
0,6,30.4,60,0.5066666666666666,1,0,1,1
22,3,46.7,60,0.7783333333333334,0,0,1,0
23,7,30.0,30,1.0,1,0,1,0
7,2,46.5,80,0.58125,0,1,0,1
8,2,50.3,80,0.6287499999999999,0,1,0,1
3,1,41.0,50,0.82,0,0,1,0
1,6,45.7,60,0.7616666666666667,1,0,1,0
10,6,42.7,60,0.7116666666666667,1,0,0,1
20,2,62.9,80,0.78625,0,0,0,0
21,2,39.8,60,0.6633333333333333,0,0,0,1
8,3,32.8,80,0.41,0,1,0,2
15,4,19.7,30,0.6566666666666666,0,0,0,1
9,7,50.8,60,0.8466666666666666,1,1,0,0
5,2,65.5,80,0.81875,0,0,1,0
17,5,13.7,60,0.22833333333333333,0,1,0,2
23,5,45.3,60,0.755,0,0,1,0
10,6,10.7,60,0.17833333333333332,1,0,0,2
18,1,25.2,60,0.42,0,1,0,2
16,2,41.6,60,0.6933333333333334,0,0,0,1
22,5,54.6,60,0.91,0,0,1,0
21,1,61.4,80,0.7675,0,0,0,0
2,1,77.3,80,0.9662499999999999,0,0,1,0
3,2,47.5,50,0.95,0,0,1,0
7,7,54.8,60,0.9133333333333333,1,1,0,0
1,4,83.3,100,0.833,0,0,1,0
22,7,37.8,50,0.7559999999999999,1,0,1,0
20,6,10.0,50,0.2,1,0,0,2
23,6,12.9,50,0.258,1,0,1,2
22,6,45.4,60,0.7566666666666666,1,0,1,0
6,4,47.5,60,0.7916666666666666,0,0,0,0
6,1,52.9,80,0.66125,0,0,0,1
0,6,59.8,60,0.9966666666666666,1,0,1,0
6,1,31.7,60,0.5283333333333333,0,0,0,1
17,7,23.1,50,0.462,1,1,0,1
5,5,87.0,100,0.87,0,0,1,0
9,4,32.2,80,0.4025,0,1,0,2
11,7,17.1,30,0.5700000000000001,1,0,0,1
9,6,23.5,30,0.7833333333333333,1,1,0,0
18,4,29.6,80,0.37,0,1,0,2
11,2,49.5,50,0.99,0,0,0,0
14,7,35.2,60,0.5866666666666667,1,0,0,1
4,2,75.9,100,0.759,0,0,1,0
6,7,45.8,80,0.5725,1,0,0,1
6,4,74.9,80,0.93625,0,0,0,0
15,5,25.0,30,0.8333333333333334,0,0,0,0
7,1,27.6,60,0.46,0,1,0,1
1,6,19.2,60,0.32,1,0,1,2
2,1,54.6,60,0.91,0,0,1,0
17,6,57.1,80,0.71375,1,1,0,1
6,2,78.3,80,0.97875,0,0,0,0
11,3,42.4,60,0.7066666666666667,0,0,0,1
10,6,42.9,80,0.53625,1,0,0,1
2,3,26.9,30,0.8966666666666666,0,0,1,0
13,6,16.7,30,0.5566666666666666,1,0,0,1
16,5,36.6,50,0.732,0,0,0,1
13,5,13.1,80,0.16375,0,0,0,2
15,2,45.3,50,0.9059999999999999,0,0,0,0
13,2,26.4,50,0.528,0,0,0,1
10,7,38.3,60,0.6383333333333333,1,0,0,1
22,6,85.9,100,0.8590000000000001,1,0,1,0
11,6,17.4,60,0.29,1,0,0,2
21,7,49.1,60,0.8183333333333334,1,0,0,0
12,2,40.5,60,0.675,0,0,0,1
17,3,42.5,100,0.425,0,1,0,2
6,2,55.7,80,0.69625,0,0,0,1
2,1,46.6,60,0.7766666666666667,0,0,1,0
8,2,22.9,60,0.38166666666666665,0,1,0,2
1,2,98.9,100,0.9890000000000001,0,0,1,0
5,6,71.7,80,0.89625,1,0,1,0
23,2,56.9,60,0.9483333333333334,0,0,1,0
12,7,48.7,60,0.8116666666666668,1,0,0,0
0,6,13.7,30,0.45666666666666667,1,0,1,1
19,7,28.4,50,0.568,1,1,0,1
20,7,20.9,30,0.6966666666666667,1,0,0,1
19,7,23.1,50,0.462,1,1,0,1
17,6,6.9,50,0.138,1,1,0,2
5,4,19.4,60,0.3233333333333333,0,0,1,2
16,5,47.0,50,0.94,0,0,0,0
22,2,56.4,60,0.94,0,0,1,0
19,2,20.3,100,0.203,0,1,0,2
18,2,81.6,100,0.816,0,1,0,0
10,3,66.2,80,0.8275,0,0,0,0
8,4,14.3,60,0.23833333333333334,0,1,0,2
21,1,81.2,100,0.812,0,0,0,0
20,3,64.3,80,0.80375,0,0,0,0
16,2,23.2,60,0.38666666666666666,0,0,0,2
23,6,54.4,60,0.9066666666666666,1,0,1,0
16,7,49.0,60,0.8166666666666667,1,0,0,0
3,6,63.3,80,0.79125,1,0,1,0
15,3,29.3,50,0.586,0,0,0,1
9,5,78.6,100,0.7859999999999999,0,1,0,0
5,2,74.7,80,0.9337500000000001,0,0,1,0
13,7,17.1,60,0.28500000000000003,1,0,0,2
16,1,15.9,30,0.53,0,0,0,1
18,7,17.8,60,0.2966666666666667,1,1,0,2
18,5,19.7,60,0.3283333333333333,0,1,0,2
6,3,93.6,100,0.9359999999999999,0,0,0,0
3,2,55.4,60,0.9233333333333333,0,0,1,0
4,3,40.4,60,0.6733333333333333,0,0,1,1
5,2,47.1,50,0.9420000000000001,0,0,1,0
14,2,64.8,80,0.8099999999999999,0,0,0,0
16,4,50.3,60,0.8383333333333333,0,0,0,0
4,6,24.6,30,0.8200000000000001,1,0,1,0
13,5,32.8,60,0.5466666666666666,0,0,0,1
23,1,69.7,80,0.8712500000000001,0,0,1,0
1,2,44.7,50,0.894,0,0,1,0
18,6,44.6,50,0.892,1,1,0,0
21,5,69.0,100,0.69,0,0,0,1
19,3,50.6,60,0.8433333333333334,0,1,0,0
2,6,37.6,50,0.752,1,0,1,0
10,1,41.7,50,0.8340000000000001,0,0,0,0
10,4,28.9,50,0.578,0,0,0,1
3,4,62.9,80,0.78625,0,0,1,0
23,3,44.6,50,0.892,0,0,1,0
9,1,47.5,50,0.95,0,1,0,0
16,2,29.2,30,0.9733333333333333,0,0,0,0
15,7,87.2,100,0.872,1,0,0,0
9,7,17.2,60,0.2866666666666667,1,1,0,2
23,3,42.2,50,0.8440000000000001,0,0,1,0
5,6,15.3,60,0.255,1,0,1,2
9,2,8.5,80,0.10625,0,1,0,2
23,7,55.5,60,0.925,1,0,1,0
20,1,76.6,80,0.9574999999999999,0,0,0,0
7,6,61.5,80,0.76875,1,1,0,0
3,5,63.4,80,0.7925,0,0,1,0
9,3,55.8,100,0.5579999999999999,0,1,0,1
10,7,82.6,100,0.826,1,0,0,0
0,6,56.4,60,0.94,1,0,1,0
15,4,13.9,60,0.23166666666666666,0,0,0,2
12,4,42.2,50,0.8440000000000001,0,0,0,0
9,1,48.0,50,0.96,0,1,0,0
7,2,37.5,80,0.46875,0,1,0,1
21,1,53.6,60,0.8933333333333333,0,0,0,0
16,6,41.4,60,0.69,1,0,0,1
12,5,70.1,80,0.87625,0,0,0,0
18,1,46.4,100,0.46399999999999997,0,1,0,1
14,4,25.3,80,0.31625000000000003,0,0,0,2
1,3,27.0,30,0.9,0,0,1,0
11,4,48.3,60,0.8049999999999999,0,0,0,0
15,1,58.6,60,0.9766666666666667,0,0,0,0
22,2,45.8,60,0.7633333333333333,0,0,1,0
18,2,31.9,80,0.39875,0,1,0,2
13,2,73.9,80,0.9237500000000001,0,0,0,0
0,2,45.4,60,0.7566666666666666,0,0,1,0
3,5,46.2,50,0.924,0,0,1,0
1,4,61.0,80,0.7625,0,0,1,0
13,7,52.8,60,0.88,1,0,0,0
11,5,23.7,30,0.7899999999999999,0,0,0,0
15,7,38.1,60,0.635,1,0,0,1
2,1,59.3,60,0.9883333333333333,0,0,1,0
14,3,87.8,100,0.878,0,0,0,0
22,5,74.4,80,0.93,0,0,1,0
20,1,23.5,60,0.39166666666666666,0,0,0,2
9,2,36.3,50,0.726,0,1,0,1
12,3,13.5,60,0.225,0,0,0,2
18,4,54.9,100,0.5489999999999999,0,1,0,1
19,5,89.6,100,0.8959999999999999,0,1,0,0
10,6,23.2,50,0.46399999999999997,1,0,0,1
17,7,51.8,60,0.8633333333333333,1,1,0,0
2,5,37.7,60,0.6283333333333334,0,0,1,1
15,7,25.3,60,0.4216666666666667,1,0,0,2
11,3,33.5,80,0.41875,0,0,0,2
6,5,44.5,50,0.89,0,0,0,0
1,1,56.5,100,0.565,0,0,1,1
8,4,13.7,60,0.22833333333333333,0,1,0,2
17,5,31.8,80,0.3975,0,1,0,2
12,3,19.1,80,0.23875000000000002,0,0,0,2
17,2,12.7,30,0.4233333333333333,0,1,0,2
13,1,31.3,60,0.5216666666666667,0,0,0,1
8,2,6.9,30,0.23,0,1,0,2
15,4,49.8,60,0.83,0,0,0,0
12,3,83.8,100,0.838,0,0,0,0
9,5,25.4,60,0.4233333333333333,0,1,0,2
13,4,52.7,100,0.527,0,0,0,1
2,1,55.2,60,0.92,0,0,1,0
20,1,34.4,50,0.688,0,0,0,1
5,1,48.6,50,0.972,0,0,1,0
4,4,37.0,60,0.6166666666666667,0,0,1,1
13,3,41.3,50,0.826,0,0,0,0
3,2,74.5,80,0.93125,0,0,1,0
19,4,42.9,100,0.429,0,1,0,2
21,3,39.1,50,0.782,0,0,0,0
0,7,11.9,60,0.19833333333333333,1,0,1,2
3,4,48.0,50,0.96,0,0,1,0
16,6,52.9,60,0.8816666666666666,1,0,0,0
2,1,55.1,60,0.9183333333333333,0,0,1,0
4,5,48.8,60,0.8133333333333332,0,0,1,0
5,4,59.0,60,0.9833333333333333,0,0,1,0
8,7,46.9,50,0.938,1,1,0,0
22,1,66.5,80,0.83125,0,0,1,0
14,5,27.3,50,0.546,0,0,0,1
6,7,47.1,50,0.9420000000000001,1,0,0,0
2,1,65.6,80,0.82,0,0,1,0
6,4,20.3,30,0.6766666666666666,0,0,0,1
9,5,48.6,60,0.81,0,1,0,0
17,5,31.0,60,0.5166666666666667,0,1,0,1
17,4,65.0,100,0.65,0,1,0,1
22,1,95.1,100,0.951,0,0,1,0
7,4,12.0,60,0.2,0,1,0,2
8,7,27.6,60,0.46,1,1,0,1
14,7,27.0,50,0.54,1,0,0,1
1,5,52.1,60,0.8683333333333334,0,0,1,0
7,6,31.5,60,0.525,1,1,0,1
21,6,52.1,60,0.8683333333333334,1,0,0,0
0,6,27.8,30,0.9266666666666666,1,0,1,0
11,4,37.6,50,0.752,0,0,0,0
11,1,78.9,80,0.9862500000000001,0,0,0,0
9,5,28.6,80,0.35750000000000004,0,1,0,2
7,4,6.4,60,0.10666666666666667,0,1,0,2
12,4,39.8,50,0.7959999999999999,0,0,0,0
2,5,48.8,50,0.976,0,0,1,0
9,3,16.3,100,0.163,0,1,0,2
10,3,43.9,50,0.878,0,0,0,0
8,3,23.4,50,0.46799999999999997,0,1,0,1
23,4,23.0,30,0.7666666666666667,0,0,1,0
5,5,27.3,30,0.91,0,0,1,0
3,7,78.8,80,0.985,1,0,1,0
21,5,54.5,60,0.9083333333333333,0,0,0,0
16,3,30.0,60,0.5,0,0,0,1
2,6,66.9,80,0.83625,1,0,1,0
0,6,87.9,100,0.879,1,0,1,0
11,7,54.7,60,0.9116666666666667,1,0,0,0
20,7,12.6,50,0.252,1,0,0,2
4,7,48.4,60,0.8066666666666666,1,0,1,0
6,3,44.9,80,0.56125,0,0,0,1
2,1,71.8,80,0.8975,0,0,1,0
16,2,19.5,60,0.325,0,0,0,2
14,5,50.9,60,0.8483333333333333,0,0,0,0
21,4,42.6,50,0.852,0,0,0,0
2,4,11.2,60,0.18666666666666665,0,0,1,2
17,6,13.5,60,0.225,1,1,0,2
6,3,59.3,60,0.9883333333333333,0,0,0,0
9,4,7.2,60,0.12000000000000001,0,1,0,2
21,2,64.4,80,0.805,0,0,0,0
21,4,27.6,60,0.46,0,0,0,1
1,2,70.6,80,0.8825,0,0,1,0
0,1,35.1,50,0.7020000000000001,0,0,1,1
3,3,45.1,100,0.451,0,0,1,1
5,1,25.1,30,0.8366666666666667,0,0,1,0
9,3,52.1,60,0.8683333333333334,0,1,0,0
4,5,64.4,80,0.805,0,0,1,0
6,7,52.1,60,0.8683333333333334,1,0,0,0
23,2,59.6,60,0.9933333333333334,0,0,1,0
2,7,10.7,30,0.35666666666666663,1,0,1,2
9,4,30.2,60,0.5033333333333333,0,1,0,1
10,7,20.5,60,0.3416666666666667,1,0,0,2
15,5,87.2,100,0.872,0,0,0,0
20,1,29.2,50,0.584,0,0,0,1
16,1,54.1,60,0.9016666666666667,0,0,0,0
10,5,26.9,50,0.5379999999999999,0,0,0,1
19,1,14.7,50,0.294,0,1,0,2
23,6,49.8,60,0.83,1,0,1,0
19,2,38.9,60,0.6483333333333333,0,1,0,1
0,3,43.1,50,0.862,0,0,1,0
20,4,45.2,60,0.7533333333333334,0,0,0,0
19,1,29.5,60,0.49166666666666664,0,1,0,1
9,1,41.0,50,0.82,0,1,0,0
19,1,74.9,80,0.93625,0,1,0,0
3,1,66.8,80,0.835,0,0,1,0
15,2,63.7,80,0.79625,0,0,0,0
16,2,57.0,60,0.95,0,0,0,0
20,7,45.6,60,0.76,1,0,0,0
6,1,72.6,80,0.9075,0,0,0,0
2,2,36.7,80,0.45875000000000005,0,0,1,1
7,2,27.8,60,0.4633333333333333,0,1,0,1
18,2,11.4,60,0.19,0,1,0,2
13,3,40.8,50,0.816,0,0,0,0
16,7,42.4,80,0.53,1,0,0,1
1,5,75.9,80,0.9487500000000001,0,0,1,0
21,3,37.7,60,0.6283333333333334,0,0,0,1
18,2,16.3,30,0.5433333333333333,0,1,0,1
5,7,51.7,60,0.8616666666666667,1,0,1,0
5,4,84.0,100,0.84,0,0,1,0
1,5,24.5,30,0.8166666666666667,0,0,1,0
22,5,8.1,60,0.13499999999999998,0,0,1,2
14,2,31.8,50,0.636,0,0,0,1
0,5,47.7,60,0.795,0,0,1,0
21,6,48.4,80,0.605,1,0,0,1
22,6,61.1,80,0.76375,1,0,1,0
11,4,12.9,100,0.129,0,0,0,2
14,3,67.6,100,0.6759999999999999,0,0,0,1
22,4,60.9,80,0.76125,0,0,1,0
20,7,46.9,60,0.7816666666666666,1,0,0,0
11,2,22.9,80,0.28625,0,0,0,2
5,4,47.2,60,0.7866666666666667,0,0,1,0
6,1,40.5,80,0.50625,0,0,0,1
22,4,53.1,60,0.885,0,0,1,0
19,3,35.9,60,0.5983333333333333,0,1,0,1
4,5,65.8,80,0.8225,0,0,1,0
18,7,15.6,100,0.156,1,1,0,2
5,4,56.8,60,0.9466666666666667,0,0,1,0
2,4,77.5,80,0.96875,0,0,1,0
5,1,47.5,60,0.7916666666666666,0,0,1,0
21,6,26.8,50,0.536,1,0,0,1
9,5,47.0,80,0.5875,0,1,0,1
9,4,15.7,80,0.19624999999999998,0,1,0,2
6,3,26.1,50,0.522,0,0,0,1
4,3,20.1,80,0.25125000000000003,0,0,1,2
15,5,41.6,50,0.8320000000000001,0,0,0,0
7,3,27.9,60,0.46499999999999997,0,1,0,1
14,2,58.4,80,0.73,0,0,0,1
22,6,60.0,60,1.0,1,0,1,0
2,5,76.1,80,0.9512499999999999,0,0,1,0
12,3,37.7,60,0.6283333333333334,0,0,0,1
13,3,57.9,100,0.579,0,0,0,1
9,3,58.0,60,0.9666666666666667,0,1,0,0
23,6,27.9,60,0.46499999999999997,1,0,1,1
3,3,38.9,50,0.778,0,0,1,0
4,5,24.2,30,0.8066666666666666,0,0,1,0
14,2,40.4,60,0.6733333333333333,0,0,0,1
2,4,27.1,60,0.4516666666666667,0,0,1,1
2,7,41.2,60,0.6866666666666668,1,0,1,1
0,3,53.4,60,0.89,0,0,1,0
20,5,12.9,80,0.16125,0,0,0,2
9,6,40.9,50,0.818,1,1,0,0
10,7,36.4,50,0.728,1,0,0,1
18,2,17.8,80,0.2225,0,1,0,2
14,6,38.1,80,0.47625,1,0,0,1
15,2,48.1,60,0.8016666666666666,0,0,0,0
20,2,53.6,80,0.67,0,0,0,1
18,6,33.5,60,0.5583333333333333,1,1,0,1
0,7,28.8,60,0.48000000000000004,1,0,1,1
4,6,7.5,60,0.125,1,0,1,2
6,7,70.1,100,0.701,1,0,0,1
4,7,32.4,60,0.5399999999999999,1,0,1,1
4,5,70.0,80,0.875,0,0,1,0
11,6,10.6,60,0.17666666666666667,1,0,0,2
6,5,56.4,80,0.705,0,0,0,1
8,2,11.7,50,0.23399999999999999,0,1,0,2
2,5,44.4,50,0.888,0,0,1,0
19,6,56.8,60,0.9466666666666667,1,1,0,0
13,7,34.5,80,0.43125,1,0,0,2
16,1,45.3,50,0.9059999999999999,0,0,0,0
23,2,29.3,30,0.9766666666666667,0,0,1,0
16,7,30.6,50,0.612,1,0,0,1
20,4,72.6,100,0.726,0,0,0,1
1,2,65.1,80,0.81375,0,0,1,0
6,5,68.2,80,0.8525,0,0,0,0
8,2,13.2,50,0.264,0,1,0,2
18,5,4.3,30,0.14333333333333334,0,1,0,2
2,2,47.5,50,0.95,0,0,1,0
3,3,87.1,100,0.871,0,0,1,0
21,7,40.4,80,0.505,1,0,0,1
21,6,13.2,30,0.44,1,0,0,2
5,3,61.6,80,0.77,0,0,1,0
20,6,32.1,60,0.535,1,0,0,1
14,1,88.3,100,0.883,0,0,0,0
11,7,6.9,30,0.23,1,0,0,2
0,5,15.1,50,0.302,0,0,1,2
13,5,45.5,60,0.7583333333333333,0,0,0,0
20,7,13.1,50,0.262,1,0,0,2
23,3,74.2,80,0.9275,0,0,1,0
23,4,75.2,100,0.752,0,0,1,0
3,4,52.5,60,0.875,0,0,1,0
23,6,76.7,80,0.95875,1,0,1,0
20,1,84.4,100,0.8440000000000001,0,0,0,0
5,4,52.2,60,0.87,0,0,1,0
11,5,30.0,60,0.5,0,0,0,1
6,7,23.3,60,0.38833333333333336,1,0,0,2
21,3,57.0,80,0.7125,0,0,0,1
2,7,37.1,60,0.6183333333333334,1,0,1,1
18,2,31.5,60,0.525,0,1,0,1
3,7,39.9,60,0.6649999999999999,1,0,1,1
19,7,44.0,80,0.55,1,1,0,1
19,4,93.5,100,0.935,0,1,0,0
19,6,68.7,100,0.687,1,1,0,1
20,1,16.6,60,0.27666666666666667,0,0,0,2
19,1,19.9,80,0.24874999999999997,0,1,0,2
15,7,12.4,30,0.41333333333333333,1,0,0,2
23,5,50.2,80,0.6275000000000001,0,0,1,1
21,3,57.5,60,0.9583333333333334,0,0,0,0
3,2,93.9,100,0.9390000000000001,0,0,1,0
12,7,47.4,100,0.474,1,0,0,1
0,7,37.1,60,0.6183333333333334,1,0,1,1
2,4,25.3,30,0.8433333333333334,0,0,1,0
9,1,21.7,50,0.434,0,1,0,2
21,6,78.9,100,0.789,1,0,0,0
22,2,46.4,60,0.7733333333333333,0,0,1,0
0,5,56.4,60,0.94,0,0,1,0
9,2,37.2,80,0.465,0,1,0,1
13,5,21.9,60,0.365,0,0,0,2
7,1,26.2,50,0.524,0,1,0,1
11,4,80.0,100,0.8,0,0,0,0
18,4,8.8,60,0.14666666666666667,0,1,0,2
7,1,15.9,100,0.159,0,1,0,2
20,1,52.4,80,0.655,0,0,0,1
0,5,86.5,100,0.865,0,0,1,0
23,6,68.0,100,0.68,1,0,1,1
2,7,48.6,50,0.972,1,0,1,0
5,2,86.0,100,0.86,0,0,1,0
5,5,57.8,60,0.9633333333333333,0,0,1,0
17,5,8.5,30,0.2833333333333333,0,1,0,2
7,6,59.4,60,0.99,1,1,0,0
0,7,47.3,50,0.946,1,0,1,0
3,2,91.9,100,0.919,0,0,1,0
12,3,80.7,100,0.807,0,0,0,0
5,3,67.1,80,0.8387499999999999,0,0,1,0
6,2,40.2,60,0.67,0,0,0,1
8,3,29.1,100,0.29100000000000004,0,1,0,2
4,4,55.9,60,0.9316666666666666,0,0,1,0
6,4,34.3,50,0.6859999999999999,0,0,0,1
21,4,40.6,50,0.812,0,0,0,0
14,5,71.7,100,0.7170000000000001,0,0,0,1
23,7,50.0,60,0.8333333333333334,1,0,1,0
8,4,47.5,60,0.7916666666666666,0,1,0,0
6,6,56.0,60,0.9333333333333333,1,0,0,0
10,1,57.7,80,0.7212500000000001,0,0,0,1
14,6,44.9,50,0.898,1,0,0,0
7,1,38.3,60,0.6383333333333333,0,1,0,1
10,7,35.5,50,0.71,1,0,0,1
22,5,23.5,50,0.47,0,0,1,1
23,4,13.9,30,0.4633333333333333,0,0,1,1
4,5,41.9,50,0.838,0,0,1,0
18,4,32.6,50,0.652,0,1,0,1
5,6,40.5,80,0.50625,1,0,1,1
10,6,49.9,80,0.62375,1,0,0,1
10,7,5.8,30,0.19333333333333333,1,0,0,2
11,5,52.6,80,0.6575,0,0,0,1
8,3,55.8,80,0.6975,0,1,0,1
13,5,11.1,60,0.185,0,0,0,2
11,7,15.1,60,0.25166666666666665,1,0,0,2
11,2,28.3,60,0.4716666666666667,0,0,0,1
4,4,66.5,80,0.83125,0,0,1,0
21,2,76.1,80,0.9512499999999999,0,0,0,0
9,2,9.5,60,0.15833333333333333,0,1,0,2
7,7,46.8,60,0.7799999999999999,1,1,0,0
0,3,56.5,60,0.9416666666666667,0,0,1,0
23,1,77.6,80,0.97,0,0,1,0
19,6,18.0,30,0.6,1,1,0,1
23,6,38.0,50,0.76,1,0,1,0
18,2,18.9,50,0.37799999999999995,0,1,0,2
14,3,23.0,30,0.7666666666666667,0,0,0,0
18,3,20.8,50,0.41600000000000004,0,1,0,2
14,7,33.8,60,0.5633333333333332,1,0,0,1
4,2,52.7,60,0.8783333333333334,0,0,1,0
7,6,58.3,80,0.72875,1,1,0,1
7,4,16.3,50,0.326,0,1,0,2
16,3,59.3,60,0.9883333333333333,0,0,0,0
11,1,78.7,80,0.98375,0,0,0,0
8,2,42.6,60,0.7100000000000001,0,1,0,1
23,5,57.0,60,0.95,0,0,1,0
16,3,25.6,30,0.8533333333333334,0,0,0,0
5,1,55.9,60,0.9316666666666666,0,0,1,0
23,5,27.8,30,0.9266666666666666,0,0,1,0
13,3,29.9,30,0.9966666666666666,0,0,0,0
19,2,37.5,60,0.625,0,1,0,1
11,1,22.0,50,0.44,0,0,0,2
11,6,53.4,80,0.6675,1,0,0,1
23,1,75.6,80,0.945,0,0,1,0
18,5,52.1,80,0.65125,0,1,0,1
17,1,36.2,100,0.36200000000000004,0,1,0,2
11,1,39.6,50,0.792,0,0,0,0
23,4,78.6,80,0.9824999999999999,0,0,1,0
14,5,38.2,80,0.47750000000000004,0,0,0,1
20,6,40.9,60,0.6816666666666666,1,0,0,1
6,4,43.5,60,0.725,0,0,0,1
2,1,42.0,50,0.84,0,0,1,0
23,7,56.4,60,0.94,1,0,1,0
12,5,33.9,60,0.565,0,0,0,1
22,1,39.2,50,0.784,0,0,1,0
11,2,74.1,80,0.9262499999999999,0,0,0,0
10,5,49.5,60,0.825,0,0,0,0
15,5,61.7,80,0.77125,0,0,0,0
16,4,30.7,50,0.614,0,0,0,1
8,5,46.0,60,0.7666666666666667,0,1,0,0
8,1,36.4,60,0.6066666666666667,0,1,0,1
10,1,52.1,60,0.8683333333333334,0,0,0,0
22,5,58.3,60,0.9716666666666666,0,0,1,0
15,5,50.9,80,0.63625,0,0,0,1
18,1,3.3,30,0.11,0,1,0,2
12,6,47.4,50,0.948,1,0,0,0
19,2,25.9,50,0.518,0,1,0,1
7,5,34.8,60,0.58,0,1,0,1
15,5,9.0,60,0.15,0,0,0,2
18,1,8.9,50,0.17800000000000002,0,1,0,2
0,3,55.5,60,0.925,0,0,1,0
12,4,27.8,30,0.9266666666666666,0,0,0,0
18,5,16.6,100,0.166,0,1,0,2
21,5,79.9,100,0.799,0,0,0,0
5,7,31.6,50,0.632,1,0,1,1
0,7,54.1,60,0.9016666666666667,1,0,1,0
17,4,6.6,30,0.22,0,1,0,2
3,1,50.0,50,1.0,0,0,1,0
2,6,38.2,60,0.6366666666666667,1,0,1,1
14,4,41.3,80,0.51625,0,0,0,1
22,7,93.3,100,0.9329999999999999,1,0,1,0
17,4,31.3,60,0.5216666666666667,0,1,0,1
17,1,11.9,50,0.23800000000000002,0,1,0,2
17,6,44.9,80,0.56125,1,1,0,1
1,6,77.6,80,0.97,1,0,1,0
15,6,51.5,80,0.64375,1,0,0,1
7,4,32.8,60,0.5466666666666666,0,1,0,1
13,4,43.8,60,0.73,0,0,0,1
3,2,55.0,60,0.9166666666666666,0,0,1,0
15,7,58.5,80,0.73125,1,0,0,1
0,5,45.7,50,0.914,0,0,1,0
10,6,26.9,30,0.8966666666666666,1,0,0,0
2,1,84.6,100,0.846,0,0,1,0
7,7,40.7,60,0.6783333333333333,1,1,0,1
22,7,29.5,30,0.9833333333333333,1,0,1,0
0,1,56.0,60,0.9333333333333333,0,0,1,0
6,6,52.0,60,0.8666666666666667,1,0,0,0
4,1,62.7,80,0.7837500000000001,0,0,1,0
14,2,45.9,60,0.765,0,0,0,0
21,4,21.0,60,0.35,0,0,0,2
20,5,11.4,60,0.19,0,0,0,2
0,7,77.4,80,0.9675,1,0,1,0
12,5,27.5,60,0.4583333333333333,0,0,0,1
11,7,10.1,80,0.12625,1,0,0,2
19,2,17.6,60,0.29333333333333333,0,1,0,2
1,2,52.9,60,0.8816666666666666,0,0,1,0
15,7,38.5,60,0.6416666666666667,1,0,0,1
19,4,34.8,60,0.58,0,1,0,1
22,3,67.3,80,0.8412499999999999,0,0,1,0
11,2,13.3,60,0.22166666666666668,0,0,0,2
21,4,21.0,60,0.35,0,0,0,2
23,5,39.3,50,0.7859999999999999,0,0,1,0
19,4,6.8,60,0.11333333333333333,0,1,0,2
4,4,52.5,60,0.875,0,0,1,0
9,6,18.5,30,0.6166666666666667,1,1,0,1
19,6,6.6,50,0.132,1,1,0,2
9,6,32.7,50,0.654,1,1,0,1
6,6,38.2,50,0.764,1,0,0,0
2,1,54.6,60,0.91,0,0,1,0
21,7,52.5,60,0.875,1,0,0,0
5,4,48.2,100,0.48200000000000004,0,0,1,1
12,4,36.3,50,0.726,0,0,0,1
17,3,5.7,50,0.114,0,1,0,2
2,6,68.3,80,0.85375,1,0,1,0
23,4,71.6,80,0.8949999999999999,0,0,1,0
7,4,15.7,60,0.26166666666666666,0,1,0,2
3,2,46.9,60,0.7816666666666666,0,0,1,0
5,5,33.6,50,0.672,0,0,1,1
12,2,13.9,30,0.4633333333333333,0,0,0,1
18,1,53.5,60,0.8916666666666667,0,1,0,0
19,1,20.4,60,0.33999999999999997,0,1,0,2
19,1,22.4,60,0.3733333333333333,0,1,0,2
3,7,13.9,30,0.4633333333333333,1,0,1,1
0,6,31.3,50,0.626,1,0,1,1
13,6,60.0,80,0.75,1,0,0,0
8,1,34.7,100,0.34700000000000003,0,1,0,2
11,6,60.7,100,0.607,1,0,0,1
2,4,72.1,80,0.9012499999999999,0,0,1,0
12,7,18.6,60,0.31,1,0,0,2
21,6,15.7,100,0.157,1,0,0,2
21,7,55.7,60,0.9283333333333333,1,0,0,0
12,6,36.4,60,0.6066666666666667,1,0,0,1
17,6,43.9,60,0.7316666666666667,1,1,0,1
19,6,21.9,30,0.73,1,1,0,1
2,3,54.5,60,0.9083333333333333,0,0,1,0
4,1,54.8,60,0.9133333333333333,0,0,1,0
7,7,57.7,60,0.9616666666666667,1,1,0,0
13,3,39.2,60,0.6533333333333334,0,0,0,1
18,4,23.9,60,0.3983333333333333,0,1,0,2
22,3,60.0,80,0.75,0,0,1,0
9,3,11.7,60,0.19499999999999998,0,1,0,2
0,1,69.8,80,0.8724999999999999,0,0,1,0
2,5,57.7,60,0.9616666666666667,0,0,1,0
2,5,71.9,80,0.89875,0,0,1,0
20,4,14.7,30,0.49,0,0,0,1
19,2,6.5,60,0.10833333333333334,0,1,0,2
7,4,32.1,60,0.535,0,1,0,1
19,5,18.0,50,0.36,0,1,0,2
22,6,45.0,60,0.75,1,0,1,0
12,1,89.9,100,0.899,0,0,0,0
4,6,47.3,60,0.7883333333333333,1,0,1,0
3,5,43.0,50,0.86,0,0,1,0
9,6,44.5,50,0.89,1,1,0,0
6,1,48.4,60,0.8066666666666666,0,0,0,0
7,4,6.6,60,0.11,0,1,0,2
4,1,18.4,80,0.22999999999999998,0,0,1,2
9,7,63.2,80,0.79,1,1,0,0
8,6,41.3,80,0.51625,1,1,0,1
22,3,22.8,30,0.76,0,0,1,0
12,7,38.6,50,0.772,1,0,0,0
8,7,48.1,60,0.8016666666666666,1,1,0,0
22,1,55.0,60,0.9166666666666666,0,0,1,0
2,7,32.8,60,0.5466666666666666,1,0,1,1
3,3,72.3,80,0.9037499999999999,0,0,1,0
19,2,37.2,60,0.62,0,1,0,1
21,3,37.5,60,0.625,0,0,0,1
11,5,48.5,60,0.8083333333333333,0,0,0,0
12,4,19.3,30,0.6433333333333333,0,0,0,1
19,1,11.3,60,0.18833333333333335,0,1,0,2
12,1,63.3,100,0.633,0,0,0,1
0,7,16.5,30,0.55,1,0,1,1
15,4,64.9,80,0.81125,0,0,0,0
11,2,32.9,60,0.5483333333333333,0,0,0,1
19,4,30.5,80,0.38125,0,1,0,2
3,1,53.4,60,0.89,0,0,1,0
18,1,14.2,60,0.23666666666666666,0,1,0,2
1,7,41.2,50,0.8240000000000001,1,0,1,0
19,7,25.1,50,0.502,1,1,0,1
1,5,36.5,80,0.45625,0,0,1,1
18,4,27.8,30,0.9266666666666666,0,1,0,0
21,4,77.2,80,0.9650000000000001,0,0,0,0
0,2,40.4,50,0.8079999999999999,0,0,1,0
6,3,45.7,60,0.7616666666666667,0,0,0,0
4,1,59.0,100,0.59,0,0,1,1
15,4,54.9,80,0.68625,0,0,0,1
19,6,14.8,30,0.49333333333333335,1,1,0,1
15,4,30.1,60,0.5016666666666667,0,0,0,1
19,1,36.0,60,0.6,0,1,0,1
16,5,76.5,80,0.95625,0,0,0,0
21,4,41.1,80,0.51375,0,0,0,1
8,6,65.8,80,0.8225,1,1,0,0
13,5,57.7,60,0.9616666666666667,0,0,0,0
20,6,26.9,30,0.8966666666666666,1,0,0,0
10,5,49.8,60,0.83,0,0,0,0
18,5,38.3,80,0.47874999999999995,0,1,0,1
22,5,87.7,100,0.877,0,0,1,0
8,2,41.4,100,0.414,0,1,0,2
23,5,43.6,50,0.872,0,0,1,0
15,5,68.0,80,0.85,0,0,0,0
1,6,24.8,60,0.41333333333333333,1,0,1,2
10,5,37.0,100,0.37,0,0,0,2
0,1,38.7,60,0.645,0,0,1,1
3,3,27.5,30,0.9166666666666666,0,0,1,0
6,1,48.2,60,0.8033333333333333,0,0,0,0
10,7,32.9,100,0.32899999999999996,1,0,0,2
23,7,83.2,100,0.8320000000000001,1,0,1,0
14,6,25.2,30,0.84,1,0,0,0
11,7,14.8,80,0.185,1,0,0,2
23,5,73.9,80,0.9237500000000001,0,0,1,0
19,5,8.8,60,0.14666666666666667,0,1,0,2
22,3,93.5,100,0.935,0,0,1,0
1,2,78.5,80,0.98125,0,0,1,0
16,3,29.3,60,0.48833333333333334,0,0,0,1
19,4,23.9,60,0.3983333333333333,0,1,0,2
9,4,48.6,60,0.81,0,1,0,0
22,4,49.3,50,0.986,0,0,1,0
13,3,28.4,80,0.355,0,0,0,2
12,3,32.4,60,0.5399999999999999,0,0,0,1
15,7,49.1,50,0.982,1,0,0,0
17,5,10.7,60,0.17833333333333332,0,1,0,2
7,2,19.4,60,0.3233333333333333,0,1,0,2
7,7,29.5,30,0.9833333333333333,1,1,0,0
20,4,53.0,80,0.6625,0,0,0,1
15,1,51.0,60,0.85,0,0,0,0
5,6,53.2,100,0.532,1,0,1,1
17,5,16.3,60,0.27166666666666667,0,1,0,2
12,5,45.5,50,0.91,0,0,0,0
20,6,29.1,60,0.48500000000000004,1,0,0,1
16,2,54.5,60,0.9083333333333333,0,0,0,0
10,5,50.5,60,0.8416666666666667,0,0,0,0
19,4,11.7,50,0.23399999999999999,0,1,0,2
13,7,8.4,60,0.14,1,0,0,2
20,4,38.7,60,0.645,0,0,0,1
11,3,52.8,60,0.88,0,0,0,0
5,4,47.0,60,0.7833333333333333,0,0,1,0
1,7,46.3,60,0.7716666666666666,1,0,1,0
0,7,76.5,100,0.765,1,0,1,0
14,5,15.9,30,0.53,0,0,0,1
11,3,12.1,60,0.20166666666666666,0,0,0,2
7,3,11.6,50,0.23199999999999998,0,1,0,2
10,6,32.6,50,0.652,1,0,0,1
22,2,24.6,30,0.8200000000000001,0,0,1,0
18,5,16.6,60,0.27666666666666667,0,1,0,2
20,4,68.2,80,0.8525,0,0,0,0
5,6,57.6,60,0.9600000000000001,1,0,1,0
15,6,43.7,100,0.43700000000000006,1,0,0,2
11,2,55.8,80,0.6975,0,0,0,1
19,3,23.6,60,0.39333333333333337,0,1,0,2
6,1,28.5,60,0.475,0,0,0,1
2,4,33.9,60,0.565,0,0,1,1
14,5,36.8,80,0.45999999999999996,0,0,0,1
5,7,51.6,60,0.86,1,0,1,0
0,5,56.7,60,0.9450000000000001,0,0,1,0
3,5,48.8,50,0.976,0,0,1,0
8,6,25.1,30,0.8366666666666667,1,1,0,0
18,6,15.2,50,0.304,1,1,0,2
14,3,33.8,50,0.6759999999999999,0,0,0,1
13,7,27.6,30,0.92,1,0,0,0
12,2,23.0,30,0.7666666666666667,0,0,0,0
2,2,28.4,60,0.47333333333333333,0,0,1,1
2,2,96.6,100,0.966,0,0,1,0
0,6,29.1,30,0.9700000000000001,1,0,1,0
8,3,26.1,60,0.435,0,1,0,2
10,6,32.7,50,0.654,1,0,0,1
22,5,62.2,80,0.7775000000000001,0,0,1,0
12,7,14.4,60,0.24000000000000002,1,0,0,2
3,7,51.9,60,0.865,1,0,1,0
15,6,73.2,80,0.915,1,0,0,0
12,6,54.7,60,0.9116666666666667,1,0,0,0
13,2,39.3,80,0.49124999999999996,0,0,0,1
12,6,32.1,60,0.535,1,0,0,1
20,4,59.3,60,0.9883333333333333,0,0,0,0
13,7,18.5,60,0.30833333333333335,1,0,0,2
16,2,12.9,30,0.43,0,0,0,2
12,6,42.1,50,0.8420000000000001,1,0,0,0
20,5,41.0,60,0.6833333333333333,0,0,0,1
0,2,24.4,30,0.8133333333333332,0,0,1,0
23,7,59.3,60,0.9883333333333333,1,0,1,0
15,5,49.5,80,0.61875,0,0,0,1
10,1,12.2,60,0.2033333333333333,0,0,0,2
7,1,51.1,80,0.63875,0,1,0,1
5,1,58.4,60,0.9733333333333333,0,0,1,0
11,6,48.2,60,0.8033333333333333,1,0,0,0
16,3,76.6,80,0.9574999999999999,0,0,0,0
21,1,19.1,60,0.31833333333333336,0,0,0,2
12,4,3.7,30,0.12333333333333334,0,0,0,2
19,3,25.2,50,0.504,0,1,0,1
16,6,42.8,60,0.7133333333333333,1,0,0,1
7,4,31.5,80,0.39375,0,1,0,2
1,6,17.4,60,0.29,1,0,1,2
11,3,26.8,30,0.8933333333333333,0,0,0,0
12,1,75.6,80,0.945,0,0,0,0
14,3,34.7,50,0.6940000000000001,0,0,0,1
6,7,43.4,50,0.868,1,0,0,0
15,2,28.6,60,0.4766666666666667,0,0,0,1
10,3,55.2,60,0.92,0,0,0,0
9,3,21.8,60,0.36333333333333334,0,1,0,2
9,1,22.1,80,0.27625,0,1,0,2
13,1,56.1,60,0.935,0,0,0,0
17,2,41.5,100,0.415,0,1,0,2
23,7,46.4,60,0.7733333333333333,1,0,1,0
8,2,21.3,50,0.426,0,1,0,2
6,7,28.4,30,0.9466666666666667,1,0,0,0
9,4,28.9,60,0.48166666666666663,0,1,0,1
17,7,34.9,50,0.698,1,1,0,1
15,7,8.7,60,0.145,1,0,0,2
4,3,24.7,30,0.8233333333333334,0,0,1,0
7,5,42.7,50,0.8540000000000001,0,1,0,0
21,5,36.2,60,0.6033333333333334,0,0,0,1
22,5,31.1,60,0.5183333333333333,0,0,1,1
2,3,50.7,60,0.8450000000000001,0,0,1,0
6,2,41.7,50,0.8340000000000001,0,0,0,0
17,7,50.9,60,0.8483333333333333,1,1,0,0
4,2,47.7,50,0.9540000000000001,0,0,1,0
12,7,43.1,60,0.7183333333333334,1,0,0,1
22,1,58.4,60,0.9733333333333333,0,0,1,0
17,3,24.1,60,0.40166666666666667,0,1,0,2
4,5,59.3,60,0.9883333333333333,0,0,1,0
17,4,13.0,60,0.21666666666666667,0,1,0,2
1,1,33.3,60,0.5549999999999999,0,0,1,1
18,4,11.0,50,0.22,0,1,0,2
5,2,55.8,60,0.9299999999999999,0,0,1,0
15,2,49.6,60,0.8266666666666667,0,0,0,0
4,2,55.6,60,0.9266666666666666,0,0,1,0
12,6,16.7,30,0.5566666666666666,1,0,0,1
22,2,52.6,60,0.8766666666666667,0,0,1,0
5,1,27.1,30,0.9033333333333334,0,0,1,0
14,5,19.3,50,0.386,0,0,0,2
16,3,11.1,60,0.185,0,0,0,2
21,5,24.0,60,0.4,0,0,0,2
8,1,7.4,60,0.12333333333333334,0,1,0,2
5,1,92.3,100,0.9229999999999999,0,0,1,0
10,5,31.5,80,0.39375,0,0,0,2
8,7,45.5,50,0.91,1,1,0,0
13,4,57.6,60,0.9600000000000001,0,0,0,0
11,6,32.4,60,0.5399999999999999,1,0,0,1
2,1,66.3,80,0.82875,0,0,1,0
19,6,36.9,100,0.369,1,1,0,2
20,7,22.2,60,0.37,1,0,0,2
0,4,37.9,50,0.758,0,0,1,0
17,7,40.8,60,0.6799999999999999,1,1,0,1
10,4,78.8,80,0.985,0,0,0,0
14,4,39.1,50,0.782,0,0,0,0
23,4,56.0,60,0.9333333333333333,0,0,1,0
5,7,48.4,60,0.8066666666666666,1,0,1,0
3,1,40.7,50,0.8140000000000001,0,0,1,0
21,2,28.1,30,0.9366666666666668,0,0,0,0
21,7,61.2,80,0.765,1,0,0,0
16,1,19.9,60,0.33166666666666667,0,0,0,2
6,7,54.3,60,0.9049999999999999,1,0,0,0
20,5,42.6,50,0.852,0,0,0,0
8,6,49.7,60,0.8283333333333334,1,1,0,0
5,2,79.2,100,0.792,0,0,1,0
7,2,10.2,60,0.16999999999999998,0,1,0,2
6,6,76.1,100,0.7609999999999999,1,0,0,0
3,4,41.6,50,0.8320000000000001,0,0,1,0
12,1,73.1,80,0.91375,0,0,0,0
13,7,41.0,50,0.82,1,0,0,0
15,1,29.6,60,0.49333333333333335,0,0,0,1
17,5,34.5,50,0.69,0,1,0,1
14,3,54.7,60,0.9116666666666667,0,0,0,0
13,1,44.8,50,0.8959999999999999,0,0,0,0
14,4,62.1,80,0.77625,0,0,0,0
4,3,51.1,60,0.8516666666666667,0,0,1,0
1,6,56.7,60,0.9450000000000001,1,0,1,0
2,3,49.0,60,0.8166666666666667,0,0,1,0
5,6,32.3,50,0.6459999999999999,1,0,1,1
8,6,18.1,30,0.6033333333333334,1,1,0,1
11,3,17.4,30,0.58,0,0,0,1
12,7,22.4,80,0.27999999999999997,1,0,0,2
13,6,20.8,50,0.41600000000000004,1,0,0,2
3,6,22.7,30,0.7566666666666666,1,0,1,0
0,6,47.7,60,0.795,1,0,1,0
12,6,44.4,80,0.5549999999999999,1,0,0,1
21,6,27.2,30,0.9066666666666666,1,0,0,0
6,1,35.8,60,0.5966666666666666,0,0,0,1
12,5,24.3,60,0.405,0,0,0,2
16,6,35.0,60,0.5833333333333334,1,0,0,1
14,1,49.9,50,0.998,0,0,0,0
3,6,69.3,80,0.86625,1,0,1,0
12,2,20.7,30,0.69,0,0,0,1
17,3,10.4,80,0.13,0,1,0,2
22,5,42.4,50,0.848,0,0,1,0
11,2,49.4,60,0.8233333333333334,0,0,0,0
20,6,23.6,60,0.39333333333333337,1,0,0,2
4,5,72.2,80,0.9025000000000001,0,0,1,0
4,6,40.9,50,0.818,1,0,1,0
2,3,56.6,60,0.9433333333333334,0,0,1,0
21,1,23.2,30,0.7733333333333333,0,0,0,0
23,6,23.8,60,0.39666666666666667,1,0,1,2
14,3,13.6,50,0.272,0,0,0,2
10,6,59.5,60,0.9916666666666667,1,0,0,0
1,7,58.7,60,0.9783333333333334,1,0,1,0
22,6,37.5,60,0.625,1,0,1,1
8,1,35.5,60,0.5916666666666667,0,1,0,1
11,5,64.0,80,0.8,0,0,0,0
4,4,29.3,100,0.293,0,0,1,2
8,1,39.6,80,0.495,0,1,0,1
1,7,59.9,60,0.9983333333333333,1,0,1,0
6,7,16.5,60,0.275,1,0,0,2
10,5,54.5,60,0.9083333333333333,0,0,0,0
18,5,42.9,80,0.53625,0,1,0,1
12,3,43.7,50,0.8740000000000001,0,0,0,0
7,3,66.8,80,0.835,0,1,0,0
0,7,41.2,50,0.8240000000000001,1,0,1,0
19,7,28.1,60,0.4683333333333334,1,1,0,1
2,6,75.2,100,0.752,1,0,1,0
13,4,48.9,50,0.978,0,0,0,0
7,6,47.0,50,0.94,1,1,0,0
17,7,35.8,60,0.5966666666666666,1,1,0,1
5,6,47.4,50,0.948,1,0,1,0
17,2,9.2,80,0.11499999999999999,0,1,0,2
8,5,14.8,80,0.185,0,1,0,2
2,2,54.0,60,0.9,0,0,1,0
7,5,63.9,80,0.79875,0,1,0,0
8,1,27.2,80,0.33999999999999997,0,1,0,2
9,6,19.5,60,0.325,1,1,0,2
5,5,46.9,60,0.7816666666666666,0,0,1,0
7,6,41.6,50,0.8320000000000001,1,1,0,0
5,6,51.4,60,0.8566666666666667,1,0,1,0
23,7,45.2,60,0.7533333333333334,1,0,1,0
0,6,69.7,80,0.8712500000000001,1,0,1,0
11,7,67.8,100,0.6779999999999999,1,0,0,1
9,3,69.0,100,0.69,0,1,0,1
15,2,59.3,60,0.9883333333333333,0,0,0,0
13,6,54.0,100,0.54,1,0,0,1
20,2,56.3,60,0.9383333333333332,0,0,0,0
1,4,57.9,60,0.965,0,0,1,0
7,6,76.2,80,0.9525,1,1,0,0
11,3,28.1,30,0.9366666666666668,0,0,0,0
17,2,29.0,50,0.58,0,1,0,1
23,3,56.2,60,0.9366666666666668,0,0,1,0
5,5,47.8,60,0.7966666666666666,0,0,1,0
12,4,58.9,80,0.73625,0,0,0,1
16,6,15.6,80,0.195,1,0,0,2
18,6,20.0,30,0.6666666666666666,1,1,0,1
21,2,35.5,50,0.71,0,0,0,1
13,1,77.4,80,0.9675,0,0,0,0
9,3,6.5,60,0.10833333333333334,0,1,0,2
17,5,43.8,100,0.43799999999999994,0,1,0,2
13,3,58.5,60,0.975,0,0,0,0
2,2,26.2,30,0.8733333333333333,0,0,1,0
16,6,46.9,50,0.938,1,0,0,0
16,4,43.8,50,0.8759999999999999,0,0,0,0
20,2,36.0,60,0.6,0,0,0,1
11,6,57.1,60,0.9516666666666667,1,0,0,0
18,6,35.9,60,0.5983333333333333,1,1,0,1
5,4,23.2,30,0.7733333333333333,0,0,1,0
9,2,9.8,50,0.196,0,1,0,2
18,3,6.9,50,0.138,0,1,0,2
12,4,37.6,80,0.47000000000000003,0,0,0,1
1,1,63.1,80,0.7887500000000001,0,0,1,0
7,2,30.8,50,0.616,0,1,0,1
6,2,42.3,50,0.846,0,0,0,0
7,1,9.4,30,0.31333333333333335,0,1,0,2
10,4,74.4,80,0.93,0,0,0,0
20,3,15.1,100,0.151,0,0,0,2
9,5,23.1,60,0.385,0,1,0,2
9,6,43.5,50,0.87,1,1,0,0
4,1,55.2,60,0.92,0,0,1,0
10,5,50.1,60,0.8350000000000001,0,0,0,0
19,5,16.2,100,0.162,0,1,0,2
16,2,38.1,50,0.762,0,0,0,0
19,7,30.2,60,0.5033333333333333,1,1,0,1
11,3,15.0,50,0.3,0,0,0,2
7,3,58.0,100,0.58,0,1,0,1
8,1,11.6,80,0.145,0,1,0,2
14,7,64.6,100,0.6459999999999999,1,0,0,1
10,7,11.9,30,0.39666666666666667,1,0,0,2
0,6,23.2,60,0.38666666666666666,1,0,1,2
16,4,36.4,50,0.728,0,0,0,1
6,2,19.5,50,0.39,0,0,0,2
7,7,9.9,30,0.33,1,1,0,2
5,2,55.1,60,0.9183333333333333,0,0,1,0
16,3,90.8,100,0.9079999999999999,0,0,0,0
8,3,32.3,80,0.40374999999999994,0,1,0,2
9,2,40.7,50,0.8140000000000001,0,1,0,0
11,4,61.1,100,0.611,0,0,0,1
3,3,62.3,80,0.7787499999999999,0,0,1,0
5,3,10.4,50,0.20800000000000002,0,0,1,2
9,6,52.7,60,0.8783333333333334,1,1,0,0
20,7,51.4,60,0.8566666666666667,1,0,0,0
1,1,78.4,80,0.9800000000000001,0,0,1,0
0,6,23.3,30,0.7766666666666667,1,0,1,0
13,2,29.2,50,0.584,0,0,0,1
5,4,72.0,80,0.9,0,0,1,0
5,2,26.4,30,0.88,0,0,1,0
19,6,10.4,60,0.17333333333333334,1,1,0,2
5,4,28.8,30,0.9600000000000001,0,0,1,0
7,7,78.1,100,0.7809999999999999,1,1,0,0
4,5,51.8,60,0.8633333333333333,0,0,1,0
22,5,15.2,30,0.5066666666666666,0,0,1,1
9,3,58.5,80,0.73125,0,1,0,1
14,1,41.2,60,0.6866666666666668,0,0,0,1
9,7,49.7,60,0.8283333333333334,1,1,0,0
9,7,43.1,50,0.862,1,1,0,0
6,2,46.4,60,0.7733333333333333,0,0,0,0
5,2,57.3,60,0.955,0,0,1,0
10,1,56.0,60,0.9333333333333333,0,0,0,0
15,5,48.8,60,0.8133333333333332,0,0,0,0
6,7,46.1,50,0.922,1,0,0,0
0,5,57.5,60,0.9583333333333334,0,0,1,0
19,7,55.4,60,0.9233333333333333,1,1,0,0
15,5,33.6,60,0.56,0,0,0,1
9,7,52.8,60,0.88,1,1,0,0
11,2,43.9,60,0.7316666666666667,0,0,0,1
6,4,9.4,30,0.31333333333333335,0,0,0,2
10,2,39.2,50,0.784,0,0,0,0
0,4,63.7,80,0.79625,0,0,1,0
1,4,55.4,60,0.9233333333333333,0,0,1,0
21,4,54.2,60,0.9033333333333334,0,0,0,0
2,3,85.0,100,0.85,0,0,1,0
8,7,45.1,50,0.902,1,1,0,0
13,4,57.5,60,0.9583333333333334,0,0,0,0
8,4,19.6,100,0.196,0,1,0,2
6,4,20.3,30,0.6766666666666666,0,0,0,1
19,4,15.7,60,0.26166666666666666,0,1,0,2
20,6,49.1,60,0.8183333333333334,1,0,0,0
10,2,49.6,60,0.8266666666666667,0,0,0,0
10,3,73.5,100,0.735,0,0,0,1
23,6,59.4,60,0.99,1,0,1,0
19,6,25.5,50,0.51,1,1,0,1
19,5,22.6,50,0.452,0,1,0,1
5,6,26.7,30,0.89,1,0,1,0
8,6,43.0,50,0.86,1,1,0,0
12,6,32.5,60,0.5416666666666666,1,0,0,1
15,2,28.6,30,0.9533333333333334,0,0,0,0
2,7,16.8,50,0.336,1,0,1,2
11,4,18.1,30,0.6033333333333334,0,0,0,1
17,2,21.4,80,0.26749999999999996,0,1,0,2
15,5,61.4,80,0.7675,0,0,0,0
23,5,24.4,30,0.8133333333333332,0,0,1,0
4,2,50.3,60,0.8383333333333333,0,0,1,0
10,6,28.6,50,0.5720000000000001,1,0,0,1
6,1,51.5,80,0.64375,0,0,0,1
9,5,69.2,100,0.6920000000000001,0,1,0,1
15,1,33.6,60,0.56,0,0,0,1
22,5,51.9,60,0.865,0,0,1,0
18,5,12.9,100,0.129,0,1,0,2
7,6,52.4,60,0.8733333333333333,1,1,0,0
0,4,24.1,30,0.8033333333333333,0,0,1,0
11,1,53.7,80,0.67125,0,0,0,1
23,7,45.6,50,0.912,1,0,1,0
21,4,29.7,30,0.99,0,0,0,0
3,1,83.3,100,0.833,0,0,1,0
3,1,72.2,80,0.9025000000000001,0,0,1,0
3,4,50.9,60,0.8483333333333333,0,0,1,0
4,6,46.5,60,0.775,1,0,1,0
7,4,43.0,60,0.7166666666666667,0,1,0,1
20,4,19.4,50,0.38799999999999996,0,0,0,2
2,6,53.6,60,0.8933333333333333,1,0,1,0
13,7,16.9,80,0.21125,1,0,0,2
23,7,45.6,60,0.76,1,0,1,0
23,2,62.3,80,0.7787499999999999,0,0,1,0
0,7,25.0,30,0.8333333333333334,1,0,1,0
2,4,21.5,60,0.35833333333333334,0,0,1,2
21,4,23.2,30,0.7733333333333333,0,0,0,0
11,3,30.2,60,0.5033333333333333,0,0,0,1
21,4,28.9,30,0.9633333333333333,0,0,0,0
3,4,76.5,80,0.95625,0,0,1,0
4,7,44.7,50,0.894,1,0,1,0
1,6,14.0,30,0.4666666666666667,1,0,1,1
13,5,22.3,60,0.3716666666666667,0,0,0,2
2,1,57.2,60,0.9533333333333334,0,0,1,0
2,6,66.2,80,0.8275,1,0,1,0
11,5,22.6,50,0.452,0,0,0,1
3,7,48.5,60,0.8083333333333333,1,0,1,0
22,5,69.3,80,0.86625,0,0,1,0
4,6,41.5,60,0.6916666666666667,1,0,1,1
20,1,91.5,100,0.915,0,0,0,0
19,3,11.8,30,0.39333333333333337,0,1,0,2
3,3,48.1,60,0.8016666666666666,0,0,1,0
14,5,94.1,100,0.941,0,0,0,0
12,2,22.2,60,0.37,0,0,0,2
15,7,39.5,50,0.79,1,0,0,0
19,2,16.8,60,0.28,0,1,0,2
17,7,54.6,80,0.6825,1,1,0,1
14,6,24.3,60,0.405,1,0,0,2
7,3,28.9,60,0.48166666666666663,0,1,0,1
0,5,67.6,80,0.845,0,0,1,0
15,4,21.1,30,0.7033333333333334,0,0,0,1
6,1,34.4,60,0.5733333333333334,0,0,0,1
1,7,24.5,30,0.8166666666666667,1,0,1,0
11,5,14.5,30,0.48333333333333334,0,0,0,1
22,6,95.7,100,0.9570000000000001,1,0,1,0
1,2,50.5,60,0.8416666666666667,0,0,1,0
16,1,47.7,50,0.9540000000000001,0,0,0,0
16,1,37.3,80,0.46624999999999994,0,0,0,1
15,3,87.9,100,0.879,0,0,0,0
23,4,42.4,50,0.848,0,0,1,0
13,7,29.7,60,0.495,1,0,0,1
7,4,12.5,80,0.15625,0,1,0,2
3,7,42.2,50,0.8440000000000001,1,0,1,0
21,2,25.7,60,0.42833333333333334,0,0,0,2
19,4,47.9,50,0.958,0,1,0,0
0,7,39.7,50,0.794,1,0,1,0
12,6,30.2,80,0.3775,1,0,0,2
10,5,73.3,80,0.91625,0,0,0,0
1,2,9.2,80,0.11499999999999999,0,0,1,2
17,2,28.3,30,0.9433333333333334,0,1,0,0
6,1,28.9,50,0.578,0,0,0,1
14,4,58.6,80,0.7325,0,0,0,1
10,7,53.4,60,0.89,1,0,0,0
22,5,58.4,60,0.9733333333333333,0,0,1,0
17,7,7.2,60,0.12000000000000001,1,1,0,2
6,7,36.2,60,0.6033333333333334,1,0,0,1
22,1,61.8,80,0.7725,0,0,1,0
8,5,14.8,50,0.29600000000000004,0,1,0,2
8,6,24.1,100,0.24100000000000002,1,1,0,2
23,7,16.2,30,0.5399999999999999,1,0,1,1
17,1,6.2,50,0.124,0,1,0,2
9,1,21.1,60,0.3516666666666667,0,1,0,2
3,3,67.4,80,0.8425,0,0,1,0
20,6,51.4,100,0.514,1,0,0,1
16,2,18.1,60,0.3016666666666667,0,0,0,2
23,1,54.7,60,0.9116666666666667,0,0,1,0
23,2,47.2,60,0.7866666666666667,0,0,1,0
8,7,50.4,60,0.84,1,1,0,0
5,1,45.2,80,0.5650000000000001,0,0,1,1
2,1,34.4,80,0.43,0,0,1,2
20,6,47.8,50,0.956,1,0,0,0
22,5,41.5,50,0.83,0,0,1,0
10,2,11.7,60,0.19499999999999998,0,0,0,2
6,3,38.9,50,0.778,0,0,0,0
12,4,29.2,60,0.48666666666666664,0,0,0,1
2,7,45.9,80,0.57375,1,0,1,1
5,2,27.3,30,0.91,0,0,1,0
14,6,46.9,80,0.5862499999999999,1,0,0,1
14,5,30.8,50,0.616,0,0,0,1
11,1,7.2,60,0.12000000000000001,0,0,0,2
8,2,45.7,50,0.914,0,1,0,0
8,6,26.5,30,0.8833333333333333,1,1,0,0
7,1,57.9,80,0.72375,0,1,0,1
5,2,62.9,100,0.629,0,0,1,1
23,6,39.9,80,0.49874999999999997,1,0,1,1
11,4,32.1,60,0.535,0,0,0,1
11,2,63.3,80,0.79125,0,0,0,0
15,7,4.5,30,0.15,1,0,0,2
17,3,16.7,80,0.20875,0,1,0,2
17,6,25.5,50,0.51,1,1,0,1
6,6,25.5,30,0.85,1,0,0,0
8,5,25.7,60,0.42833333333333334,0,1,0,2
23,7,67.8,80,0.8474999999999999,1,0,1,0
16,4,33.7,60,0.5616666666666668,0,0,0,1
20,4,38.3,50,0.7659999999999999,0,0,0,0
1,2,39.9,50,0.7979999999999999,0,0,1,0
8,6,67.1,80,0.8387499999999999,1,1,0,0
17,7,25.6,30,0.8533333333333334,1,1,0,0
14,5,29.6,60,0.49333333333333335,0,0,0,1
19,6,46.6,60,0.7766666666666667,1,1,0,0
19,6,47.1,80,0.58875,1,1,0,1
0,6,76.4,80,0.9550000000000001,1,0,1,0
18,1,31.4,60,0.5233333333333333,0,1,0,1
3,2,75.8,80,0.9475,0,0,1,0
15,1,28.3,30,0.9433333333333334,0,0,0,0
6,6,54.3,60,0.9049999999999999,1,0,0,0
5,7,9.0,60,0.15,1,0,1,2
20,6,6.6,60,0.11,1,0,0,2
5,6,27.0,30,0.9,1,0,1,0
17,5,48.1,60,0.8016666666666666,0,1,0,0
21,5,67.1,80,0.8387499999999999,0,0,0,0
22,2,37.6,50,0.752,0,0,1,0
20,3,27.5,60,0.4583333333333333,0,0,0,1
23,5,25.4,50,0.508,0,0,1,1
21,4,52.9,60,0.8816666666666666,0,0,0,0
3,1,50.5,60,0.8416666666666667,0,0,1,0
2,6,47.1,100,0.47100000000000003,1,0,1,1
15,7,53.7,60,0.895,1,0,0,0
23,2,47.0,50,0.94,0,0,1,0
11,3,16.4,30,0.5466666666666666,0,0,0,1
23,2,55.9,60,0.9316666666666666,0,0,1,0
18,4,17.0,60,0.2833333333333333,0,1,0,2
22,5,51.2,60,0.8533333333333334,0,0,1,0
1,3,68.5,80,0.85625,0,0,1,0
15,7,41.8,50,0.836,1,0,0,0
20,1,61.0,80,0.7625,0,0,0,0
21,5,31.7,60,0.5283333333333333,0,0,0,1
21,7,43.1,50,0.862,1,0,0,0
7,5,15.6,60,0.26,0,1,0,2
15,2,59.1,60,0.985,0,0,0,0
22,7,51.3,80,0.64125,1,0,1,1
22,6,25.2,30,0.84,1,0,1,0
10,2,43.7,60,0.7283333333333334,0,0,0,1
4,2,32.8,60,0.5466666666666666,0,0,1,1
18,5,39.8,100,0.39799999999999996,0,1,0,2
21,1,68.9,80,0.8612500000000001,0,0,0,0
8,6,52.2,100,0.522,1,1,0,1
5,4,47.3,50,0.946,0,0,1,0
15,5,50.2,60,0.8366666666666667,0,0,0,0
8,7,61.5,80,0.76875,1,1,0,0
18,3,29.6,60,0.49333333333333335,0,1,0,1
22,5,49.9,60,0.8316666666666667,0,0,1,0
1,7,69.8,80,0.8724999999999999,1,0,1,0
23,2,77.8,80,0.9724999999999999,0,0,1,0
23,2,46.0,60,0.7666666666666667,0,0,1,0
8,3,41.5,60,0.6916666666666667,0,1,0,1
16,6,20.5,50,0.41,1,0,0,2
23,3,52.1,60,0.8683333333333334,0,0,1,0
15,3,98.2,100,0.982,0,0,0,0
17,1,14.4,60,0.24000000000000002,0,1,0,2
6,6,50.7,60,0.8450000000000001,1,0,0,0
13,1,21.7,30,0.7233333333333333,0,0,0,1
10,4,53.4,60,0.89,0,0,0,0
17,2,19.3,80,0.24125000000000002,0,1,0,2
3,7,42.3,60,0.705,1,0,1,1
7,2,28.3,60,0.4716666666666667,0,1,0,1
14,4,48.7,50,0.9740000000000001,0,0,0,0
19,2,17.6,30,0.5866666666666667,0,1,0,1
5,6,54.5,60,0.9083333333333333,1,0,1,0
22,5,62.9,80,0.78625,0,0,1,0
16,5,46.3,50,0.9259999999999999,0,0,0,0
21,1,67.0,80,0.8375,0,0,0,0
6,4,26.1,30,0.87,0,0,0,0
1,5,42.5,60,0.7083333333333334,0,0,1,1
16,4,65.0,80,0.8125,0,0,0,0
3,3,59.9,60,0.9983333333333333,0,0,1,0
9,2,19.6,60,0.3266666666666667,0,1,0,2
2,6,45.7,60,0.7616666666666667,1,0,1,0
15,1,35.1,60,0.5850000000000001,0,0,0,1
9,5,65.2,80,0.8150000000000001,0,1,0,0
19,7,33.2,50,0.664,1,1,0,1
11,6,17.5,80,0.21875,1,0,0,2
1,4,39.6,50,0.792,0,0,1,0
19,4,15.5,60,0.25833333333333336,0,1,0,2
18,1,19.2,60,0.32,0,1,0,2
5,1,64.1,80,0.8012499999999999,0,0,1,0
17,1,22.7,30,0.7566666666666666,0,1,0,0
22,1,47.3,50,0.946,0,0,1,0
22,3,51.7,60,0.8616666666666667,0,0,1,0
19,6,31.9,50,0.638,1,1,0,1
21,1,48.3,50,0.966,0,0,0,0
13,6,34.3,50,0.6859999999999999,1,0,0,1
14,1,28.1,60,0.4683333333333334,0,0,0,1
0,7,8.8,80,0.11000000000000001,1,0,1,2
0,6,54.2,60,0.9033333333333334,1,0,1,0
17,4,33.3,60,0.5549999999999999,0,1,0,1
17,3,10.9,60,0.18166666666666667,0,1,0,2
2,6,70.2,80,0.8775000000000001,1,0,1,0
23,4,54.6,60,0.91,0,0,1,0
7,4,6.4,60,0.10666666666666667,0,1,0,2
6,6,29.0,60,0.48333333333333334,1,0,0,1
23,1,48.7,60,0.8116666666666668,0,0,1,0
17,6,7.5,30,0.25,1,1,0,2
19,3,12.5,50,0.25,0,1,0,2
5,4,59.1,60,0.985,0,0,1,0
11,4,76.2,100,0.762,0,0,0,0
3,4,45.8,50,0.9159999999999999,0,0,1,0
10,2,33.3,50,0.6659999999999999,0,0,0,1
20,4,55.0,60,0.9166666666666666,0,0,0,0
15,7,57.9,80,0.72375,1,0,0,1
12,1,47.5,60,0.7916666666666666,0,0,0,0
15,7,27.3,60,0.455,1,0,0,1
22,5,35.6,60,0.5933333333333334,0,0,1,1
17,4,34.3,80,0.42874999999999996,0,1,0,2
8,6,70.9,100,0.7090000000000001,1,1,0,1
4,6,55.7,60,0.9283333333333333,1,0,1,0
23,7,73.1,80,0.91375,1,0,1,0
10,6,40.6,60,0.6766666666666666,1,0,0,1
23,5,70.4,80,0.8800000000000001,0,0,1,0
13,2,50.4,60,0.84,0,0,0,0
10,2,79.2,100,0.792,0,0,0,0
5,2,23.0,30,0.7666666666666667,0,0,1,0
5,1,49.3,60,0.8216666666666667,0,0,1,0
10,7,34.0,50,0.68,1,0,0,1
4,4,47.2,60,0.7866666666666667,0,0,1,0
3,7,41.4,50,0.828,1,0,1,0
19,1,72.1,100,0.721,0,1,0,1
2,7,77.8,100,0.778,1,0,1,0
1,7,51.3,60,0.855,1,0,1,0
7,5,25.1,60,0.41833333333333333,0,1,0,2
12,1,18.6,30,0.62,0,0,0,1
12,1,22.7,50,0.45399999999999996,0,0,0,1
13,3,67.8,80,0.8474999999999999,0,0,0,0
8,7,52.8,60,0.88,1,1,0,0
0,2,45.9,50,0.9179999999999999,0,0,1,0
22,6,13.5,30,0.45,1,0,1,1
12,3,23.1,60,0.385,0,0,0,2
1,6,26.1,50,0.522,1,0,1,1
23,4,45.8,60,0.7633333333333333,0,0,1,0
16,6,24.4,80,0.305,1,0,0,2
2,6,49.4,80,0.6174999999999999,1,0,1,1
19,7,52.3,60,0.8716666666666666,1,1,0,0
9,7,24.6,50,0.49200000000000005,1,1,0,1
18,4,17.8,80,0.2225,0,1,0,2
15,4,25.0,30,0.8333333333333334,0,0,0,0
0,1,30.1,60,0.5016666666666667,0,0,1,1
2,7,57.8,60,0.9633333333333333,1,0,1,0
18,5,23.5,60,0.39166666666666666,0,1,0,2
18,1,21.7,50,0.434,0,1,0,2
21,6,64.3,100,0.643,1,0,0,1
22,7,59.5,60,0.9916666666666667,1,0,1,0
12,4,51.4,80,0.6425,0,0,0,1
18,5,13.3,60,0.22166666666666668,0,1,0,2
0,4,53.2,60,0.8866666666666667,0,0,1,0
2,3,72.0,80,0.9,0,0,1,0
11,5,50.8,60,0.8466666666666666,0,0,0,0
1,1,41.3,50,0.826,0,0,1,0
6,6,59.1,60,0.985,1,0,0,0
17,3,33.1,50,0.662,0,1,0,1
12,7,17.6,60,0.29333333333333333,1,0,0,2
6,6,59.3,60,0.9883333333333333,1,0,0,0
19,7,22.1,30,0.7366666666666667,1,1,0,1
18,6,47.1,60,0.785,1,1,0,0
19,7,17.7,60,0.295,1,1,0,2
16,7,29.8,60,0.4966666666666667,1,0,0,1
18,4,8.9,30,0.2966666666666667,0,1,0,2
1,2,40.1,50,0.802,0,0,1,0
18,2,27.5,80,0.34375,0,1,0,2
10,5,78.5,80,0.98125,0,0,0,0
21,2,32.9,60,0.5483333333333333,0,0,0,1
2,2,55.1,60,0.9183333333333333,0,0,1,0
7,5,20.7,50,0.414,0,1,0,2
4,5,24.7,80,0.30874999999999997,0,0,1,2
22,3,45.8,60,0.7633333333333333,0,0,1,0
12,1,48.2,80,0.6025,0,0,0,1
4,3,40.9,50,0.818,0,0,1,0
22,2,48.1,60,0.8016666666666666,0,0,1,0
20,5,76.3,80,0.95375,0,0,0,0
16,6,63.6,100,0.636,1,0,0,1
6,4,23.0,30,0.7666666666666667,0,0,0,0
10,3,72.8,80,0.9099999999999999,0,0,0,0
5,4,49.3,50,0.986,0,0,1,0
21,1,28.5,30,0.95,0,0,0,0
7,3,12.1,100,0.121,0,1,0,2
5,2,60.0,60,1.0,0,0,1,0
23,1,45.6,50,0.912,0,0,1,0
21,6,46.2,60,0.77,1,0,0,0
10,5,55.4,60,0.9233333333333333,0,0,0,0
16,2,31.5,60,0.525,0,0,0,1
10,6,77.9,80,0.9737500000000001,1,0,0,0
5,2,51.0,60,0.85,0,0,1,0
8,5,16.4,60,0.2733333333333333,0,1,0,2
14,6,93.4,100,0.934,1,0,0,0
14,4,57.8,80,0.7224999999999999,0,0,0,1
12,6,27.0,30,0.9,1,0,0,0
6,1,44.5,50,0.89,0,0,0,0
0,6,26.0,50,0.52,1,0,1,1
1,7,45.4,50,0.9079999999999999,1,0,1,0
7,3,15.9,60,0.265,0,1,0,2
5,4,55.0,60,0.9166666666666666,0,0,1,0
0,6,72.3,80,0.9037499999999999,1,0,1,0
21,1,79.3,100,0.7929999999999999,0,0,0,0
17,4,5.4,50,0.10800000000000001,0,1,0,2
23,5,54.9,60,0.9149999999999999,0,0,1,0
12,5,49.3,50,0.986,0,0,0,0
7,6,58.1,60,0.9683333333333334,1,1,0,0
5,7,40.3,80,0.5037499999999999,1,0,1,1
6,5,26.2,30,0.8733333333333333,0,0,0,0
5,4,94.0,100,0.94,0,0,1,0
13,7,36.5,50,0.73,1,0,0,1
23,7,49.8,60,0.83,1,0,1,0
21,3,46.7,80,0.58375,0,0,0,1
19,5,43.5,60,0.725,0,1,0,1
18,5,16.5,60,0.275,0,1,0,2
7,1,18.1,80,0.22625,0,1,0,2
9,4,33.7,80,0.42125,0,1,0,2
22,7,85.4,100,0.8540000000000001,1,0,1,0
18,5,17.6,80,0.22000000000000003,0,1,0,2
11,4,55.8,60,0.9299999999999999,0,0,0,0
6,7,48.6,60,0.81,1,0,0,0
22,5,28.7,30,0.9566666666666667,0,0,1,0
7,6,59.1,60,0.985,1,1,0,0
19,4,10.9,60,0.18166666666666667,0,1,0,2
12,5,21.6,60,0.36000000000000004,0,0,0,2
5,7,48.8,50,0.976,1,0,1,0
22,3,46.3,60,0.7716666666666666,0,0,1,0
19,5,8.4,60,0.14,0,1,0,2
2,2,41.6,50,0.8320000000000001,0,0,1,0
5,1,66.5,80,0.83125,0,0,1,0
0,5,49.8,50,0.996,0,0,1,0
3,5,46.4,50,0.9279999999999999,0,0,1,0
16,4,15.7,30,0.5233333333333333,0,0,0,1
4,1,94.4,100,0.9440000000000001,0,0,1,0
7,4,58.3,80,0.72875,0,1,0,1
0,2,63.2,80,0.79,0,0,1,0
1,1,31.4,60,0.5233333333333333,0,0,1,1
21,5,28.8,60,0.48000000000000004,0,0,0,1
5,3,52.4,60,0.8733333333333333,0,0,1,0
13,2,50.9,60,0.8483333333333333,0,0,0,0
2,7,50.3,60,0.8383333333333333,1,0,1,0
14,6,39.8,50,0.7959999999999999,1,0,0,0
3,1,50.2,60,0.8366666666666667,0,0,1,0
23,1,52.9,60,0.8816666666666666,0,0,1,0
10,6,28.2,80,0.3525,1,0,0,2
14,1,12.4,50,0.248,0,0,0,2
23,2,43.1,60,0.7183333333333334,0,0,1,1
7,6,29.3,30,0.9766666666666667,1,1,0,0
4,2,53.7,60,0.895,0,0,1,0
10,6,45.3,60,0.755,1,0,0,0
16,2,26.0,80,0.325,0,0,0,2
9,3,50.4,100,0.504,0,1,0,1
5,7,55.4,60,0.9233333333333333,1,0,1,0
22,7,43.1,60,0.7183333333333334,1,0,1,1
7,5,11.1,60,0.185,0,1,0,2
21,6,75.7,80,0.94625,1,0,0,0
21,1,84.7,100,0.847,0,0,0,0
14,1,55.8,80,0.6975,0,0,0,1
6,7,38.2,60,0.6366666666666667,1,0,0,1
14,5,21.1,60,0.3516666666666667,0,0,0,2
5,2,79.0,80,0.9875,0,0,1,0
21,5,50.6,60,0.8433333333333334,0,0,0,0
18,7,33.7,80,0.42125,1,1,0,2
5,1,89.7,100,0.897,0,0,1,0
4,5,73.7,80,0.92125,0,0,1,0
17,1,25.4,60,0.4233333333333333,0,1,0,2
17,1,21.0,50,0.42,0,1,0,2
5,2,28.8,50,0.5760000000000001,0,0,1,1
8,1,15.7,60,0.26166666666666666,0,1,0,2
15,7,40.1,80,0.50125,1,0,0,1
18,4,27.4,60,0.45666666666666667,0,1,0,1
17,1,30.0,60,0.5,0,1,0,1
10,2,22.3,60,0.3716666666666667,0,0,0,2
12,3,14.4,60,0.24000000000000002,0,0,0,2
9,5,13.4,60,0.22333333333333333,0,1,0,2
10,2,93.2,100,0.932,0,0,0,0
17,7,20.5,30,0.6833333333333333,1,1,0,1
22,7,23.0,30,0.7666666666666667,1,0,1,0
2,4,56.3,60,0.9383333333333332,0,0,1,0
15,7,42.1,50,0.8420000000000001,1,0,0,0
13,1,53.4,60,0.89,0,0,0,0
4,1,57.1,60,0.9516666666666667,0,0,1,0
1,5,75.8,100,0.758,0,0,1,0
0,5,94.0,100,0.94,0,0,1,0
9,4,20.7,50,0.414,0,1,0,2
7,2,77.4,80,0.9675,0,1,0,0
3,3,46.7,60,0.7783333333333334,0,0,1,0
4,4,60.5,80,0.75625,0,0,1,0
15,4,45.7,60,0.7616666666666667,0,0,0,0
12,5,53.3,60,0.8883333333333333,0,0,0,0
17,4,6.7,50,0.134,0,1,0,2
16,2,56.2,60,0.9366666666666668,0,0,0,0
23,3,70.9,80,0.8862500000000001,0,0,1,0
23,5,43.6,60,0.7266666666666667,0,0,1,1
4,5,31.7,60,0.5283333333333333,0,0,1,1
1,7,96.6,100,0.966,1,0,1,0
8,7,55.8,60,0.9299999999999999,1,1,0,0
6,2,70.5,80,0.88125,0,0,0,0
11,6,42.0,60,0.7,1,0,0,1
4,1,24.4,30,0.8133333333333332,0,0,1,0
19,1,21.3,50,0.426,0,1,0,2
18,1,32.3,50,0.6459999999999999,0,1,0,1
5,3,66.2,80,0.8275,0,0,1,0
21,3,83.9,100,0.8390000000000001,0,0,0,0
3,4,54.3,60,0.9049999999999999,0,0,1,0
8,7,57.0,60,0.95,1,1,0,0
16,5,28.3,50,0.5660000000000001,0,0,0,1
16,1,37.7,60,0.6283333333333334,0,0,0,1
21,5,35.4,50,0.708,0,0,0,1
5,3,74.4,80,0.93,0,0,1,0
13,5,55.6,80,0.6950000000000001,0,0,0,1
0,5,45.9,60,0.765,0,0,1,0
3,5,49.3,60,0.8216666666666667,0,0,1,0
17,6,26.8,50,0.536,1,1,0,1
1,4,45.3,60,0.755,0,0,1,0
0,3,53.2,60,0.8866666666666667,0,0,1,0
20,1,50.0,50,1.0,0,0,0,0
10,1,26.2,30,0.8733333333333333,0,0,0,0
1,1,23.0,30,0.7666666666666667,0,0,1,0
19,2,52.2,60,0.87,0,1,0,0
6,7,26.0,60,0.43333333333333335,1,0,0,2
2,3,70.6,80,0.8825,0,0,1,0
2,4,45.9,60,0.765,0,0,1,0
10,3,34.7,60,0.5783333333333334,0,0,0,1
5,3,86.2,100,0.862,0,0,1,0
0,2,49.3,60,0.8216666666666667,0,0,1,0
23,4,35.8,60,0.5966666666666666,0,0,1,1
15,3,58.6,60,0.9766666666666667,0,0,0,0
12,4,95.9,100,0.9590000000000001,0,0,0,0
3,4,27.0,30,0.9,0,0,1,0
21,1,31.3,60,0.5216666666666667,0,0,0,1
6,5,76.6,80,0.9574999999999999,0,0,0,0
5,6,70.6,80,0.8825,1,0,1,0
15,7,14.5,60,0.24166666666666667,1,0,0,2
0,3,64.4,80,0.805,0,0,1,0
17,5,49.6,100,0.496,0,1,0,1
19,1,53.5,100,0.535,0,1,0,1
16,2,57.0,60,0.95,0,0,0,0
5,1,5.6,30,0.18666666666666665,0,0,1,2
20,6,54.1,80,0.67625,1,0,0,1
10,2,82.4,100,0.8240000000000001,0,0,0,0
23,6,41.2,60,0.6866666666666668,1,0,1,1
8,2,23.1,80,0.28875,0,1,0,2
16,4,47.0,50,0.94,0,0,0,0
5,2,52.9,60,0.8816666666666666,0,0,1,0
13,5,53.0,60,0.8833333333333333,0,0,0,0
22,6,29.5,50,0.59,1,0,1,1
11,6,27.2,60,0.4533333333333333,1,0,0,1
8,3,24.0,50,0.48,0,1,0,1
3,5,76.3,80,0.95375,0,0,1,0
22,6,36.2,60,0.6033333333333334,1,0,1,1
16,2,75.8,80,0.9475,0,0,0,0
0,2,39.6,50,0.792,0,0,1,0
12,1,82.3,100,0.823,0,0,0,0
13,1,78.5,80,0.98125,0,0,0,0
18,2,26.8,80,0.335,0,1,0,2
14,1,24.0,80,0.3,0,0,0,2
19,2,22.7,60,0.3783333333333333,0,1,0,2
14,2,24.2,30,0.8066666666666666,0,0,0,0
17,3,45.3,60,0.755,0,1,0,0
20,1,9.4,80,0.11750000000000001,0,0,0,2
19,4,22.1,60,0.36833333333333335,0,1,0,2
16,7,62.1,80,0.77625,1,0,0,0
14,7,58.3,80,0.72875,1,0,0,1
8,3,20.3,30,0.6766666666666666,0,1,0,1
8,3,12.1,30,0.4033333333333333,0,1,0,2
2,4,65.7,80,0.82125,0,0,1,0
4,4,66.5,80,0.83125,0,0,1,0
6,4,52.7,80,0.6587500000000001,0,0,0,1
20,2,74.3,80,0.92875,0,0,0,0
4,3,44.0,50,0.88,0,0,1,0
9,7,63.3,80,0.79125,1,1,0,0
13,7,22.3,80,0.27875,1,0,0,2
16,7,32.2,50,0.644,1,0,0,1
5,7,46.6,60,0.7766666666666667,1,0,1,0
14,2,65.4,80,0.8175000000000001,0,0,0,0
8,3,15.4,60,0.25666666666666665,0,1,0,2
15,7,51.7,60,0.8616666666666667,1,0,0,0
7,6,59.9,60,0.9983333333333333,1,1,0,0
13,2,80.9,100,0.809,0,0,0,0
19,1,31.1,80,0.38875000000000004,0,1,0,2
12,5,65.7,80,0.82125,0,0,0,0
22,6,56.3,60,0.9383333333333332,1,0,1,0
10,7,9.8,80,0.12250000000000001,1,0,0,2
6,4,44.8,50,0.8959999999999999,0,0,0,0
8,3,35.7,60,0.5950000000000001,0,1,0,1
9,7,48.6,50,0.972,1,1,0,0
3,5,60.8,80,0.76,0,0,1,0
9,7,30.8,50,0.616,1,1,0,1
10,5,6.4,60,0.10666666666666667,0,0,0,2
13,4,10.3,30,0.3433333333333334,0,0,0,2
15,2,33.7,60,0.5616666666666668,0,0,0,1
8,4,98.6,100,0.986,0,1,0,0
19,6,67.0,100,0.67,1,1,0,1
17,2,22.0,60,0.36666666666666664,0,1,0,2
16,3,28.8,30,0.9600000000000001,0,0,0,0
20,6,30.0,50,0.6,1,0,0,1
3,2,78.8,100,0.7879999999999999,0,0,1,0
18,6,29.3,30,0.9766666666666667,1,1,0,0
6,1,41.9,50,0.838,0,0,0,0
3,2,71.1,80,0.8887499999999999,0,0,1,0
13,3,19.3,80,0.24125000000000002,0,0,0,2
11,3,64.7,80,0.8087500000000001,0,0,0,0
8,7,47.5,80,0.59375,1,1,0,1
22,3,61.0,80,0.7625,0,0,1,0
11,4,55.6,100,0.556,0,0,0,1
23,5,55.0,60,0.9166666666666666,0,0,1,0
1,6,47.7,80,0.5962500000000001,1,0,1,1
18,2,5.8,50,0.11599999999999999,0,1,0,2
0,7,22.0,60,0.36666666666666664,1,0,1,2
1,2,48.5,80,0.60625,0,0,1,1
10,1,58.1,60,0.9683333333333334,0,0,0,0
7,5,11.2,80,0.13999999999999999,0,1,0,2
14,6,18.6,50,0.37200000000000005,1,0,0,2
5,1,45.6,60,0.76,0,0,1,0
21,6,48.3,60,0.8049999999999999,1,0,0,0
17,7,67.9,80,0.8487500000000001,1,1,0,0
8,2,30.5,60,0.5083333333333333,0,1,0,1
10,2,55.5,60,0.925,0,0,0,0
12,6,38.4,50,0.768,1,0,0,0
10,1,69.2,80,0.865,0,0,0,0
16,6,41.4,50,0.828,1,0,0,0
11,3,61.6,80,0.77,0,0,0,0
4,4,38.1,60,0.635,0,0,1,1
9,1,55.8,80,0.6975,0,1,0,1
10,2,31.8,100,0.318,0,0,0,2
10,1,67.8,80,0.8474999999999999,0,0,0,0
7,3,11.6,60,0.19333333333333333,0,1,0,2
18,2,70.8,80,0.885,0,1,0,0
12,4,13.0,30,0.43333333333333335,0,0,0,2
21,2,75.5,80,0.94375,0,0,0,0
15,5,73.5,80,0.91875,0,0,0,0
7,6,36.4,50,0.728,1,1,0,1
16,2,72.0,80,0.9,0,0,0,0
19,2,19.7,60,0.3283333333333333,0,1,0,2
1,1,39.6,50,0.792,0,0,1,0
1,4,49.8,50,0.996,0,0,1,0
14,7,35.8,50,0.716,1,0,0,1
18,5,10.1,50,0.20199999999999999,0,1,0,2
12,2,10.8,30,0.36000000000000004,0,0,0,2
0,4,46.3,60,0.7716666666666666,0,0,1,0
21,5,52.8,60,0.88,0,0,0,0
7,1,27.4,60,0.45666666666666667,0,1,0,1
15,3,43.2,60,0.7200000000000001,0,0,0,1
7,7,47.9,60,0.7983333333333333,1,1,0,0
10,3,28.2,80,0.3525,0,0,0,2
21,2,79.3,80,0.99125,0,0,0,0
21,7,73.0,80,0.9125,1,0,0,0
0,5,8.1,60,0.13499999999999998,0,0,1,2
0,5,67.6,80,0.845,0,0,1,0
4,6,29.5,80,0.36875,1,0,1,2
13,4,55.0,100,0.55,0,0,0,1
16,2,29.0,50,0.58,0,0,0,1
4,1,63.6,80,0.795,0,0,1,0
9,5,63.2,100,0.632,0,1,0,1
13,4,42.7,60,0.7116666666666667,0,0,0,1
23,1,7.7,50,0.154,0,0,1,2
10,6,41.3,80,0.51625,1,0,0,1
23,3,54.9,60,0.9149999999999999,0,0,1,0
12,3,59.2,60,0.9866666666666667,0,0,0,0
22,3,93.0,100,0.93,0,0,1,0
15,4,41.9,60,0.6983333333333334,0,0,0,1
18,7,8.0,60,0.13333333333333333,1,1,0,2
7,4,9.7,50,0.19399999999999998,0,1,0,2
22,1,29.6,60,0.49333333333333335,0,0,1,1
23,3,52.5,60,0.875,0,0,1,0
9,6,51.9,60,0.865,1,1,0,0
7,5,27.6,50,0.552,0,1,0,1
15,6,27.8,60,0.4633333333333333,1,0,0,1
0,6,53.6,60,0.8933333333333333,1,0,1,0
15,5,65.9,80,0.8237500000000001,0,0,0,0
23,5,33.6,50,0.672,0,0,1,1
23,1,41.1,50,0.8220000000000001,0,0,1,0
5,2,26.3,30,0.8766666666666667,0,0,1,0
13,6,14.4,60,0.24000000000000002,1,0,0,2
20,7,22.1,60,0.36833333333333335,1,0,0,2
16,6,19.2,50,0.384,1,0,0,2
19,3,24.6,60,0.41000000000000003,0,1,0,2
0,2,48.7,50,0.9740000000000001,0,0,1,0
21,5,40.5,60,0.675,0,0,0,1
14,7,6.9,30,0.23,1,0,0,2
5,2,92.8,100,0.9279999999999999,0,0,1,0
23,3,73.1,80,0.91375,0,0,1,0
1,1,57.0,60,0.95,0,0,1,0
8,7,59.3,60,0.9883333333333333,1,1,0,0
23,5,46.0,50,0.92,0,0,1,0
3,5,73.2,80,0.915,0,0,1,0
10,6,10.4,80,0.13,1,0,0,2
8,2,9.4,50,0.188,0,1,0,2
19,4,33.4,80,0.4175,0,1,0,2
5,3,56.8,60,0.9466666666666667,0,0,1,0
14,1,46.6,60,0.7766666666666667,0,0,0,0
22,4,39.3,50,0.7859999999999999,0,0,1,0
3,2,69.0,80,0.8625,0,0,1,0
11,2,33.3,60,0.5549999999999999,0,0,0,1
11,4,33.1,50,0.662,0,0,0,1
6,6,20.1,30,0.67,1,0,0,1
8,1,14.9,60,0.24833333333333335,0,1,0,2
9,5,40.0,100,0.4,0,1,0,2
2,2,23.2,50,0.46399999999999997,0,0,1,1
15,6,57.6,60,0.9600000000000001,1,0,0,0
23,5,25.1,30,0.8366666666666667,0,0,1,0
6,7,51.0,60,0.85,1,0,0,0
11,7,25.0,30,0.8333333333333334,1,0,0,0
18,2,8.5,50,0.17,0,1,0,2
21,2,27.2,30,0.9066666666666666,0,0,0,0
10,3,9.7,80,0.12125,0,0,0,2
3,5,97.8,100,0.978,0,0,1,0
3,7,51.4,60,0.8566666666666667,1,0,1,0
23,2,54.5,60,0.9083333333333333,0,0,1,0
6,2,16.2,50,0.324,0,0,0,2
6,3,61.3,80,0.76625,0,0,0,0
2,3,50.8,60,0.8466666666666666,0,0,1,0
17,5,21.9,50,0.43799999999999994,0,1,0,2
22,5,47.8,60,0.7966666666666666,0,0,1,0
4,7,59.2,60,0.9866666666666667,1,0,1,0
13,4,11.5,50,0.23,0,0,0,2
8,5,9.2,60,0.15333333333333332,0,1,0,2
14,7,53.1,60,0.885,1,0,0,0
4,6,78.3,80,0.97875,1,0,1,0
9,7,39.8,50,0.7959999999999999,1,1,0,0
7,3,21.0,60,0.35,0,1,0,2
10,5,50.1,60,0.8350000000000001,0,0,0,0
22,2,49.4,60,0.8233333333333334,0,0,1,0
8,1,20.5,30,0.6833333333333333,0,1,0,1
9,4,13.1,60,0.21833333333333332,0,1,0,2
21,6,57.0,60,0.95,1,0,0,0
7,6,28.4,60,0.47333333333333333,1,1,0,1
6,1,35.9,60,0.5983333333333333,0,0,0,1
13,2,73.6,100,0.736,0,0,0,1
15,7,39.0,60,0.65,1,0,0,1
3,7,12.2,50,0.244,1,0,1,2
20,6,52.2,80,0.6525000000000001,1,0,0,1
23,7,92.0,100,0.92,1,0,1,0
9,3,9.6,60,0.16,0,1,0,2
21,5,13.0,30,0.43333333333333335,0,0,0,2
22,7,37.9,50,0.758,1,0,1,0
0,4,37.7,50,0.754,0,0,1,0
16,1,18.4,30,0.6133333333333333,0,0,0,1
18,7,11.7,60,0.19499999999999998,1,1,0,2
21,1,50.6,60,0.8433333333333334,0,0,0,0
9,4,57.1,80,0.71375,0,1,0,1
17,5,17.7,30,0.59,0,1,0,1
23,3,64.0,80,0.8,0,0,1,0
9,2,20.1,30,0.67,0,1,0,1
13,5,78.9,80,0.9862500000000001,0,0,0,0
17,5,11.4,30,0.38,0,1,0,2
10,5,15.3,80,0.19125,0,0,0,2
12,6,16.5,60,0.275,1,0,0,2
14,3,69.0,80,0.8625,0,0,0,0
22,2,27.6,30,0.92,0,0,1,0
0,7,53.3,60,0.8883333333333333,1,0,1,0
8,1,33.0,60,0.55,0,1,0,1
16,4,47.3,60,0.7883333333333333,0,0,0,0
16,3,84.7,100,0.847,0,0,0,0
8,4,9.8,50,0.196,0,1,0,2
12,7,11.5,80,0.14375,1,0,0,2
23,1,62.6,80,0.7825,0,0,1,0
2,5,49.1,50,0.982,0,0,1,0
15,4,52.9,60,0.8816666666666666,0,0,0,0
1,6,79.1,80,0.9887499999999999,1,0,1,0
3,5,56.1,60,0.935,0,0,1,0
9,5,9.8,50,0.196,0,1,0,2
5,4,48.7,60,0.8116666666666668,0,0,1,0
0,7,41.8,50,0.836,1,0,1,0
22,4,72.6,80,0.9075,0,0,1,0
2,5,93.9,100,0.9390000000000001,0,0,1,0
22,5,70.5,80,0.88125,0,0,1,0
15,7,53.1,60,0.885,1,0,0,0
9,1,3.2,30,0.10666666666666667,0,1,0,2
16,5,46.7,60,0.7783333333333334,0,0,0,0
12,2,33.5,60,0.5583333333333333,0,0,0,1
11,3,37.6,60,0.6266666666666667,0,0,0,1
7,2,73.5,80,0.91875,0,1,0,0
10,6,14.6,30,0.48666666666666664,1,0,0,1
17,4,28.8,30,0.9600000000000001,0,1,0,0
11,4,38.0,60,0.6333333333333333,0,0,0,1
14,6,19.4,80,0.2425,1,0,0,2
1,1,77.1,80,0.9637499999999999,0,0,1,0
19,1,20.7,50,0.414,0,1,0,2
11,7,98.0,100,0.98,1,0,0,0
22,6,64.4,100,0.644,1,0,1,1
5,4,79.1,80,0.9887499999999999,0,0,1,0
22,1,58.2,60,0.9700000000000001,0,0,1,0
15,3,31.0,60,0.5166666666666667,0,0,0,1
13,2,56.6,60,0.9433333333333334,0,0,0,0
9,7,45.4,50,0.9079999999999999,1,1,0,0
5,7,65.3,80,0.8162499999999999,1,0,1,0
1,3,25.4,30,0.8466666666666666,0,0,1,0
2,1,37.2,60,0.62,0,0,1,1
18,3,13.3,60,0.22166666666666668,0,1,0,2
5,6,57.5,60,0.9583333333333334,1,0,1,0
17,1,52.3,80,0.6537499999999999,0,1,0,1
3,1,61.9,80,0.7737499999999999,0,0,1,0
23,1,57.4,60,0.9566666666666667,0,0,1,0
3,4,51.7,60,0.8616666666666667,0,0,1,0
14,7,90.9,100,0.909,1,0,0,0
11,7,16.3,60,0.27166666666666667,1,0,0,2
20,5,61.7,80,0.77125,0,0,0,0
15,1,71.4,80,0.8925000000000001,0,0,0,0
22,6,9.3,50,0.18600000000000003,1,0,1,2
8,4,45.5,60,0.7583333333333333,0,1,0,0
8,5,8.3,80,0.10375000000000001,0,1,0,2
4,6,79.9,100,0.799,1,0,1,0
0,1,58.6,60,0.9766666666666667,0,0,1,0
15,1,33.1,80,0.41375,0,0,0,2
9,5,78.4,80,0.9800000000000001,0,1,0,0
22,2,28.0,30,0.9333333333333333,0,0,1,0
7,4,16.1,80,0.20125,0,1,0,2
23,5,59.0,100,0.59,0,0,1,1
8,3,30.9,60,0.515,0,1,0,1
3,4,48.7,60,0.8116666666666668,0,0,1,0
10,5,72.5,100,0.725,0,0,0,1
4,2,52.5,60,0.875,0,0,1,0
1,4,45.9,60,0.765,0,0,1,0
14,4,46.9,60,0.7816666666666666,0,0,0,0
16,4,46.9,50,0.938,0,0,0,0
1,6,86.9,100,0.8690000000000001,1,0,1,0
16,7,9.4,80,0.11750000000000001,1,0,0,2
11,5,17.7,60,0.295,0,0,0,2
13,5,4.2,30,0.14,0,0,0,2
21,4,74.7,80,0.9337500000000001,0,0,0,0
10,2,42.5,60,0.7083333333333334,0,0,0,1
21,5,50.2,60,0.8366666666666667,0,0,0,0
17,4,20.3,50,0.406,0,1,0,2
9,5,17.0,80,0.2125,0,1,0,2
18,6,61.0,100,0.61,1,1,0,1
15,7,98.9,100,0.9890000000000001,1,0,0,0
15,4,16.9,30,0.5633333333333332,0,0,0,1
14,3,60.7,80,0.75875,0,0,0,0
5,4,28.5,30,0.95,0,0,1,0
17,6,45.7,50,0.914,1,1,0,0
18,6,3.9,30,0.13,1,1,0,2
11,2,26.4,30,0.88,0,0,0,0
12,5,53.4,60,0.89,0,0,0,0
13,1,52.8,60,0.88,0,0,0,0
1,7,35.4,50,0.708,1,0,1,1
21,2,71.0,80,0.8875,0,0,0,0
23,3,56.0,60,0.9333333333333333,0,0,1,0
12,1,46.1,60,0.7683333333333333,0,0,0,0
21,6,19.6,30,0.6533333333333334,1,0,0,1
2,3,50.6,60,0.8433333333333334,0,0,1,0
0,4,51.6,60,0.86,0,0,1,0
16,1,45.1,60,0.7516666666666667,0,0,0,0
2,5,17.2,60,0.2866666666666667,0,0,1,2
7,7,53.0,60,0.8833333333333333,1,1,0,0
17,4,10.1,60,0.16833333333333333,0,1,0,2
22,5,70.2,80,0.8775000000000001,0,0,1,0
5,3,55.2,60,0.92,0,0,1,0
19,2,7.8,30,0.26,0,1,0,2
17,2,33.0,50,0.66,0,1,0,1
4,2,98.9,100,0.9890000000000001,0,0,1,0
18,6,27.3,60,0.455,1,1,0,1
6,6,39.0,50,0.78,1,0,0,0
21,1,35.1,50,0.7020000000000001,0,0,0,1
12,6,16.9,60,0.2816666666666666,1,0,0,2
18,7,13.5,50,0.27,1,1,0,2
5,5,56.1,100,0.561,0,0,1,1
14,4,25.3,50,0.506,0,0,0,1
19,2,8.2,80,0.1025,0,1,0,2
20,1,25.3,50,0.506,0,0,0,1
20,3,41.2,50,0.8240000000000001,0,0,0,0
1,4,41.7,50,0.8340000000000001,0,0,1,0
6,6,53.8,60,0.8966666666666666,1,0,0,0
0,1,57.8,60,0.9633333333333333,0,0,1,0
12,6,28.6,50,0.5720000000000001,1,0,0,1
17,4,75.5,80,0.94375,0,1,0,0
16,3,49.6,60,0.8266666666666667,0,0,0,0
2,1,47.8,50,0.956,0,0,1,0
14,4,76.1,80,0.9512499999999999,0,0,0,0
6,5,18.2,50,0.364,0,0,0,2
10,6,38.2,100,0.382,1,0,0,2
22,3,56.5,60,0.9416666666666667,0,0,1,0
19,2,20.7,50,0.414,0,1,0,2
9,5,36.8,80,0.45999999999999996,0,1,0,1
6,6,42.4,50,0.848,1,0,0,0
1,7,57.6,60,0.9600000000000001,1,0,1,0
19,4,8.9,30,0.2966666666666667,0,1,0,2
0,5,78.9,100,0.789,0,0,1,0
19,3,10.5,30,0.35,0,1,0,2
19,4,8.0,50,0.16,0,1,0,2
9,7,47.8,60,0.7966666666666666,1,1,0,0
4,1,63.5,100,0.635,0,0,1,1
1,1,45.9,60,0.765,0,0,1,0
22,7,67.3,80,0.8412499999999999,1,0,1,0
11,5,59.6,100,0.596,0,0,0,1
4,5,77.5,100,0.775,0,0,1,0
1,1,51.1,60,0.8516666666666667,0,0,1,0
5,6,52.0,60,0.8666666666666667,1,0,1,0
13,5,32.2,60,0.5366666666666667,0,0,0,1
19,5,34.1,50,0.682,0,1,0,1
21,1,16.7,60,0.2783333333333333,0,0,0,2
19,2,21.9,60,0.365,0,1,0,2
20,6,48.0,80,0.6,1,0,0,1
22,7,66.1,80,0.8262499999999999,1,0,1,0
17,1,70.4,80,0.8800000000000001,0,1,0,0
15,3,76.9,100,0.769,0,0,0,0
8,4,6.3,50,0.126,0,1,0,2
7,5,17.4,100,0.174,0,1,0,2
22,7,76.7,100,0.767,1,0,1,0
9,6,77.5,100,0.775,1,1,0,0
12,7,52.9,60,0.8816666666666666,1,0,0,0
5,7,28.2,50,0.564,1,0,1,1
1,6,47.1,50,0.9420000000000001,1,0,1,0
4,2,59.5,60,0.9916666666666667,0,0,1,0
5,5,23.2,30,0.7733333333333333,0,0,1,0
11,4,32.6,60,0.5433333333333333,0,0,0,1
8,4,37.5,50,0.75,0,1,0,0
18,4,32.4,50,0.648,0,1,0,1
15,7,34.7,100,0.34700000000000003,1,0,0,2
23,5,56.4,60,0.94,0,0,1,0
16,3,33.7,60,0.5616666666666668,0,0,0,1
23,6,27.0,30,0.9,1,0,1,0
2,6,40.9,80,0.51125,1,0,1,1
1,4,51.4,60,0.8566666666666667,0,0,1,0
10,1,55.3,60,0.9216666666666666,0,0,0,0
19,5,27.0,80,0.3375,0,1,0,2
0,2,17.9,30,0.5966666666666666,0,0,1,1
4,6,56.0,80,0.7,1,0,1,1
3,7,23.0,30,0.7666666666666667,1,0,1,0
3,1,47.3,50,0.946,0,0,1,0
22,3,76.4,80,0.9550000000000001,0,0,1,0
23,6,58.1,60,0.9683333333333334,1,0,1,0
22,6,45.6,50,0.912,1,0,1,0
13,1,28.5,80,0.35625,0,0,0,2
3,6,74.7,80,0.9337500000000001,1,0,1,0
23,5,97.0,100,0.97,0,0,1,0
1,6,57.3,60,0.955,1,0,1,0
6,2,57.9,100,0.579,0,0,0,1
3,3,54.4,60,0.9066666666666666,0,0,1,0
10,4,67.3,80,0.8412499999999999,0,0,0,0
22,6,50.1,60,0.8350000000000001,1,0,1,0
13,3,45.2,50,0.904,0,0,0,0
14,5,50.2,60,0.8366666666666667,0,0,0,0
19,1,3.5,30,0.11666666666666667,0,1,0,2
2,1,60.4,80,0.755,0,0,1,0
15,2,32.4,60,0.5399999999999999,0,0,0,1
11,3,6.0,60,0.1,0,0,0,2
19,3,17.1,60,0.28500000000000003,0,1,0,2
9,6,28.8,30,0.9600000000000001,1,1,0,0
23,6,18.8,60,0.31333333333333335,1,0,1,2
16,6,65.3,80,0.8162499999999999,1,0,0,0
23,3,47.3,50,0.946,0,0,1,0
21,1,19.4,50,0.38799999999999996,0,0,0,2
14,1,55.7,80,0.69625,0,0,0,1
3,3,62.3,80,0.7787499999999999,0,0,1,0
22,6,29.0,30,0.9666666666666667,1,0,1,0
10,4,45.8,50,0.9159999999999999,0,0,0,0
16,4,30.9,50,0.618,0,0,0,1
18,4,36.3,80,0.45375,0,1,0,1
15,6,87.2,100,0.872,1,0,0,0
2,4,51.3,60,0.855,0,0,1,0
8,4,34.2,60,0.5700000000000001,0,1,0,1
14,3,41.3,60,0.6883333333333332,0,0,0,1
15,5,33.0,80,0.4125,0,0,0,2
3,4,47.5,50,0.95,0,0,1,0
17,6,37.8,80,0.4725,1,1,0,1
9,4,15.6,60,0.26,0,1,0,2
15,3,69.4,80,0.8675,0,0,0,0
15,4,25.5,30,0.85,0,0,0,0
18,6,69.7,80,0.8712500000000001,1,1,0,0
8,7,37.6,50,0.752,1,1,0,0
8,4,30.3,80,0.37875000000000003,0,1,0,2
10,6,49.2,60,0.8200000000000001,1,0,0,0
4,4,21.3,30,0.7100000000000001,0,0,1,1
6,4,59.5,60,0.9916666666666667,0,0,0,0
12,3,11.7,60,0.19499999999999998,0,0,0,2
16,4,62.0,100,0.62,0,0,0,1
3,1,74.0,80,0.925,0,0,1,0
14,1,46.9,60,0.7816666666666666,0,0,0,0
18,5,20.3,80,0.25375000000000003,0,1,0,2
17,6,40.1,50,0.802,1,1,0,0
5,2,55.0,60,0.9166666666666666,0,0,1,0
1,4,25.3,30,0.8433333333333334,0,0,1,0
2,4,53.4,60,0.89,0,0,1,0
23,7,55.2,60,0.92,1,0,1,0
9,3,27.0,50,0.54,0,1,0,1
19,4,12.7,50,0.254,0,1,0,2
19,5,6.0,60,0.1,0,1,0,2
5,7,15.5,30,0.5166666666666667,1,0,1,1
8,1,8.1,60,0.13499999999999998,0,1,0,2
18,5,99.1,100,0.991,0,1,0,0
7,5,35.0,80,0.4375,0,1,0,2
0,7,68.5,80,0.85625,1,0,1,0
17,5,7.8,60,0.13,0,1,0,2
22,4,46.2,50,0.924,0,0,1,0
3,1,43.8,50,0.8759999999999999,0,0,1,0
10,7,26.4,50,0.528,1,0,0,1
5,1,46.4,60,0.7733333333333333,0,0,1,0
19,1,31.3,50,0.626,0,1,0,1
6,6,45.8,60,0.7633333333333333,1,0,0,0
3,6,48.9,50,0.978,1,0,1,0
12,3,34.7,50,0.6940000000000001,0,0,0,1
13,5,36.5,50,0.73,0,0,0,1
1,3,55.3,60,0.9216666666666666,0,0,1,0
2,1,47.5,50,0.95,0,0,1,0
8,4,5.5,50,0.11,0,1,0,2
6,1,37.5,60,0.625,0,0,0,1
20,5,38.2,50,0.764,0,0,0,0
14,3,50.5,60,0.8416666666666667,0,0,0,0
5,7,19.9,60,0.33166666666666667,1,0,1,2
6,3,17.6,30,0.5866666666666667,0,0,0,1
1,5,55.6,60,0.9266666666666666,0,0,1,0
8,1,15.2,60,0.2533333333333333,0,1,0,2
6,2,41.8,60,0.6966666666666667,0,0,0,1
16,2,45.6,50,0.912,0,0,0,0
18,7,55.8,80,0.6975,1,1,0,1
7,7,82.5,100,0.825,1,1,0,0
16,4,48.8,60,0.8133333333333332,0,0,0,0
21,6,25.1,50,0.502,1,0,0,1
9,1,7.6,60,0.12666666666666665,0,1,0,2
17,4,27.7,60,0.46166666666666667,0,1,0,1
19,2,31.1,80,0.38875000000000004,0,1,0,2
8,7,58.7,60,0.9783333333333334,1,1,0,0
11,5,46.1,50,0.922,0,0,0,0
6,4,28.1,30,0.9366666666666668,0,0,0,0
19,7,21.3,60,0.35500000000000004,1,1,0,2
19,4,21.9,100,0.21899999999999997,0,1,0,2
5,6,56.8,60,0.9466666666666667,1,0,1,0
6,4,72.9,80,0.9112500000000001,0,0,0,0
8,4,23.8,80,0.2975,0,1,0,2
17,4,44.0,50,0.88,0,1,0,0
1,1,54.2,60,0.9033333333333334,0,0,1,0
19,6,56.6,80,0.7075,1,1,0,1
18,1,10.4,50,0.20800000000000002,0,1,0,2
17,2,57.8,80,0.7224999999999999,0,1,0,1
21,5,96.7,100,0.9670000000000001,0,0,0,0
6,2,60.5,80,0.75625,0,0,0,0
20,2,30.8,60,0.5133333333333333,0,0,0,1
14,7,18.3,60,0.305,1,0,0,2
5,2,59.6,60,0.9933333333333334,0,0,1,0
4,2,43.9,60,0.7316666666666667,0,0,1,1
12,1,36.3,60,0.605,0,0,0,1
19,7,50.2,60,0.8366666666666667,1,1,0,0
14,7,22.5,60,0.375,1,0,0,2
0,5,72.7,80,0.9087500000000001,0,0,1,0
11,2,49.2,60,0.8200000000000001,0,0,0,0
23,5,25.5,60,0.425,0,0,1,2
9,7,84.0,100,0.84,1,1,0,0
6,2,66.9,80,0.83625,0,0,0,0
11,6,54.2,80,0.6775,1,0,0,1
5,5,37.6,50,0.752,0,0,1,0
22,3,75.8,100,0.758,0,0,1,0
5,3,56.0,60,0.9333333333333333,0,0,1,0
19,6,51.6,60,0.86,1,1,0,0
11,6,45.9,60,0.765,1,0,0,0
3,4,63.3,80,0.79125,0,0,1,0
1,2,56.1,60,0.935,0,0,1,0
8,5,94.3,100,0.943,0,1,0,0
10,1,28.3,30,0.9433333333333334,0,0,0,0
19,2,7.2,60,0.12000000000000001,0,1,0,2
11,2,11.4,60,0.19,0,0,0,2
3,2,58.0,60,0.9666666666666667,0,0,1,0
4,6,18.1,30,0.6033333333333334,1,0,1,1
16,7,61.1,80,0.76375,1,0,0,0
21,6,47.7,60,0.795,1,0,0,0
5,3,28.6,50,0.5720000000000001,0,0,1,1
19,6,77.3,80,0.9662499999999999,1,1,0,0
3,4,50.7,60,0.8450000000000001,0,0,1,0
18,2,13.1,30,0.43666666666666665,0,1,0,2
0,6,59.4,60,0.99,1,0,1,0
2,6,68.5,80,0.85625,1,0,1,0
10,3,30.4,50,0.608,0,0,0,1
14,1,76.5,80,0.95625,0,0,0,0
5,4,72.0,100,0.72,0,0,1,1
5,1,49.8,60,0.83,0,0,1,0
11,4,51.0,100,0.51,0,0,0,1
1,5,45.4,80,0.5675,0,0,1,1
7,5,29.5,60,0.49166666666666664,0,1,0,1
1,5,57.4,60,0.9566666666666667,0,0,1,0
16,5,63.9,100,0.639,0,0,0,1
7,1,18.2,80,0.22749999999999998,0,1,0,2
1,3,43.5,50,0.87,0,0,1,0
3,7,41.7,60,0.6950000000000001,1,0,1,1
5,4,57.3,60,0.955,0,0,1,0
19,2,20.8,50,0.41600000000000004,0,1,0,2
17,6,36.1,50,0.722,1,1,0,1
15,6,52.9,60,0.8816666666666666,1,0,0,0
22,1,47.3,50,0.946,0,0,1,0
1,4,48.6,60,0.81,0,0,1,0
18,2,57.8,80,0.7224999999999999,0,1,0,1
4,4,46.2,80,0.5775,0,0,1,1
9,7,45.9,60,0.765,1,1,0,0
17,1,8.3,30,0.27666666666666667,0,1,0,2
20,2,15.8,80,0.1975,0,0,0,2
10,6,39.0,60,0.65,1,0,0,1
20,4,26.1,50,0.522,0,0,0,1
9,6,54.0,60,0.9,1,1,0,0
17,3,24.5,100,0.245,0,1,0,2
11,6,31.0,60,0.5166666666666667,1,0,0,1
0,5,54.7,60,0.9116666666666667,0,0,1,0
12,4,24.0,50,0.48,0,0,0,1
23,1,50.9,60,0.8483333333333333,0,0,1,0
22,7,49.2,50,0.9840000000000001,1,0,1,0
12,2,13.5,80,0.16875,0,0,0,2
2,6,37.4,80,0.46749999999999997,1,0,1,1
12,5,14.6,60,0.24333333333333332,0,0,0,2
17,5,32.7,100,0.327,0,1,0,2
15,4,16.6,30,0.5533333333333333,0,0,0,1
11,6,28.5,60,0.475,1,0,0,1
9,5,34.4,80,0.43,0,1,0,2
9,2,28.3,60,0.4716666666666667,0,1,0,1
0,2,42.6,50,0.852,0,0,1,0
11,6,54.1,60,0.9016666666666667,1,0,0,0
1,6,54.6,60,0.91,1,0,1,0
10,5,37.5,60,0.625,0,0,0,1
10,1,82.9,100,0.8290000000000001,0,0,0,0
4,2,15.4,80,0.1925,0,0,1,2
10,3,38.1,50,0.762,0,0,0,0
11,2,51.2,100,0.512,0,0,0,1
2,7,91.6,100,0.9159999999999999,1,0,1,0
8,3,52.6,60,0.8766666666666667,0,1,0,0
19,1,12.2,60,0.2033333333333333,0,1,0,2
7,1,55.4,60,0.9233333333333333,0,1,0,0
14,7,20.3,50,0.406,1,0,0,2
11,7,51.2,80,0.64,1,0,0,1
21,2,25.6,30,0.8533333333333334,0,0,0,0
13,5,44.0,50,0.88,0,0,0,0
5,5,62.6,80,0.7825,0,0,1,0
5,2,58.6,60,0.9766666666666667,0,0,1,0
1,6,38.1,50,0.762,1,0,1,0
20,4,29.8,60,0.4966666666666667,0,0,0,1
4,4,41.7,50,0.8340000000000001,0,0,1,0
18,5,9.7,60,0.16166666666666665,0,1,0,2
20,2,18.8,30,0.6266666666666667,0,0,0,1
1,5,62.7,80,0.7837500000000001,0,0,1,0
10,1,46.2,100,0.462,0,0,0,1
10,6,3.5,30,0.11666666666666667,1,0,0,2
12,2,53.8,60,0.8966666666666666,0,0,0,0
3,2,57.6,60,0.9600000000000001,0,0,1,0
5,6,52.2,80,0.6525000000000001,1,0,1,1
22,3,46.6,50,0.932,0,0,1,0
5,5,70.6,80,0.8825,0,0,1,0
3,4,46.9,100,0.469,0,0,1,1
0,2,47.9,50,0.958,0,0,1,0
18,5,19.3,60,0.32166666666666666,0,1,0,2
19,3,24.3,50,0.486,0,1,0,1
2,2,95.5,100,0.955,0,0,1,0
0,6,47.3,60,0.7883333333333333,1,0,1,0
20,4,43.0,60,0.7166666666666667,0,0,0,1
23,4,41.3,50,0.826,0,0,1,0
3,1,40.2,50,0.804,0,0,1,0
7,3,11.2,80,0.13999999999999999,0,1,0,2
14,2,49.8,60,0.83,0,0,0,0
8,1,47.0,80,0.5875,0,1,0,1
2,2,83.8,100,0.838,0,0,1,0
2,4,54.9,60,0.9149999999999999,0,0,1,0
22,4,55.5,60,0.925,0,0,1,0
20,6,15.4,60,0.25666666666666665,1,0,0,2
1,6,46.4,50,0.9279999999999999,1,0,1,0
10,7,57.0,60,0.95,1,0,0,0
7,5,53.9,60,0.8983333333333333,0,1,0,0
9,2,10.6,50,0.212,0,1,0,2
22,3,57.7,60,0.9616666666666667,0,0,1,0
16,6,25.4,60,0.4233333333333333,1,0,0,2
0,4,56.7,60,0.9450000000000001,0,0,1,0
7,6,20.3,30,0.6766666666666666,1,1,0,1
22,4,68.8,80,0.86,0,0,1,0
1,2,89.5,100,0.895,0,0,1,0
8,1,55.9,60,0.9316666666666666,0,1,0,0
17,1,19.7,80,0.24625,0,1,0,2
22,3,78.7,80,0.98375,0,0,1,0
23,3,70.5,80,0.88125,0,0,1,0
13,7,30.9,50,0.618,1,0,0,1
2,4,88.2,100,0.882,0,0,1,0
11,5,6.2,30,0.20666666666666667,0,0,0,2
8,7,52.9,60,0.8816666666666666,1,1,0,0
22,2,47.4,50,0.948,0,0,1,0
0,3,45.8,50,0.9159999999999999,0,0,1,0
12,3,54.5,60,0.9083333333333333,0,0,0,0
20,4,37.2,60,0.62,0,0,0,1
14,7,41.3,60,0.6883333333333332,1,0,0,1
11,6,12.5,50,0.25,1,0,0,2
0,4,76.1,80,0.9512499999999999,0,0,1,0
11,2,36.3,50,0.726,0,0,0,1
15,3,48.8,60,0.8133333333333332,0,0,0,0
12,4,43.8,80,0.5475,0,0,0,1
21,7,32.5,50,0.65,1,0,0,1
8,6,53.7,100,0.537,1,1,0,1
14,6,58.7,60,0.9783333333333334,1,0,0,0
1,4,57.7,60,0.9616666666666667,0,0,1,0
16,3,5.3,50,0.106,0,0,0,2
0,7,56.6,60,0.9433333333333334,1,0,1,0
9,4,16.4,50,0.32799999999999996,0,1,0,2
19,7,42.9,60,0.715,1,1,0,1
8,3,19.2,60,0.32,0,1,0,2
19,5,23.2,60,0.38666666666666666,0,1,0,2
13,3,29.5,30,0.9833333333333333,0,0,0,0
19,1,31.9,50,0.638,0,1,0,1
8,3,77.9,100,0.779,0,1,0,0
18,2,14.2,60,0.23666666666666666,0,1,0,2
16,1,8.8,60,0.14666666666666667,0,0,0,2
11,2,12.7,30,0.4233333333333333,0,0,0,2
22,6,75.3,80,0.9412499999999999,1,0,1,0
20,2,71.1,100,0.711,0,0,0,1
17,7,3.5,30,0.11666666666666667,1,1,0,2
15,4,51.8,60,0.8633333333333333,0,0,0,0
0,5,46.8,60,0.7799999999999999,0,0,1,0
3,2,29.4,30,0.98,0,0,1,0
2,5,38.7,50,0.774,0,0,1,0
4,3,70.1,80,0.87625,0,0,1,0
20,2,39.4,80,0.4925,0,0,0,1
5,2,56.0,60,0.9333333333333333,0,0,1,0
11,7,35.9,60,0.5983333333333333,1,0,0,1
4,7,68.8,80,0.86,1,0,1,0
13,6,75.3,80,0.9412499999999999,1,0,0,0
17,3,23.1,80,0.28875,0,1,0,2
5,2,45.7,60,0.7616666666666667,0,0,1,0
15,6,24.4,80,0.305,1,0,0,2
16,1,37.9,50,0.758,0,0,0,0
17,6,7.2,60,0.12000000000000001,1,1,0,2
21,6,48.1,60,0.8016666666666666,1,0,0,0
9,7,38.7,50,0.774,1,1,0,0
9,7,39.1,50,0.782,1,1,0,0
7,7,78.7,80,0.98375,1,1,0,0
9,1,53.4,80,0.6675,0,1,0,1
12,5,53.6,60,0.8933333333333333,0,0,0,0
17,2,35.0,60,0.5833333333333334,0,1,0,1
10,4,28.6,30,0.9533333333333334,0,0,0,0
17,3,38.3,80,0.47874999999999995,0,1,0,1
5,5,44.4,80,0.5549999999999999,0,0,1,1
22,3,48.2,60,0.8033333333333333,0,0,1,0
21,3,27.9,30,0.9299999999999999,0,0,0,0
13,6,40.0,80,0.5,1,0,0,1
0,2,36.4,60,0.6066666666666667,0,0,1,1
7,2,14.9,50,0.298,0,1,0,2
0,6,38.7,50,0.774,1,0,1,0
2,7,19.3,60,0.32166666666666666,1,0,1,2
9,1,31.5,60,0.525,0,1,0,1
21,2,57.9,60,0.965,0,0,0,0
3,5,63.9,80,0.79875,0,0,1,0
18,6,44.5,80,0.55625,1,1,0,1
13,6,42.5,50,0.85,1,0,0,0
8,1,23.4,60,0.38999999999999996,0,1,0,2
1,2,98.4,100,0.9840000000000001,0,0,1,0
13,4,70.5,100,0.705,0,0,0,1
6,4,40.0,80,0.5,0,0,0,1
17,4,16.4,50,0.32799999999999996,0,1,0,2
10,2,15.4,60,0.25666666666666665,0,0,0,2
0,2,79.0,100,0.79,0,0,1,0
15,5,40.1,60,0.6683333333333333,0,0,0,1
23,4,49.9,60,0.8316666666666667,0,0,1,0
11,4,19.2,30,0.64,0,0,0,1
4,2,23.2,30,0.7733333333333333,0,0,1,0
2,4,21.1,30,0.7033333333333334,0,0,1,1
9,6,26.7,30,0.89,1,1,0,0
3,4,53.0,60,0.8833333333333333,0,0,1,0
2,3,78.9,80,0.9862500000000001,0,0,1,0
9,2,31.8,60,0.53,0,1,0,1
22,7,56.0,60,0.9333333333333333,1,0,1,0
5,1,73.7,80,0.92125,0,0,1,0
21,4,54.1,60,0.9016666666666667,0,0,0,0
19,4,11.8,30,0.39333333333333337,0,1,0,2
1,3,45.2,60,0.7533333333333334,0,0,1,0
13,3,20.4,50,0.408,0,0,0,2
2,2,49.9,80,0.62375,0,0,1,1
3,5,56.3,60,0.9383333333333332,0,0,1,0
1,7,20.1,50,0.402,1,0,1,2
12,2,38.6,50,0.772,0,0,0,0
19,2,41.8,60,0.6966666666666667,0,1,0,1
11,1,33.0,50,0.66,0,0,0,1
1,2,66.3,80,0.82875,0,0,1,0
22,1,60.5,80,0.75625,0,0,1,0
21,7,50.2,60,0.8366666666666667,1,0,0,0
7,6,59.6,60,0.9933333333333334,1,1,0,0
19,1,32.5,100,0.325,0,1,0,2
21,3,24.9,30,0.83,0,0,0,0
20,2,88.1,100,0.8809999999999999,0,0,0,0
16,6,14.0,50,0.28,1,0,0,2
12,2,22.0,60,0.36666666666666664,0,0,0,2
17,7,37.8,80,0.4725,1,1,0,1
19,5,56.0,100,0.56,0,1,0,1
5,2,28.6,60,0.4766666666666667,0,0,1,1
9,5,23.4,30,0.7799999999999999,0,1,0,0
15,3,45.7,60,0.7616666666666667,0,0,0,0
9,3,55.4,80,0.6925,0,1,0,1
5,5,48.2,50,0.9640000000000001,0,0,1,0
20,4,44.7,50,0.894,0,0,0,0
1,5,47.5,60,0.7916666666666666,0,0,1,0
2,1,44.9,50,0.898,0,0,1,0
7,2,45.5,100,0.455,0,1,0,1
15,7,28.2,50,0.564,1,0,0,1
5,2,57.9,60,0.965,0,0,1,0
6,5,25.1,30,0.8366666666666667,0,0,0,0
9,1,3.3,30,0.11,0,1,0,2
5,1,68.6,80,0.8574999999999999,0,0,1,0
3,1,25.2,30,0.84,0,0,1,0
20,5,78.5,80,0.98125,0,0,0,0
1,3,28.0,30,0.9333333333333333,0,0,1,0
22,2,59.5,60,0.9916666666666667,0,0,1,0
0,4,54.5,60,0.9083333333333333,0,0,1,0
7,1,21.6,50,0.43200000000000005,0,1,0,2
1,4,22.9,80,0.28625,0,0,1,2
13,2,15.7,30,0.5233333333333333,0,0,0,1
20,1,78.1,80,0.97625,0,0,0,0
7,2,30.2,60,0.5033333333333333,0,1,0,1
10,4,18.4,50,0.368,0,0,0,2
18,2,8.3,30,0.27666666666666667,0,1,0,2
16,1,48.7,60,0.8116666666666668,0,0,0,0
21,6,26.6,50,0.532,1,0,0,1
21,7,58.0,60,0.9666666666666667,1,0,0,0
0,2,38.1,60,0.635,0,0,1,1
12,5,32.0,50,0.64,0,0,0,1
18,6,7.0,50,0.14,1,1,0,2
11,5,17.2,100,0.172,0,0,0,2
23,3,82.8,100,0.828,0,0,1,0
9,2,7.7,60,0.12833333333333333,0,1,0,2
3,1,59.3,60,0.9883333333333333,0,0,1,0
15,2,44.3,50,0.8859999999999999,0,0,0,0
23,7,44.6,50,0.892,1,0,1,0
6,7,49.4,50,0.988,1,0,0,0
4,1,64.2,80,0.8025,0,0,1,0
1,7,57.8,60,0.9633333333333333,1,0,1,0
10,5,34.8,60,0.58,0,0,0,1
2,3,13.1,50,0.262,0,0,1,2
18,4,37.3,60,0.6216666666666666,0,1,0,1
20,6,11.9,30,0.39666666666666667,1,0,0,2
12,6,29.1,30,0.9700000000000001,1,0,0,0
22,6,28.7,30,0.9566666666666667,1,0,1,0
11,5,35.8,60,0.5966666666666666,0,0,0,1
4,6,15.0,30,0.5,1,0,1,1
19,3,16.5,50,0.33,0,1,0,2
5,2,56.6,60,0.9433333333333334,0,0,1,0
2,1,51.4,60,0.8566666666666667,0,0,1,0
8,5,12.3,60,0.20500000000000002,0,1,0,2
9,4,13.0,60,0.21666666666666667,0,1,0,2
12,7,9.7,60,0.16166666666666665,1,0,0,2
3,4,32.9,60,0.5483333333333333,0,0,1,1
13,2,25.9,30,0.8633333333333333,0,0,0,0
22,4,45.4,60,0.7566666666666666,0,0,1,0
19,2,13.9,50,0.278,0,1,0,2
8,7,52.9,60,0.8816666666666666,1,1,0,0
6,7,33.0,50,0.66,1,0,0,1
4,4,60.1,100,0.601,0,0,1,1
14,7,32.8,60,0.5466666666666666,1,0,0,1
18,3,3.3,30,0.11,0,1,0,2
11,1,70.4,80,0.8800000000000001,0,0,0,0
8,5,33.4,80,0.4175,0,1,0,2
23,7,66.1,80,0.8262499999999999,1,0,1,0
23,4,48.4,60,0.8066666666666666,0,0,1,0
12,6,55.4,60,0.9233333333333333,1,0,0,0
14,5,79.3,80,0.99125,0,0,0,0
3,2,53.9,60,0.8983333333333333,0,0,1,0
2,3,40.5,50,0.81,0,0,1,0
11,4,45.3,60,0.755,0,0,0,0
3,2,7.8,50,0.156,0,0,1,2
12,4,43.7,60,0.7283333333333334,0,0,0,1
12,2,36.9,80,0.46125,0,0,0,1
0,5,50.0,50,1.0,0,0,1,0
17,6,30.0,50,0.6,1,1,0,1
10,4,42.9,60,0.715,0,0,0,1
13,5,28.2,60,0.47,0,0,0,1
0,4,50.3,60,0.8383333333333333,0,0,1,0
0,1,26.6,30,0.8866666666666667,0,0,1,0
2,5,33.8,100,0.33799999999999997,0,0,1,2
1,5,44.7,50,0.894,0,0,1,0
18,2,22.0,50,0.44,0,1,0,2
1,6,60.1,80,0.75125,1,0,1,0
15,4,44.5,50,0.89,0,0,0,0
3,2,87.2,100,0.872,0,0,1,0
1,5,45.9,50,0.9179999999999999,0,0,1,0
3,1,29.5,30,0.9833333333333333,0,0,1,0
2,3,47.0,60,0.7833333333333333,0,0,1,0
9,4,12.6,50,0.252,0,1,0,2
12,6,25.8,30,0.86,1,0,0,0
1,7,34.4,60,0.5733333333333334,1,0,1,1
10,5,28.2,60,0.47,0,0,0,1
16,3,56.3,60,0.9383333333333332,0,0,0,0
12,1,21.0,30,0.7,0,0,0,1
10,2,20.9,30,0.6966666666666667,0,0,0,1
15,7,55.4,60,0.9233333333333333,1,0,0,0
20,1,14.9,60,0.24833333333333335,0,0,0,2
21,3,46.3,50,0.9259999999999999,0,0,0,0
5,3,42.6,50,0.852,0,0,1,0
11,7,48.4,80,0.605,1,0,0,1
3,7,63.8,80,0.7975,1,0,1,0
13,4,30.5,50,0.61,0,0,0,1
23,5,68.3,80,0.85375,0,0,1,0
7,4,25.4,60,0.4233333333333333,0,1,0,2
3,4,50.0,60,0.8333333333333334,0,0,1,0
14,4,71.0,80,0.8875,0,0,0,0
8,2,16.1,80,0.20125,0,1,0,2
23,2,81.3,100,0.813,0,0,1,0
1,5,55.9,60,0.9316666666666666,0,0,1,0
19,3,35.1,60,0.5850000000000001,0,1,0,1
2,3,76.0,100,0.76,0,0,1,0
12,5,35.2,50,0.7040000000000001,0,0,0,1
0,6,28.2,60,0.47,1,0,1,1
9,5,20.0,60,0.3333333333333333,0,1,0,2
6,7,88.2,100,0.882,1,0,0,0
17,2,84.0,100,0.84,0,1,0,0
8,6,81.9,100,0.8190000000000001,1,1,0,0
2,5,47.6,50,0.9520000000000001,0,0,1,0
16,2,29.2,30,0.9733333333333333,0,0,0,0
11,3,33.7,60,0.5616666666666668,0,0,0,1
15,3,86.6,100,0.866,0,0,0,0
23,1,49.2,60,0.8200000000000001,0,0,1,0
22,6,45.8,60,0.7633333333333333,1,0,1,0
4,6,28.0,30,0.9333333333333333,1,0,1,0
6,6,46.9,60,0.7816666666666666,1,0,0,0
20,5,11.1,80,0.13874999999999998,0,0,0,2
1,4,37.9,50,0.758,0,0,1,0
8,5,19.9,60,0.33166666666666667,0,1,0,2
12,1,16.4,30,0.5466666666666666,0,0,0,1
9,4,27.5,80,0.34375,0,1,0,2
12,1,49.9,50,0.998,0,0,0,0
22,2,38.8,50,0.7759999999999999,0,0,1,0
19,1,18.0,60,0.3,0,1,0,2
7,6,46.4,50,0.9279999999999999,1,1,0,0
0,4,77.2,80,0.9650000000000001,0,0,1,0
18,4,30.9,80,0.38625,0,1,0,2
20,6,7.2,50,0.14400000000000002,1,0,0,2
13,6,4.7,30,0.15666666666666668,1,0,0,2
4,3,45.1,60,0.7516666666666667,0,0,1,0
14,3,53.5,60,0.8916666666666667,0,0,0,0
11,7,18.2,80,0.22749999999999998,1,0,0,2
8,3,17.3,50,0.34600000000000003,0,1,0,2
20,3,45.9,50,0.9179999999999999,0,0,0,0
14,1,24.7,50,0.494,0,0,0,1
9,2,24.9,80,0.31124999999999997,0,1,0,2
6,1,19.8,50,0.396,0,0,0,2
12,5,67.9,100,0.679,0,0,0,1
11,2,21.6,80,0.27,0,0,0,2
15,2,9.6,60,0.16,0,0,0,2
9,5,14.2,50,0.284,0,1,0,2
21,6,58.3,60,0.9716666666666666,1,0,0,0
17,3,39.8,80,0.49749999999999994,0,1,0,1
14,7,59.6,60,0.9933333333333334,1,0,0,0
22,3,78.8,80,0.985,0,0,1,0
22,6,53.9,60,0.8983333333333333,1,0,1,0
10,2,78.1,80,0.97625,0,0,0,0
3,6,57.3,60,0.955,1,0,1,0
2,4,61.7,80,0.77125,0,0,1,0
19,2,12.1,60,0.20166666666666666,0,1,0,2
20,2,44.0,60,0.7333333333333333,0,0,0,1
9,7,47.0,50,0.94,1,1,0,0
6,5,54.5,60,0.9083333333333333,0,0,0,0
10,2,7.2,30,0.24000000000000002,0,0,0,2
10,5,57.2,60,0.9533333333333334,0,0,0,0
8,1,14.1,50,0.282,0,1,0,2
14,1,50.7,80,0.63375,0,0,0,1
12,4,52.4,60,0.8733333333333333,0,0,0,0
19,4,29.1,60,0.48500000000000004,0,1,0,1
11,4,51.3,60,0.855,0,0,0,0
13,1,63.9,80,0.79875,0,0,0,0
2,1,51.9,60,0.865,0,0,1,0
17,2,40.1,60,0.6683333333333333,0,1,0,1
3,1,73.5,80,0.91875,0,0,1,0
0,3,56.5,60,0.9416666666666667,0,0,1,0
18,5,43.9,100,0.439,0,1,0,2
1,4,47.9,60,0.7983333333333333,0,0,1,0
18,2,6.3,30,0.21,0,1,0,2
12,5,55.9,60,0.9316666666666666,0,0,0,0
7,4,7.6,50,0.152,0,1,0,2
20,4,40.7,60,0.6783333333333333,0,0,0,1
8,1,35.0,100,0.35,0,1,0,2
18,3,47.5,50,0.95,0,1,0,0
12,4,34.1,60,0.5683333333333334,0,0,0,1
2,5,76.5,80,0.95625,0,0,1,0
13,6,21.6,50,0.43200000000000005,1,0,0,2
0,1,20.7,30,0.69,0,0,1,1
20,1,80.3,100,0.8029999999999999,0,0,0,0
17,4,6.4,30,0.21333333333333335,0,1,0,2
1,2,7.2,50,0.14400000000000002,0,0,1,2
12,5,55.0,60,0.9166666666666666,0,0,0,0
12,6,10.9,60,0.18166666666666667,1,0,0,2
4,4,66.8,80,0.835,0,0,1,0
4,1,45.8,60,0.7633333333333333,0,0,1,0
10,5,59.2,60,0.9866666666666667,0,0,0,0
9,5,20.8,50,0.41600000000000004,0,1,0,2
10,4,47.9,50,0.958,0,0,0,0
16,5,51.1,80,0.63875,0,0,0,1
10,2,42.6,60,0.7100000000000001,0,0,0,1
22,2,28.9,30,0.9633333333333333,0,0,1,0
18,3,6.7,30,0.22333333333333333,0,1,0,2
15,6,74.1,80,0.9262499999999999,1,0,0,0
10,1,27.3,60,0.455,0,0,0,1
7,5,40.3,80,0.5037499999999999,0,1,0,1
21,7,23.1,30,0.77,1,0,0,0
4,2,27.5,30,0.9166666666666666,0,0,1,0
10,3,41.4,50,0.828,0,0,0,0
20,1,55.7,60,0.9283333333333333,0,0,0,0
6,1,22.8,60,0.38,0,0,0,2
11,2,42.7,60,0.7116666666666667,0,0,0,1
2,2,25.6,30,0.8533333333333334,0,0,1,0
6,7,90.7,100,0.907,1,0,0,0
15,7,10.6,60,0.17666666666666667,1,0,0,2
7,2,14.4,80,0.18,0,1,0,2
18,6,27.0,60,0.45,1,1,0,1
17,7,24.1,60,0.40166666666666667,1,1,0,2
14,6,50.1,60,0.8350000000000001,1,0,0,0
6,7,45.7,80,0.57125,1,0,0,1
21,2,15.2,80,0.19,0,0,0,2
7,1,22.8,50,0.456,0,1,0,1
14,6,38.2,50,0.764,1,0,0,0
0,3,19.6,30,0.6533333333333334,0,0,1,1
16,5,19.6,30,0.6533333333333334,0,0,0,1
13,7,41.7,60,0.6950000000000001,1,0,0,1
23,7,47.8,60,0.7966666666666666,1,0,1,0
1,7,33.8,60,0.5633333333333332,1,0,1,1
23,4,24.6,30,0.8200000000000001,0,0,1,0
2,2,56.6,60,0.9433333333333334,0,0,1,0
15,3,30.8,50,0.616,0,0,0,1
2,4,67.3,80,0.8412499999999999,0,0,1,0
1,2,50.8,60,0.8466666666666666,0,0,1,0
7,1,65.3,100,0.653,0,1,0,1
21,3,56.3,60,0.9383333333333332,0,0,0,0
12,1,29.4,30,0.98,0,0,0,0
19,3,34.9,50,0.698,0,1,0,1
17,6,78.1,80,0.97625,1,1,0,0
14,5,19.8,60,0.33,0,0,0,2
6,4,62.7,80,0.7837500000000001,0,0,0,0
11,5,71.2,80,0.89,0,0,0,0
23,1,27.6,30,0.92,0,0,1,0
9,1,62.1,80,0.77625,0,1,0,0
11,4,56.1,60,0.935,0,0,0,0
23,3,49.2,60,0.8200000000000001,0,0,1,0
6,5,59.8,100,0.598,0,0,0,1
23,1,38.0,50,0.76,0,0,1,0
3,5,48.3,60,0.8049999999999999,0,0,1,0
23,4,48.2,60,0.8033333333333333,0,0,1,0
5,2,52.2,60,0.87,0,0,1,0
19,5,28.9,60,0.48166666666666663,0,1,0,1
9,2,19.4,60,0.3233333333333333,0,1,0,2
19,4,31.1,50,0.622,0,1,0,1
15,7,56.8,60,0.9466666666666667,1,0,0,0
0,2,52.5,60,0.875,0,0,1,0
19,3,12.7,80,0.15875,0,1,0,2
17,2,40.9,60,0.6816666666666666,0,1,0,1
7,7,45.0,50,0.9,1,1,0,0
4,2,54.5,60,0.9083333333333333,0,0,1,0
2,1,34.0,80,0.425,0,0,1,2
19,4,4.0,30,0.13333333333333333,0,1,0,2
9,5,18.0,60,0.3,0,1,0,2
22,3,89.4,100,0.894,0,0,1,0
8,7,27.6,60,0.46,1,1,0,1
23,2,13.0,30,0.43333333333333335,0,0,1,2
10,5,41.6,50,0.8320000000000001,0,0,0,0
15,3,28.3,80,0.35375,0,0,0,2
19,6,26.2,60,0.43666666666666665,1,1,0,2
21,1,45.7,60,0.7616666666666667,0,0,0,0
6,4,49.9,100,0.499,0,0,0,1
17,7,54.3,60,0.9049999999999999,1,1,0,0
15,3,7.5,60,0.125,0,0,0,2
17,4,38.7,80,0.48375,0,1,0,1
8,2,25.4,50,0.508,0,1,0,1
9,7,55.5,60,0.925,1,1,0,0
10,1,42.6,100,0.426,0,0,0,2
14,6,17.2,80,0.215,1,0,0,2
21,3,11.1,50,0.222,0,0,0,2
4,6,91.8,100,0.9179999999999999,1,0,1,0
23,1,57.9,60,0.965,0,0,1,0
7,5,22.5,60,0.375,0,1,0,2
8,4,20.4,60,0.33999999999999997,0,1,0,2
22,5,50.5,60,0.8416666666666667,0,0,1,0
11,5,45.6,60,0.76,0,0,0,0
18,4,33.2,100,0.332,0,1,0,2
22,7,38.3,50,0.7659999999999999,1,0,1,0
4,4,60.5,100,0.605,0,0,1,1
23,5,94.8,100,0.948,0,0,1,0
4,3,49.0,60,0.8166666666666667,0,0,1,0
22,6,49.0,60,0.8166666666666667,1,0,1,0
15,7,13.8,80,0.17250000000000001,1,0,0,2
16,3,70.1,80,0.87625,0,0,0,0
6,6,55.9,60,0.9316666666666666,1,0,0,0
6,1,76.5,100,0.765,0,0,0,0
20,7,14.3,50,0.28600000000000003,1,0,0,2
2,7,56.4,60,0.94,1,0,1,0
4,4,67.2,80,0.8400000000000001,0,0,1,0
4,2,41.9,60,0.6983333333333334,0,0,1,1
2,6,30.6,100,0.306,1,0,1,2
6,5,98.2,100,0.982,0,0,0,0
23,4,70.6,80,0.8825,0,0,1,0
10,7,37.6,60,0.6266666666666667,1,0,0,1
10,5,51.0,60,0.85,0,0,0,0
5,5,54.1,60,0.9016666666666667,0,0,1,0
15,1,18.1,30,0.6033333333333334,0,0,0,1
20,4,47.7,50,0.9540000000000001,0,0,0,0
15,5,29.8,30,0.9933333333333334,0,0,0,0
2,4,27.4,50,0.5479999999999999,0,0,1,1
14,2,44.5,50,0.89,0,0,0,0
18,3,3.6,30,0.12000000000000001,0,1,0,2
2,5,50.5,60,0.8416666666666667,0,0,1,0
6,6,53.5,60,0.8916666666666667,1,0,0,0
10,4,24.2,50,0.484,0,0,0,1
17,2,12.1,60,0.20166666666666666,0,1,0,2
2,4,68.2,80,0.8525,0,0,1,0
21,2,73.2,80,0.915,0,0,0,0
3,7,24.9,30,0.83,1,0,1,0
17,2,39.8,60,0.6633333333333333,0,1,0,1
9,2,11.5,50,0.23,0,1,0,2
9,7,93.0,100,0.93,1,1,0,0
12,1,15.4,30,0.5133333333333333,0,0,0,1
20,2,46.8,60,0.7799999999999999,0,0,0,0
5,4,26.5,30,0.8833333333333333,0,0,1,0
18,2,3.0,30,0.1,0,1,0,2
16,7,8.6,60,0.14333333333333334,1,0,0,2
7,3,7.6,50,0.152,0,1,0,2
14,7,27.3,30,0.91,1,0,0,0
9,4,21.8,60,0.36333333333333334,0,1,0,2
18,2,56.4,60,0.94,0,1,0,0
17,5,16.2,60,0.26999999999999996,0,1,0,2
18,4,36.9,50,0.738,0,1,0,1
3,5,43.3,60,0.7216666666666666,0,0,1,1
11,6,38.9,80,0.48624999999999996,1,0,0,1
20,6,19.4,60,0.3233333333333333,1,0,0,2
4,6,30.4,60,0.5066666666666666,1,0,1,1
18,6,55.1,80,0.68875,1,1,0,1
19,7,61.8,80,0.7725,1,1,0,0
20,5,56.1,60,0.935,0,0,0,0
17,1,5.8,50,0.11599999999999999,0,1,0,2
14,7,25.4,60,0.4233333333333333,1,0,0,2
20,7,7.6,50,0.152,1,0,0,2
13,6,17.8,30,0.5933333333333334,1,0,0,1
15,5,67.5,80,0.84375,0,0,0,0
1,4,39.7,50,0.794,0,0,1,0
22,5,87.8,100,0.878,0,0,1,0
21,5,50.1,60,0.8350000000000001,0,0,0,0
16,4,10.8,30,0.36000000000000004,0,0,0,2
12,1,52.5,60,0.875,0,0,0,0
20,4,79.5,80,0.99375,0,0,0,0
0,3,44.3,60,0.7383333333333333,0,0,1,1
16,1,69.1,80,0.8637499999999999,0,0,0,0
18,6,34.7,60,0.5783333333333334,1,1,0,1
5,2,43.9,50,0.878,0,0,1,0
18,5,28.9,60,0.48166666666666663,0,1,0,1
0,4,59.1,60,0.985,0,0,1,0
12,7,38.7,60,0.645,1,0,0,1
23,2,74.1,80,0.9262499999999999,0,0,1,0
14,5,19.9,100,0.19899999999999998,0,0,0,2
15,7,56.0,80,0.7,1,0,0,1
23,5,51.1,60,0.8516666666666667,0,0,1,0
6,4,38.0,80,0.475,0,0,0,1
3,6,39.9,60,0.6649999999999999,1,0,1,1
9,1,42.4,60,0.7066666666666667,0,1,0,1
10,4,49.2,50,0.9840000000000001,0,0,0,0
6,2,56.0,60,0.9333333333333333,0,0,0,0
1,6,50.5,60,0.8416666666666667,1,0,1,0
0,3,56.6,60,0.9433333333333334,0,0,1,0
15,2,59.8,60,0.9966666666666666,0,0,0,0
18,2,8.1,50,0.162,0,1,0,2
17,2,60.6,100,0.606,0,1,0,1
23,5,54.9,60,0.9149999999999999,0,0,1,0
17,2,16.8,60,0.28,0,1,0,2
1,1,22.9,30,0.7633333333333333,0,0,1,0
8,7,76.8,80,0.96,1,1,0,0
10,5,53.9,60,0.8983333333333333,0,0,0,0
7,3,15.7,100,0.157,0,1,0,2
9,2,16.4,50,0.32799999999999996,0,1,0,2
5,7,52.1,60,0.8683333333333334,1,0,1,0
15,4,25.5,50,0.51,0,0,0,1
1,7,45.5,50,0.91,1,0,1,0
18,6,70.6,100,0.706,1,1,0,1
3,4,54.1,60,0.9016666666666667,0,0,1,0
22,6,29.4,60,0.49,1,0,1,1
2,3,25.5,30,0.85,0,0,1,0
17,4,14.8,100,0.14800000000000002,0,1,0,2
6,4,46.2,60,0.77,0,0,0,0
9,1,40.6,60,0.6766666666666666,0,1,0,1
13,3,58.8,60,0.98,0,0,0,0
13,7,28.4,50,0.568,1,0,0,1
7,4,21.0,60,0.35,0,1,0,2
11,4,58.1,60,0.9683333333333334,0,0,0,0
12,6,55.6,60,0.9266666666666666,1,0,0,0
3,6,49.5,50,0.99,1,0,1,0
0,2,26.0,30,0.8666666666666667,0,0,1,0
23,2,42.0,50,0.84,0,0,1,0
22,2,39.5,50,0.79,0,0,1,0
21,1,41.7,50,0.8340000000000001,0,0,0,0
17,7,51.9,60,0.865,1,1,0,0
15,7,38.1,60,0.635,1,0,0,1
21,2,66.2,80,0.8275,0,0,0,0
22,6,49.1,60,0.8183333333333334,1,0,1,0
6,2,50.1,80,0.62625,0,0,0,1
17,7,25.7,30,0.8566666666666667,1,1,0,0
12,1,46.8,50,0.9359999999999999,0,0,0,0
15,3,36.5,50,0.73,0,0,0,1
14,2,13.6,30,0.4533333333333333,0,0,0,1
11,6,20.3,50,0.406,1,0,0,2
17,2,12.3,60,0.20500000000000002,0,1,0,2
21,7,97.6,100,0.976,1,0,0,0
22,1,63.8,80,0.7975,0,0,1,0
20,7,33.8,50,0.6759999999999999,1,0,0,1
6,7,52.5,60,0.875,1,0,0,0
14,1,8.6,60,0.14333333333333334,0,0,0,2
8,6,41.6,50,0.8320000000000001,1,1,0,0
18,6,19.0,60,0.31666666666666665,1,1,0,2
13,6,41.1,80,0.51375,1,0,0,1
12,6,23.7,80,0.29625,1,0,0,2
1,4,49.5,60,0.825,0,0,1,0
23,7,26.0,30,0.8666666666666667,1,0,1,0
23,1,75.9,80,0.9487500000000001,0,0,1,0
16,3,82.1,100,0.821,0,0,0,0
5,1,58.9,60,0.9816666666666667,0,0,1,0
11,7,42.1,80,0.52625,1,0,0,1
5,5,16.2,50,0.324,0,0,1,2
15,2,29.5,30,0.9833333333333333,0,0,0,0
18,1,22.6,60,0.3766666666666667,0,1,0,2
20,3,25.6,80,0.32,0,0,0,2
12,4,54.8,60,0.9133333333333333,0,0,0,0
9,6,28.2,30,0.94,1,1,0,0
18,5,9.3,30,0.31,0,1,0,2
21,6,66.7,80,0.83375,1,0,0,0
13,5,13.7,50,0.27399999999999997,0,0,0,2
18,3,13.8,30,0.46,0,1,0,1
14,6,47.2,60,0.7866666666666667,1,0,0,0
18,4,29.9,100,0.299,0,1,0,2
13,5,60.0,60,1.0,0,0,0,0
10,6,35.8,60,0.5966666666666666,1,0,0,1
9,5,6.2,50,0.124,0,1,0,2
8,1,24.7,60,0.4116666666666667,0,1,0,2
3,6,58.5,60,0.975,1,0,1,0
22,2,48.6,60,0.81,0,0,1,0
3,2,45.4,50,0.9079999999999999,0,0,1,0
8,2,63.1,100,0.631,0,1,0,1
11,1,37.6,60,0.6266666666666667,0,0,0,1
23,6,92.2,100,0.922,1,0,1,0
21,3,41.4,50,0.828,0,0,0,0
7,4,40.7,60,0.6783333333333333,0,1,0,1
17,2,60.3,80,0.7537499999999999,0,1,0,0
11,2,45.1,50,0.902,0,0,0,0
16,2,47.9,60,0.7983333333333333,0,0,0,0
23,7,29.2,60,0.48666666666666664,1,0,1,1
15,4,8.6,50,0.172,0,0,0,2
7,1,10.0,60,0.16666666666666666,0,1,0,2
20,2,3.3,30,0.11,0,0,0,2
3,6,31.5,60,0.525,1,0,1,1
3,3,56.0,60,0.9333333333333333,0,0,1,0
23,2,39.1,80,0.48875,0,0,1,1
17,5,20.6,60,0.3433333333333334,0,1,0,2
5,4,28.8,30,0.9600000000000001,0,0,1,0
11,6,52.4,60,0.8733333333333333,1,0,0,0
15,6,24.2,50,0.484,1,0,0,1
23,3,52.0,60,0.8666666666666667,0,0,1,0
1,7,96.4,100,0.9640000000000001,1,0,1,0
16,6,49.7,50,0.9940000000000001,1,0,0,0
22,5,27.1,30,0.9033333333333334,0,0,1,0
19,6,42.0,100,0.42,1,1,0,2
14,6,63.8,80,0.7975,1,0,0,0
17,1,13.1,50,0.262,0,1,0,2
0,3,74.3,80,0.92875,0,0,1,0
12,6,50.2,60,0.8366666666666667,1,0,0,0
3,6,36.6,60,0.61,1,0,1,1
5,1,46.7,60,0.7783333333333334,0,0,1,0
12,7,51.0,80,0.6375,1,0,0,1
3,1,84.5,100,0.845,0,0,1,0
3,3,29.9,30,0.9966666666666666,0,0,1,0
7,4,45.9,80,0.57375,0,1,0,1
16,2,21.5,30,0.7166666666666667,0,0,0,1
3,1,51.1,80,0.63875,0,0,1,1
2,4,22.3,80,0.27875,0,0,1,2
10,4,55.8,60,0.9299999999999999,0,0,0,0
6,1,35.5,60,0.5916666666666667,0,0,0,1
6,6,54.3,80,0.67875,1,0,0,1
13,7,56.2,60,0.9366666666666668,1,0,0,0
19,2,39.5,60,0.6583333333333333,0,1,0,1
5,2,62.2,80,0.7775000000000001,0,0,1,0
7,3,42.1,80,0.52625,0,1,0,1
2,2,47.2,60,0.7866666666666667,0,0,1,0
3,7,31.8,60,0.53,1,0,1,1
23,6,7.3,50,0.146,1,0,1,2
14,3,69.7,80,0.8712500000000001,0,0,0,0
0,7,34.3,60,0.5716666666666667,1,0,1,1
0,4,33.6,50,0.672,0,0,1,1
5,3,47.8,50,0.956,0,0,1,0
4,3,38.1,50,0.762,0,0,1,0
2,5,52.6,60,0.8766666666666667,0,0,1,0
2,6,15.9,60,0.265,1,0,1,2
23,1,57.7,60,0.9616666666666667,0,0,1,0
10,5,40.1,60,0.6683333333333333,0,0,0,1
12,1,58.6,60,0.9766666666666667,0,0,0,0
0,3,70.1,80,0.87625,0,0,1,0
15,1,39.7,50,0.794,0,0,0,0
8,3,19.3,60,0.32166666666666666,0,1,0,2
2,4,49.3,80,0.61625,0,0,1,1
10,2,59.5,60,0.9916666666666667,0,0,0,0
13,2,20.0,30,0.6666666666666666,0,0,0,1
11,7,11.1,60,0.185,1,0,0,2
10,5,98.5,100,0.985,0,0,0,0
15,4,36.6,80,0.4575,0,0,0,1
4,5,51.9,60,0.865,0,0,1,0
6,3,42.3,50,0.846,0,0,0,0
14,4,18.8,50,0.376,0,0,0,2
15,1,74.6,80,0.9324999999999999,0,0,0,0
22,3,39.5,50,0.79,0,0,1,0
3,3,42.0,50,0.84,0,0,1,0
17,5,14.2,100,0.142,0,1,0,2
5,3,42.9,50,0.858,0,0,1,0
9,4,10.6,60,0.17666666666666667,0,1,0,2
17,2,4.1,30,0.13666666666666666,0,1,0,2
16,1,26.2,30,0.8733333333333333,0,0,0,0
7,6,45.4,50,0.9079999999999999,1,1,0,0
6,6,5.3,50,0.106,1,0,0,2
10,1,47.1,80,0.58875,0,0,0,1
20,6,48.8,60,0.8133333333333332,1,0,0,0
17,6,41.7,50,0.8340000000000001,1,1,0,0
13,7,26.0,80,0.325,1,0,0,2
13,3,76.1,100,0.7609999999999999,0,0,0,0
17,2,6.9,30,0.23,0,1,0,2
9,1,32.6,80,0.40750000000000003,0,1,0,2
19,4,57.1,80,0.71375,0,1,0,1
23,2,63.7,80,0.79625,0,0,1,0
12,1,58.6,100,0.586,0,0,0,1
1,2,56.5,60,0.9416666666666667,0,0,1,0
10,7,92.0,100,0.92,1,0,0,0
18,3,14.8,80,0.185,0,1,0,2
0,2,42.5,50,0.85,0,0,1,0
1,5,51.5,60,0.8583333333333333,0,0,1,0
9,3,34.1,100,0.341,0,1,0,2
20,7,36.0,50,0.72,1,0,0,1
11,6,15.6,100,0.156,1,0,0,2
20,3,49.4,50,0.988,0,0,0,0
18,7,47.6,50,0.9520000000000001,1,1,0,0
20,6,46.8,50,0.9359999999999999,1,0,0,0
5,6,79.8,100,0.7979999999999999,1,0,1,0
11,7,49.9,60,0.8316666666666667,1,0,0,0
2,5,37.9,50,0.758,0,0,1,0
22,5,53.7,60,0.895,0,0,1,0
20,1,44.5,50,0.89,0,0,0,0
12,1,31.0,60,0.5166666666666667,0,0,0,1
1,3,78.5,100,0.785,0,0,1,0
22,2,28.6,30,0.9533333333333334,0,0,1,0
16,6,24.3,50,0.486,1,0,0,1
2,1,47.6,60,0.7933333333333333,0,0,1,0
3,6,61.4,80,0.7675,1,0,1,0
2,6,40.2,50,0.804,1,0,1,0
10,2,18.3,30,0.61,0,0,0,1
4,2,59.9,60,0.9983333333333333,0,0,1,0
13,6,15.7,60,0.26166666666666666,1,0,0,2
9,6,37.5,50,0.75,1,1,0,0
23,4,23.4,50,0.46799999999999997,0,0,1,1
22,6,87.4,100,0.8740000000000001,1,0,1,0
10,2,72.9,80,0.9112500000000001,0,0,0,0
6,1,29.4,50,0.588,0,0,0,1
19,5,19.5,50,0.39,0,1,0,2
23,5,40.2,50,0.804,0,0,1,0
10,7,23.2,80,0.29,1,0,0,2
11,4,26.3,60,0.43833333333333335,0,0,0,2
20,4,48.0,60,0.8,0,0,0,0
6,4,72.7,100,0.727,0,0,0,1
16,7,45.0,60,0.75,1,0,0,0
0,5,45.6,60,0.76,0,0,1,0
6,1,8.2,60,0.13666666666666666,0,0,0,2
11,6,28.4,60,0.47333333333333333,1,0,0,1
2,3,27.0,30,0.9,0,0,1,0
7,4,54.3,100,0.5429999999999999,0,1,0,1
0,2,58.6,80,0.7325,0,0,1,1
16,4,18.2,80,0.22749999999999998,0,0,0,2
20,1,30.8,60,0.5133333333333333,0,0,0,1
17,6,56.1,60,0.935,1,1,0,0
1,2,79.5,80,0.99375,0,0,1,0
22,7,47.1,50,0.9420000000000001,1,0,1,0
22,1,51.6,60,0.86,0,0,1,0
7,6,72.4,80,0.905,1,1,0,0
1,1,23.5,50,0.47,0,0,1,1
0,6,38.3,50,0.7659999999999999,1,0,1,0
18,3,4.0,30,0.13333333333333333,0,1,0,2
21,1,30.0,50,0.6,0,0,0,1
22,2,57.9,60,0.965,0,0,1,0
19,1,30.3,80,0.37875000000000003,0,1,0,2
13,4,44.3,80,0.55375,0,0,0,1
19,4,8.7,60,0.145,0,1,0,2
15,5,55.1,80,0.68875,0,0,0,1
9,3,35.2,50,0.7040000000000001,0,1,0,1
3,3,25.3,30,0.8433333333333334,0,0,1,0
1,7,76.8,80,0.96,1,0,1,0
18,2,15.7,60,0.26166666666666666,0,1,0,2
2,5,55.4,60,0.9233333333333333,0,0,1,0
16,7,55.9,60,0.9316666666666666,1,0,0,0
9,4,46.8,50,0.9359999999999999,0,1,0,0
18,1,8.2,80,0.1025,0,1,0,2
13,3,20.7,80,0.25875,0,0,0,2
3,2,46.4,50,0.9279999999999999,0,0,1,0
10,7,32.2,80,0.4025,1,0,0,2
8,7,6.7,30,0.22333333333333333,1,1,0,2
8,4,5.8,50,0.11599999999999999,0,1,0,2
5,6,35.8,50,0.716,1,0,1,1
19,2,14.5,80,0.18125,0,1,0,2
0,6,85.5,100,0.855,1,0,1,0
5,1,28.7,100,0.287,0,0,1,2
23,6,46.6,50,0.932,1,0,1,0
5,1,43.5,60,0.725,0,0,1,1
3,5,53.0,60,0.8833333333333333,0,0,1,0
3,5,41.7,50,0.8340000000000001,0,0,1,0
4,5,58.5,60,0.975,0,0,1,0
14,6,8.1,60,0.13499999999999998,1,0,0,2
10,2,47.6,60,0.7933333333333333,0,0,0,0
13,3,17.9,60,0.2983333333333333,0,0,0,2
4,6,17.5,60,0.2916666666666667,1,0,1,2
11,2,92.2,100,0.922,0,0,0,0
19,2,43.2,60,0.7200000000000001,0,1,0,1
17,3,28.8,60,0.48000000000000004,0,1,0,1
9,6,7.8,30,0.26,1,1,0,2
19,2,27.7,80,0.34625,0,1,0,2
3,3,68.5,80,0.85625,0,0,1,0
13,2,63.6,100,0.636,0,0,0,1
5,5,57.2,60,0.9533333333333334,0,0,1,0
7,7,56.7,60,0.9450000000000001,1,1,0,0
10,4,27.7,30,0.9233333333333333,0,0,0,0
3,1,48.7,60,0.8116666666666668,0,0,1,0
11,7,61.9,80,0.7737499999999999,1,0,0,0
7,5,27.2,60,0.4533333333333333,0,1,0,1
10,7,84.2,100,0.8420000000000001,1,0,0,0
12,1,32.2,60,0.5366666666666667,0,0,0,1
21,3,32.4,60,0.5399999999999999,0,0,0,1
11,3,61.0,100,0.61,0,0,0,1
20,2,49.4,60,0.8233333333333334,0,0,0,0
13,6,61.4,100,0.614,1,0,0,1
20,2,31.7,60,0.5283333333333333,0,0,0,1
23,3,59.8,60,0.9966666666666666,0,0,1,0
12,3,7.9,60,0.13166666666666668,0,0,0,2
5,2,58.8,60,0.98,0,0,1,0
15,5,6.9,60,0.115,0,0,0,2
20,2,22.1,100,0.221,0,0,0,2
15,2,54.8,60,0.9133333333333333,0,0,0,0
23,5,47.8,60,0.7966666666666666,0,0,1,0
21,2,25.3,50,0.506,0,0,0,1
7,4,4.5,30,0.15,0,1,0,2
17,2,16.8,50,0.336,0,1,0,2
20,2,39.7,80,0.49625,0,0,0,1
15,4,28.3,30,0.9433333333333334,0,0,0,0
19,7,42.5,50,0.85,1,1,0,0
1,3,47.5,60,0.7916666666666666,0,0,1,0
15,6,48.2,80,0.6025,1,0,0,1
3,6,22.7,60,0.3783333333333333,1,0,1,2
2,6,68.6,80,0.8574999999999999,1,0,1,0
8,5,21.0,50,0.42,0,1,0,2
2,7,41.3,50,0.826,1,0,1,0
3,2,56.9,60,0.9483333333333334,0,0,1,0
13,2,54.1,80,0.67625,0,0,0,1
12,1,38.2,50,0.764,0,0,0,0
13,7,16.6,100,0.166,1,0,0,2
12,6,25.0,80,0.3125,1,0,0,2
22,4,39.4,60,0.6566666666666666,0,0,1,1
15,4,59.5,60,0.9916666666666667,0,0,0,0
12,3,44.2,50,0.884,0,0,0,0
15,5,52.7,60,0.8783333333333334,0,0,0,0
14,5,59.7,60,0.995,0,0,0,0
12,2,28.7,80,0.35875,0,0,0,2
21,1,36.3,50,0.726,0,0,0,1
12,7,48.4,50,0.968,1,0,0,0
13,1,19.1,50,0.382,0,0,0,2
3,4,44.5,50,0.89,0,0,1,0
12,2,20.1,60,0.335,0,0,0,2
2,3,71.1,80,0.8887499999999999,0,0,1,0
3,7,59.9,60,0.9983333333333333,1,0,1,0
13,6,47.5,60,0.7916666666666666,1,0,0,0
20,7,37.8,80,0.4725,1,0,0,1
12,2,73.8,80,0.9225,0,0,0,0
23,7,43.5,50,0.87,1,0,1,0
18,3,18.0,60,0.3,0,1,0,2
0,6,8.1,50,0.162,1,0,1,2
12,4,40.6,60,0.6766666666666666,0,0,0,1
11,1,29.3,60,0.48833333333333334,0,0,0,1
23,7,41.8,50,0.836,1,0,1,0
17,1,19.2,50,0.384,0,1,0,2
3,3,47.8,50,0.956,0,0,1,0
0,5,38.1,50,0.762,0,0,1,0
11,1,44.0,60,0.7333333333333333,0,0,0,1
1,2,25.3,30,0.8433333333333334,0,0,1,0
14,6,34.0,60,0.5666666666666667,1,0,0,1
18,2,33.9,60,0.565,0,1,0,1
23,5,40.2,50,0.804,0,0,1,0
18,7,21.1,60,0.3516666666666667,1,1,0,2
3,3,47.9,60,0.7983333333333333,0,0,1,0
13,6,31.5,60,0.525,1,0,0,1
11,6,8.7,80,0.10874999999999999,1,0,0,2
9,4,45.9,80,0.57375,0,1,0,1
14,4,56.0,80,0.7,0,0,0,1
8,4,8.3,50,0.166,0,1,0,2
14,2,62.6,80,0.7825,0,0,0,0
20,2,52.5,60,0.875,0,0,0,0
14,4,59.7,60,0.995,0,0,0,0
2,2,69.8,80,0.8724999999999999,0,0,1,0
2,7,51.9,60,0.865,1,0,1,0
12,2,23.6,30,0.7866666666666667,0,0,0,0
0,5,46.4,50,0.9279999999999999,0,0,1,0
4,2,49.1,60,0.8183333333333334,0,0,1,0
2,7,55.5,60,0.925,1,0,1,0
0,4,28.8,50,0.5760000000000001,0,0,1,1
19,5,13.7,80,0.17124999999999999,0,1,0,2
20,1,40.7,60,0.6783333333333333,0,0,0,1
9,1,23.8,60,0.39666666666666667,0,1,0,2
1,2,48.2,60,0.8033333333333333,0,0,1,0
14,7,15.1,30,0.5033333333333333,1,0,0,1
6,4,20.6,50,0.41200000000000003,0,0,0,2
0,2,50.9,60,0.8483333333333333,0,0,1,0
13,2,16.5,60,0.275,0,0,0,2
10,2,29.1,30,0.9700000000000001,0,0,0,0
1,4,62.4,80,0.78,0,0,1,0
17,3,28.1,60,0.4683333333333334,0,1,0,1
7,2,18.7,60,0.31166666666666665,0,1,0,2
10,1,71.7,80,0.89625,0,0,0,0
17,2,12.5,60,0.20833333333333334,0,1,0,2
12,4,28.1,60,0.4683333333333334,0,0,0,1
12,7,38.4,80,0.48,1,0,0,1
11,1,14.6,60,0.24333333333333332,0,0,0,2
21,5,41.7,50,0.8340000000000001,0,0,0,0
16,6,71.6,80,0.8949999999999999,1,0,0,0
17,2,27.4,50,0.5479999999999999,0,1,0,1
22,2,30.7,60,0.5116666666666666,0,0,1,1
0,4,59.9,60,0.9983333333333333,0,0,1,0
19,5,16.9,100,0.16899999999999998,0,1,0,2
23,2,17.1,30,0.5700000000000001,0,0,1,1
23,6,47.8,50,0.956,1,0,1,0
13,6,45.9,60,0.765,1,0,0,0
21,7,23.1,30,0.77,1,0,0,0
12,7,19.8,60,0.33,1,0,0,2
7,7,49.6,60,0.8266666666666667,1,1,0,0
22,5,71.7,80,0.89625,0,0,1,0
18,7,25.7,60,0.42833333333333334,1,1,0,2
0,6,49.4,60,0.8233333333333334,1,0,1,0
4,7,27.5,60,0.4583333333333333,1,0,1,1
6,7,54.1,60,0.9016666666666667,1,0,0,0
11,2,58.5,100,0.585,0,0,0,1
21,3,12.3,80,0.15375,0,0,0,2
12,4,51.1,60,0.8516666666666667,0,0,0,0
16,2,19.3,30,0.6433333333333333,0,0,0,1
23,4,15.1,30,0.5033333333333333,0,0,1,1
8,6,40.1,100,0.401,1,1,0,2
16,4,91.3,100,0.9129999999999999,0,0,0,0
1,5,79.6,80,0.9949999999999999,0,0,1,0
1,4,46.7,50,0.934,0,0,1,0
22,1,71.6,80,0.8949999999999999,0,0,1,0
23,2,46.5,50,0.93,0,0,1,0
3,4,53.1,60,0.885,0,0,1,0
11,4,29.3,50,0.586,0,0,0,1
21,6,74.2,80,0.9275,1,0,0,0
3,3,49.4,60,0.8233333333333334,0,0,1,0
19,6,12.5,60,0.20833333333333334,1,1,0,2
1,7,48.6,50,0.972,1,0,1,0
20,4,76.4,80,0.9550000000000001,0,0,0,0
23,7,29.1,30,0.9700000000000001,1,0,1,0
19,3,7.0,60,0.11666666666666667,0,1,0,2
16,1,54.8,60,0.9133333333333333,0,0,0,0
23,4,24.1,30,0.8033333333333333,0,0,1,0
21,4,46.9,50,0.938,0,0,0,0
7,5,22.7,80,0.28375,0,1,0,2
10,7,32.1,100,0.321,1,0,0,2
9,3,8.6,30,0.2866666666666667,0,1,0,2
8,4,38.3,50,0.7659999999999999,0,1,0,0
19,5,7.2,30,0.24000000000000002,0,1,0,2
14,1,57.8,60,0.9633333333333333,0,0,0,0
2,5,65.4,80,0.8175000000000001,0,0,1,0
18,4,3.8,30,0.12666666666666665,0,1,0,2
15,5,47.4,50,0.948,0,0,0,0
0,3,52.0,60,0.8666666666666667,0,0,1,0
0,4,47.0,50,0.94,0,0,1,0
17,5,8.2,30,0.2733333333333333,0,1,0,2
15,4,53.5,60,0.8916666666666667,0,0,0,0
5,4,20.8,30,0.6933333333333334,0,0,1,1
16,6,56.6,80,0.7075,1,0,0,1
21,6,10.4,80,0.13,1,0,0,2
11,5,11.4,60,0.19,0,0,0,2
6,3,24.3,60,0.405,0,0,0,2
0,5,68.1,80,0.85125,0,0,1,0
7,7,68.0,100,0.68,1,1,0,1
17,1,16.8,50,0.336,0,1,0,2
18,2,7.4,50,0.14800000000000002,0,1,0,2
7,2,7.0,30,0.23333333333333334,0,1,0,2
1,4,23.5,50,0.47,0,0,1,1
3,2,59.7,60,0.995,0,0,1,0
11,3,31.5,50,0.63,0,0,0,1
17,2,15.3,80,0.19125,0,1,0,2
12,4,31.4,50,0.628,0,0,0,1
11,4,25.7,30,0.8566666666666667,0,0,0,0
8,6,30.0,60,0.5,1,1,0,1
2,5,65.5,80,0.81875,0,0,1,0
2,4,25.5,30,0.85,0,0,1,0
18,6,9.7,30,0.3233333333333333,1,1,0,2
16,1,50.0,60,0.8333333333333334,0,0,0,0
11,3,56.4,60,0.94,0,0,0,0
14,6,27.7,60,0.46166666666666667,1,0,0,1
12,4,26.3,50,0.526,0,0,0,1
20,4,54.9,60,0.9149999999999999,0,0,0,0
19,2,10.4,30,0.3466666666666667,0,1,0,2
6,6,47.3,50,0.946,1,0,0,0
16,1,24.5,80,0.30625,0,0,0,2
16,6,9.3,60,0.155,1,0,0,2
20,1,44.0,50,0.88,0,0,0,0
20,7,9.8,30,0.3266666666666667,1,0,0,2
1,5,64.7,80,0.8087500000000001,0,0,1,0
1,6,9.9,50,0.198,1,0,1,2
10,2,25.2,50,0.504,0,0,0,1
10,5,58.2,60,0.9700000000000001,0,0,0,0
22,3,47.4,60,0.7899999999999999,0,0,1,0
23,6,26.2,30,0.8733333333333333,1,0,1,0
8,7,80.8,100,0.8079999999999999,1,1,0,0
10,6,24.2,60,0.4033333333333333,1,0,0,2
13,2,49.8,60,0.83,0,0,0,0
9,2,15.9,50,0.318,0,1,0,2
1,6,42.6,50,0.852,1,0,1,0
8,3,8.8,60,0.14666666666666667,0,1,0,2
3,1,46.4,60,0.7733333333333333,0,0,1,0
13,6,36.5,60,0.6083333333333333,1,0,0,1
11,2,53.4,80,0.6675,0,0,0,1
16,3,59.5,60,0.9916666666666667,0,0,0,0
20,4,30.7,50,0.614,0,0,0,1
10,5,91.4,100,0.914,0,0,0,0
4,3,40.2,60,0.67,0,0,1,1
4,7,89.2,100,0.892,1,0,1,0
19,7,33.7,60,0.5616666666666668,1,1,0,1
5,1,38.0,50,0.76,0,0,1,0
6,4,53.2,60,0.8866666666666667,0,0,0,0
8,5,24.8,80,0.31,0,1,0,2
18,5,9.6,30,0.32,0,1,0,2
18,3,14.6,50,0.292,0,1,0,2
7,3,18.1,50,0.36200000000000004,0,1,0,2
0,1,73.5,80,0.91875,0,0,1,0
5,3,30.2,50,0.604,0,0,1,1
4,7,66.2,80,0.8275,1,0,1,0
16,2,100.0,100,1.0,0,0,0,0
10,5,48.8,60,0.8133333333333332,0,0,0,0
19,6,50.8,60,0.8466666666666666,1,1,0,0
22,5,24.9,50,0.498,0,0,1,1
3,2,57.3,60,0.955,0,0,1,0
15,3,31.0,50,0.62,0,0,0,1
6,2,17.7,60,0.295,0,0,0,2
7,2,13.0,60,0.21666666666666667,0,1,0,2
5,2,48.2,60,0.8033333333333333,0,0,1,0
2,2,57.0,60,0.95,0,0,1,0
18,5,18.6,50,0.37200000000000005,0,1,0,2
0,1,38.9,80,0.48624999999999996,0,0,1,1
15,2,30.6,50,0.612,0,0,0,1
8,2,7.6,60,0.12666666666666665,0,1,0,2
20,2,93.5,100,0.935,0,0,0,0
21,6,40.6,50,0.812,1,0,0,0
1,2,29.8,30,0.9933333333333334,0,0,1,0
10,6,24.2,80,0.3025,1,0,0,2
20,3,95.2,100,0.9520000000000001,0,0,0,0
9,3,23.1,60,0.385,0,1,0,2
16,3,37.7,50,0.754,0,0,0,0
5,7,8.3,60,0.13833333333333334,1,0,1,2
20,1,21.4,30,0.7133333333333333,0,0,0,1
23,2,46.1,60,0.7683333333333333,0,0,1,0
7,5,12.4,50,0.248,0,1,0,2
8,7,23.9,30,0.7966666666666666,1,1,0,0
3,5,51.7,60,0.8616666666666667,0,0,1,0
7,1,45.7,80,0.57125,0,1,0,1
22,6,68.8,80,0.86,1,0,1,0
5,4,52.5,60,0.875,0,0,1,0
1,6,59.4,60,0.99,1,0,1,0
8,5,8.9,50,0.17800000000000002,0,1,0,2
8,3,38.3,80,0.47874999999999995,0,1,0,1
10,6,33.8,60,0.5633333333333332,1,0,0,1
15,2,45.8,60,0.7633333333333333,0,0,0,0
22,6,26.3,30,0.8766666666666667,1,0,1,0
7,1,32.5,50,0.65,0,1,0,1
4,7,91.9,100,0.919,1,0,1,0
23,5,58.5,60,0.975,0,0,1,0
22,2,61.9,100,0.619,0,0,1,1
12,7,67.0,100,0.67,1,0,0,1
15,2,53.8,80,0.6725,0,0,0,1
6,4,33.1,60,0.5516666666666666,0,0,0,1
9,6,13.1,60,0.21833333333333332,1,1,0,2
3,6,46.6,50,0.932,1,0,1,0
21,3,45.0,50,0.9,0,0,0,0
0,6,42.0,50,0.84,1,0,1,0
5,6,50.1,60,0.8350000000000001,1,0,1,0
18,1,58.8,60,0.98,0,1,0,0
3,5,31.3,60,0.5216666666666667,0,0,1,1
13,6,53.7,60,0.895,1,0,0,0
15,6,38.6,60,0.6433333333333333,1,0,0,1
9,5,15.3,60,0.255,0,1,0,2
10,1,29.3,60,0.48833333333333334,0,0,0,1
21,1,20.9,60,0.34833333333333333,0,0,0,2
8,2,36.4,60,0.6066666666666667,0,1,0,1
22,7,51.8,60,0.8633333333333333,1,0,1,0
3,1,28.2,50,0.564,0,0,1,1
9,6,70.2,80,0.8775000000000001,1,1,0,0
7,2,23.0,100,0.23,0,1,0,2
3,5,15.6,80,0.195,0,0,1,2
3,3,33.3,50,0.6659999999999999,0,0,1,1
17,2,18.1,60,0.3016666666666667,0,1,0,2
13,5,57.5,80,0.71875,0,0,0,1
22,4,78.4,80,0.9800000000000001,0,0,1,0
23,4,52.4,60,0.8733333333333333,0,0,1,0
11,5,69.3,80,0.86625,0,0,0,0
16,5,24.2,50,0.484,0,0,0,1
22,7,46.9,60,0.7816666666666666,1,0,1,0
21,7,67.0,80,0.8375,1,0,0,0
21,6,81.2,100,0.812,1,0,0,0
8,6,61.0,80,0.7625,1,1,0,0
2,7,36.6,60,0.61,1,0,1,1
14,7,22.9,50,0.45799999999999996,1,0,0,1
2,4,53.0,60,0.8833333333333333,0,0,1,0
20,7,38.3,60,0.6383333333333333,1,0,0,1
3,5,53.4,60,0.89,0,0,1,0
23,7,56.0,60,0.9333333333333333,1,0,1,0
19,6,54.1,100,0.541,1,1,0,1
20,1,56.2,60,0.9366666666666668,0,0,0,0
16,7,18.1,50,0.36200000000000004,1,0,0,2
7,2,17.3,50,0.34600000000000003,0,1,0,2
22,1,62.2,80,0.7775000000000001,0,0,1,0
5,1,53.3,60,0.8883333333333333,0,0,1,0
5,1,53.5,80,0.66875,0,0,1,1
13,3,75.1,80,0.93875,0,0,0,0
3,7,42.5,60,0.7083333333333334,1,0,1,1
17,6,41.6,60,0.6933333333333334,1,1,0,1
5,6,69.5,80,0.86875,1,0,1,0
16,6,5.8,30,0.19333333333333333,1,0,0,2
6,5,78.6,80,0.9824999999999999,0,0,0,0
13,3,52.8,80,0.6599999999999999,0,0,0,1
1,5,59.7,60,0.995,0,0,1,0
21,2,68.5,80,0.85625,0,0,0,0
16,1,49.6,60,0.8266666666666667,0,0,0,0
13,5,37.2,60,0.62,0,0,0,1
17,4,17.4,100,0.174,0,1,0,2
15,6,65.5,80,0.81875,1,0,0,0
19,4,7.8,60,0.13,0,1,0,2
8,7,48.2,60,0.8033333333333333,1,1,0,0
19,5,12.8,30,0.4266666666666667,0,1,0,2
2,1,73.9,80,0.9237500000000001,0,0,1,0
18,4,33.0,50,0.66,0,1,0,1
6,3,68.0,80,0.85,0,0,0,0
3,1,38.1,50,0.762,0,0,1,0
13,4,48.0,60,0.8,0,0,0,0
11,7,16.4,60,0.2733333333333333,1,0,0,2
11,7,41.0,50,0.82,1,0,0,0
6,7,47.4,60,0.7899999999999999,1,0,0,0
0,5,44.1,50,0.882,0,0,1,0
12,6,56.2,60,0.9366666666666668,1,0,0,0
19,2,28.6,80,0.35750000000000004,0,1,0,2
4,6,59.2,60,0.9866666666666667,1,0,1,0
9,4,42.1,60,0.7016666666666667,0,1,0,1
11,4,23.1,50,0.462,0,0,0,1
1,1,36.4,50,0.728,0,0,1,1
4,6,89.2,100,0.892,1,0,1,0
11,7,37.7,60,0.6283333333333334,1,0,0,1
10,5,53.3,80,0.66625,0,0,0,1
16,4,56.8,60,0.9466666666666667,0,0,0,0
5,3,52.4,60,0.8733333333333333,0,0,1,0
12,7,52.2,60,0.87,1,0,0,0
20,1,49.3,60,0.8216666666666667,0,0,0,0
21,5,24.5,50,0.49,0,0,0,1
17,6,32.6,60,0.5433333333333333,1,1,0,1
21,3,96.4,100,0.9640000000000001,0,0,0,0
4,7,56.4,60,0.94,1,0,1,0
5,1,87.3,100,0.873,0,0,1,0
16,5,47.9,100,0.479,0,0,0,1
18,6,45.8,80,0.5725,1,1,0,1
9,5,9.0,50,0.18,0,1,0,2
3,4,49.4,60,0.8233333333333334,0,0,1,0
13,1,22.2,60,0.37,0,0,0,2
7,1,36.2,100,0.36200000000000004,0,1,0,2
16,1,55.8,60,0.9299999999999999,0,0,0,0
5,6,79.7,80,0.9962500000000001,1,0,1,0
16,1,78.6,80,0.9824999999999999,0,0,0,0
14,3,18.0,30,0.6,0,0,0,1
22,3,89.2,100,0.892,0,0,1,0
0,4,7.9,30,0.26333333333333336,0,0,1,2
13,2,20.5,80,0.25625,0,0,0,2
19,7,31.4,60,0.5233333333333333,1,1,0,1
20,6,79.1,80,0.9887499999999999,1,0,0,0
8,7,43.8,80,0.5475,1,1,0,1
10,1,59.8,60,0.9966666666666666,0,0,0,0
0,5,40.4,50,0.8079999999999999,0,0,1,0
20,4,9.1,30,0.30333333333333334,0,0,0,2
9,2,11.1,30,0.37,0,1,0,2
19,3,16.6,60,0.27666666666666667,0,1,0,2
11,1,86.8,100,0.868,0,0,0,0
15,3,53.4,60,0.89,0,0,0,0
18,4,18.0,60,0.3,0,1,0,2
7,3,69.2,100,0.6920000000000001,0,1,0,1
12,7,30.6,60,0.51,1,0,0,1
21,7,42.1,60,0.7016666666666667,1,0,0,1
16,5,53.6,60,0.8933333333333333,0,0,0,0
21,3,56.8,60,0.9466666666666667,0,0,0,0
17,6,59.0,60,0.9833333333333333,1,1,0,0
13,1,37.8,50,0.7559999999999999,0,0,0,0
0,6,94.8,100,0.948,1,0,1,0
9,4,18.6,50,0.37200000000000005,0,1,0,2
21,3,72.9,80,0.9112500000000001,0,0,0,0
10,4,43.3,50,0.866,0,0,0,0
12,2,63.8,100,0.638,0,0,0,1
13,7,9.8,80,0.12250000000000001,1,0,0,2
22,2,51.3,60,0.855,0,0,1,0
22,6,44.8,50,0.8959999999999999,1,0,1,0
15,6,49.6,60,0.8266666666666667,1,0,0,0
21,2,76.0,80,0.95,0,0,0,0
9,3,5.4,50,0.10800000000000001,0,1,0,2
4,2,61.1,80,0.76375,0,0,1,0
23,3,46.2,60,0.77,0,0,1,0
13,6,29.5,50,0.59,1,0,0,1
0,7,68.8,80,0.86,1,0,1,0
5,7,69.1,80,0.8637499999999999,1,0,1,0
2,2,97.3,100,0.973,0,0,1,0
8,1,19.1,60,0.31833333333333336,0,1,0,2
17,4,24.7,60,0.4116666666666667,0,1,0,2
17,2,44.3,60,0.7383333333333333,0,1,0,1
16,2,48.3,60,0.8049999999999999,0,0,0,0
22,2,58.0,60,0.9666666666666667,0,0,1,0
9,1,15.5,60,0.25833333333333336,0,1,0,2
6,5,41.8,50,0.836,0,0,0,0
20,1,47.7,60,0.795,0,0,0,0
6,7,42.7,50,0.8540000000000001,1,0,0,0
17,7,8.8,50,0.17600000000000002,1,1,0,2
15,1,59.4,60,0.99,0,0,0,0
13,3,66.0,100,0.66,0,0,0,1
5,6,50.9,60,0.8483333333333333,1,0,1,0
6,5,42.0,50,0.84,0,0,0,0
10,1,39.7,60,0.6616666666666667,0,0,0,1
10,1,23.8,60,0.39666666666666667,0,0,0,2
4,5,62.9,80,0.78625,0,0,1,0
7,5,10.9,50,0.218,0,1,0,2
2,2,40.1,50,0.802,0,0,1,0
11,5,58.2,80,0.7275,0,0,0,1
14,7,73.9,80,0.9237500000000001,1,0,0,0
19,2,5.4,50,0.10800000000000001,0,1,0,2
1,2,47.7,60,0.795,0,0,1,0
15,5,53.1,60,0.885,0,0,0,0
4,2,24.9,30,0.83,0,0,1,0
3,5,32.8,60,0.5466666666666666,0,0,1,1
1,2,96.3,100,0.963,0,0,1,0
2,3,70.9,80,0.8862500000000001,0,0,1,0
2,2,49.2,60,0.8200000000000001,0,0,1,0
0,6,76.6,80,0.9574999999999999,1,0,1,0
5,4,43.7,80,0.54625,0,0,1,1
0,7,26.6,30,0.8866666666666667,1,0,1,0
7,2,32.7,80,0.40875000000000006,0,1,0,2
17,5,14.1,60,0.235,0,1,0,2
17,2,7.8,60,0.13,0,1,0,2
9,3,45.5,60,0.7583333333333333,0,1,0,0
13,5,53.5,60,0.8916666666666667,0,0,0,0
21,5,49.5,50,0.99,0,0,0,0
12,3,51.8,60,0.8633333333333333,0,0,0,0
7,6,26.6,30,0.8866666666666667,1,1,0,0
12,6,50.6,60,0.8433333333333334,1,0,0,0
0,6,49.0,50,0.98,1,0,1,0
6,5,42.4,50,0.848,0,0,0,0
10,6,51.7,60,0.8616666666666667,1,0,0,0
22,3,58.9,60,0.9816666666666667,0,0,1,0
6,7,37.3,60,0.6216666666666666,1,0,0,1
3,2,78.9,80,0.9862500000000001,0,0,1,0
17,7,40.1,60,0.6683333333333333,1,1,0,1
8,4,39.9,80,0.49874999999999997,0,1,0,1
16,4,40.2,50,0.804,0,0,0,0
13,7,58.4,60,0.9733333333333333,1,0,0,0
2,7,57.7,60,0.9616666666666667,1,0,1,0
12,3,45.6,60,0.76,0,0,0,0
11,6,18.6,30,0.62,1,0,0,1
3,6,28.5,30,0.95,1,0,1,0
14,5,20.6,50,0.41200000000000003,0,0,0,2
23,4,59.1,60,0.985,0,0,1,0
22,3,53.4,60,0.89,0,0,1,0
10,5,27.1,80,0.33875,0,0,0,2
6,2,51.1,60,0.8516666666666667,0,0,0,0
18,7,46.6,60,0.7766666666666667,1,1,0,0
20,3,39.7,50,0.794,0,0,0,0
5,2,68.3,80,0.85375,0,0,1,0
3,1,55.7,60,0.9283333333333333,0,0,1,0
2,3,42.1,50,0.8420000000000001,0,0,1,0
10,5,66.0,80,0.825,0,0,0,0
17,4,18.5,60,0.30833333333333335,0,1,0,2
10,2,33.9,60,0.565,0,0,0,1
17,5,5.7,30,0.19,0,1,0,2
3,4,52.6,60,0.8766666666666667,0,0,1,0
5,4,48.2,60,0.8033333333333333,0,0,1,0
19,7,45.7,80,0.57125,1,1,0,1
11,4,52.8,60,0.88,0,0,0,0
14,6,9.5,80,0.11875,1,0,0,2
23,2,52.8,60,0.88,0,0,1,0
10,6,56.9,100,0.569,1,0,0,1
20,6,51.1,80,0.63875,1,0,0,1
18,5,25.6,30,0.8533333333333334,0,1,0,0
2,6,65.1,100,0.6509999999999999,1,0,1,1
16,3,21.9,50,0.43799999999999994,0,0,0,2
21,3,75.3,100,0.753,0,0,0,0
1,3,92.4,100,0.924,0,0,1,0
11,3,12.0,50,0.24,0,0,0,2
5,6,38.0,60,0.6333333333333333,1,0,1,1
11,3,41.4,50,0.828,0,0,0,0
8,7,45.3,60,0.755,1,1,0,0
14,3,28.6,50,0.5720000000000001,0,0,0,1
17,2,17.5,80,0.21875,0,1,0,2
3,5,45.9,50,0.9179999999999999,0,0,1,0
9,6,11.5,60,0.19166666666666668,1,1,0,2
18,5,30.8,80,0.385,0,1,0,2
0,1,50.2,60,0.8366666666666667,0,0,1,0
0,2,46.0,60,0.7666666666666667,0,0,1,0
6,2,50.2,60,0.8366666666666667,0,0,0,0
21,1,42.8,80,0.5349999999999999,0,0,0,1
5,2,45.0,60,0.75,0,0,1,0
15,2,74.5,80,0.93125,0,0,0,0
22,4,38.9,50,0.778,0,0,1,0
17,1,37.5,60,0.625,0,1,0,1
3,1,35.7,60,0.5950000000000001,0,0,1,1
19,3,28.5,50,0.57,0,1,0,1
15,4,35.1,50,0.7020000000000001,0,0,0,1
17,1,12.6,100,0.126,0,1,0,2
0,3,61.3,80,0.76625,0,0,1,0
1,7,46.6,50,0.932,1,0,1,0
13,1,47.9,80,0.59875,0,0,0,1
22,3,55.0,60,0.9166666666666666,0,0,1,0
13,4,72.2,80,0.9025000000000001,0,0,0,0
5,1,52.4,60,0.8733333333333333,0,0,1,0
15,4,40.9,50,0.818,0,0,0,0
2,5,56.3,60,0.9383333333333332,0,0,1,0
23,2,53.9,60,0.8983333333333333,0,0,1,0
17,7,47.4,50,0.948,1,1,0,0
16,4,45.8,50,0.9159999999999999,0,0,0,0
14,3,46.1,60,0.7683333333333333,0,0,0,0
7,1,15.3,50,0.306,0,1,0,2
2,6,55.6,60,0.9266666666666666,1,0,1,0
3,1,28.5,50,0.57,0,0,1,1
22,6,44.7,50,0.894,1,0,1,0
8,2,46.4,100,0.46399999999999997,0,1,0,1
13,5,29.8,50,0.596,0,0,0,1
7,6,23.9,30,0.7966666666666666,1,1,0,0
4,3,48.2,60,0.8033333333333333,0,0,1,0
23,4,19.0,50,0.38,0,0,1,2
13,6,23.3,60,0.38833333333333336,1,0,0,2
18,4,17.9,100,0.179,0,1,0,2
7,7,73.4,80,0.9175000000000001,1,1,0,0
3,4,35.7,60,0.5950000000000001,0,0,1,1
13,5,12.1,100,0.121,0,0,0,2
7,6,47.2,60,0.7866666666666667,1,1,0,0
8,3,21.0,30,0.7,0,1,0,1
17,6,51.6,60,0.86,1,1,0,0
12,1,11.9,30,0.39666666666666667,0,0,0,2
1,5,45.2,50,0.904,0,0,1,0
1,3,57.9,60,0.965,0,0,1,0
13,3,42.9,50,0.858,0,0,0,0
5,5,53.5,60,0.8916666666666667,0,0,1,0
1,6,46.8,80,0.585,1,0,1,1
15,3,42.8,50,0.856,0,0,0,0
15,6,15.5,50,0.31,1,0,0,2
10,7,49.6,50,0.992,1,0,0,0
0,5,72.1,80,0.9012499999999999,0,0,1,0
4,2,27.1,30,0.9033333333333334,0,0,1,0
21,6,79.7,80,0.9962500000000001,1,0,0,0
11,6,18.3,60,0.305,1,0,0,2
9,5,36.7,50,0.7340000000000001,0,1,0,1
3,1,46.5,60,0.775,0,0,1,0
22,7,50.4,60,0.84,1,0,1,0
1,2,68.4,80,0.8550000000000001,0,0,1,0
9,6,40.7,60,0.6783333333333333,1,1,0,1
22,4,47.1,50,0.9420000000000001,0,0,1,0
15,2,37.5,80,0.46875,0,0,0,1
18,2,28.1,50,0.562,0,1,0,1
11,4,56.0,60,0.9333333333333333,0,0,0,0
12,3,14.1,60,0.235,0,0,0,2
23,6,49.5,50,0.99,1,0,1,0
12,4,24.7,30,0.8233333333333334,0,0,0,0
6,7,25.4,30,0.8466666666666666,1,0,0,0
15,3,45.1,60,0.7516666666666667,0,0,0,0
6,5,51.7,60,0.8616666666666667,0,0,0,0
4,4,65.3,80,0.8162499999999999,0,0,1,0
21,2,59.5,60,0.9916666666666667,0,0,0,0
12,6,35.5,50,0.71,1,0,0,1
7,2,24.0,100,0.24,0,1,0,2
22,4,41.2,50,0.8240000000000001,0,0,1,0
12,7,21.9,100,0.21899999999999997,1,0,0,2
11,2,39.0,60,0.65,0,0,0,1
9,6,27.4,60,0.45666666666666667,1,1,0,1
14,3,38.6,50,0.772,0,0,0,0
8,1,41.5,100,0.415,0,1,0,2
1,2,54.7,60,0.9116666666666667,0,0,1,0
4,5,71.4,80,0.8925000000000001,0,0,1,0
15,2,25.2,80,0.315,0,0,0,2
8,4,20.9,100,0.209,0,1,0,2
12,6,18.4,60,0.30666666666666664,1,0,0,2
6,3,55.4,60,0.9233333333333333,0,0,0,0
16,1,44.0,50,0.88,0,0,0,0
8,3,33.5,50,0.67,0,1,0,1
4,2,43.2,80,0.54,0,0,1,1
5,3,31.7,60,0.5283333333333333,0,0,1,1
22,1,55.1,80,0.68875,0,0,1,1
10,3,40.9,60,0.6816666666666666,0,0,0,1
20,5,54.9,60,0.9149999999999999,0,0,0,0
19,5,30.7,100,0.307,0,1,0,2
14,3,27.4,30,0.9133333333333333,0,0,0,0
3,4,62.1,80,0.77625,0,0,1,0
3,7,57.9,60,0.965,1,0,1,0
12,7,18.9,30,0.63,1,0,0,1
19,2,13.1,60,0.21833333333333332,0,1,0,2
21,6,47.7,60,0.795,1,0,0,0
15,5,48.1,50,0.9620000000000001,0,0,0,0
13,2,15.0,60,0.25,0,0,0,2
1,3,49.0,60,0.8166666666666667,0,0,1,0
12,7,45.9,60,0.765,1,0,0,0
10,3,22.6,30,0.7533333333333334,0,0,0,0
3,5,45.9,50,0.9179999999999999,0,0,1,0
11,4,20.7,60,0.345,0,0,0,2
23,7,45.4,60,0.7566666666666666,1,0,1,0
22,2,62.2,80,0.7775000000000001,0,0,1,0
1,1,47.1,60,0.785,0,0,1,0
15,1,86.6,100,0.866,0,0,0,0
14,3,44.1,60,0.735,0,0,0,1
4,7,86.8,100,0.868,1,0,1,0
8,1,10.8,100,0.10800000000000001,0,1,0,2
13,2,36.8,60,0.6133333333333333,0,0,0,1
21,1,66.6,100,0.6659999999999999,0,0,0,1
4,3,41.5,80,0.51875,0,0,1,1
10,3,8.1,60,0.13499999999999998,0,0,0,2
23,2,51.7,60,0.8616666666666667,0,0,1,0
16,2,45.9,60,0.765,0,0,0,0
23,5,45.2,60,0.7533333333333334,0,0,1,0
15,7,56.6,60,0.9433333333333334,1,0,0,0
20,7,15.1,60,0.25166666666666665,1,0,0,2
16,4,95.8,100,0.958,0,0,0,0
0,1,30.6,50,0.612,0,0,1,1
4,4,56.2,60,0.9366666666666668,0,0,1,0
6,6,54.2,60,0.9033333333333334,1,0,0,0
9,7,63.3,80,0.79125,1,1,0,0
0,3,54.5,60,0.9083333333333333,0,0,1,0
5,4,47.8,50,0.956,0,0,1,0
9,7,57.5,60,0.9583333333333334,1,1,0,0
2,5,44.7,50,0.894,0,0,1,0
11,7,32.5,50,0.65,1,0,0,1
23,2,91.9,100,0.919,0,0,1,0
1,3,36.2,60,0.6033333333333334,0,0,1,1
10,4,21.8,50,0.436,0,0,0,2
11,4,52.2,80,0.6525000000000001,0,0,0,1
23,3,58.6,60,0.9766666666666667,0,0,1,0
3,5,23.1,50,0.462,0,0,1,1
16,4,26.6,30,0.8866666666666667,0,0,0,0
11,7,74.7,80,0.9337500000000001,1,0,0,0
1,3,59.3,60,0.9883333333333333,0,0,1,0
23,2,45.1,50,0.902,0,0,1,0
4,3,93.5,100,0.935,0,0,1,0
6,2,34.7,60,0.5783333333333334,0,0,0,1
16,7,7.9,60,0.13166666666666668,1,0,0,2
17,7,91.3,100,0.9129999999999999,1,1,0,0
5,3,47.6,60,0.7933333333333333,0,0,1,0
8,5,14.0,50,0.28,0,1,0,2
3,4,76.4,100,0.764,0,0,1,0
21,4,44.1,50,0.882,0,0,0,0
5,4,53.8,60,0.8966666666666666,0,0,1,0
7,1,54.6,80,0.6825,0,1,0,1
11,6,43.1,60,0.7183333333333334,1,0,0,1
14,1,16.5,60,0.275,0,0,0,2
12,3,57.2,80,0.7150000000000001,0,0,0,1
15,4,30.6,60,0.51,0,0,0,1
17,2,16.1,60,0.26833333333333337,0,1,0,2
5,5,58.8,60,0.98,0,0,1,0
4,3,51.5,60,0.8583333333333333,0,0,1,0
22,1,48.9,60,0.815,0,0,1,0
17,7,49.4,60,0.8233333333333334,1,1,0,0
8,6,34.8,50,0.696,1,1,0,1
9,3,35.3,50,0.706,0,1,0,1
22,5,22.9,50,0.45799999999999996,0,0,1,1
3,3,25.5,30,0.85,0,0,1,0
21,4,82.1,100,0.821,0,0,0,0
4,3,47.8,60,0.7966666666666666,0,0,1,0
0,1,45.0,60,0.75,0,0,1,0
11,4,38.0,60,0.6333333333333333,0,0,0,1
6,7,48.9,60,0.815,1,0,0,0
10,3,35.4,60,0.59,0,0,0,1
22,6,35.6,60,0.5933333333333334,1,0,1,1
16,2,59.5,60,0.9916666666666667,0,0,0,0
3,3,23.8,30,0.7933333333333333,0,0,1,0
1,5,38.0,60,0.6333333333333333,0,0,1,1
2,1,23.2,30,0.7733333333333333,0,0,1,0
16,2,38.9,50,0.778,0,0,0,0
17,6,28.1,60,0.4683333333333334,1,1,0,1
2,4,59.9,60,0.9983333333333333,0,0,1,0
22,3,57.5,60,0.9583333333333334,0,0,1,0
10,4,83.4,100,0.8340000000000001,0,0,0,0
1,2,26.5,30,0.8833333333333333,0,0,1,0
13,4,67.7,80,0.8462500000000001,0,0,0,0
1,7,56.7,60,0.9450000000000001,1,0,1,0
6,1,18.6,30,0.62,0,0,0,1
16,5,42.1,60,0.7016666666666667,0,0,0,1
18,3,16.8,60,0.28,0,1,0,2
16,5,65.1,80,0.81375,0,0,0,0
10,4,74.3,80,0.92875,0,0,0,0
16,6,28.2,50,0.564,1,0,0,1
4,4,39.4,50,0.7879999999999999,0,0,1,0
16,1,31.6,60,0.5266666666666667,0,0,0,1
1,3,61.9,80,0.7737499999999999,0,0,1,0
21,5,46.3,50,0.9259999999999999,0,0,0,0
13,5,98.3,100,0.983,0,0,0,0
20,1,17.8,60,0.2966666666666667,0,0,0,2
18,6,65.8,80,0.8225,1,1,0,0
19,1,36.0,50,0.72,0,1,0,1
9,6,59.6,60,0.9933333333333334,1,1,0,0
3,6,65.5,80,0.81875,1,0,1,0
11,6,30.9,50,0.618,1,0,0,1
17,6,15.2,30,0.5066666666666666,1,1,0,1
4,7,49.6,60,0.8266666666666667,1,0,1,0
11,5,47.2,60,0.7866666666666667,0,0,0,0
6,4,93.8,100,0.938,0,0,0,0
22,4,56.0,60,0.9333333333333333,0,0,1,0
13,5,38.6,60,0.6433333333333333,0,0,0,1
14,3,19.1,60,0.31833333333333336,0,0,0,2
4,3,75.1,100,0.7509999999999999,0,0,1,0
12,5,20.7,50,0.414,0,0,0,2
3,5,48.4,60,0.8066666666666666,0,0,1,0
8,6,45.1,50,0.902,1,1,0,0
4,6,43.1,80,0.5387500000000001,1,0,1,1
10,5,11.3,100,0.113,0,0,0,2
12,4,59.9,60,0.9983333333333333,0,0,0,0
20,1,46.8,60,0.7799999999999999,0,0,0,0
15,6,14.8,30,0.49333333333333335,1,0,0,1
15,5,71.0,80,0.8875,0,0,0,0
21,7,47.7,50,0.9540000000000001,1,0,0,0
21,7,15.1,60,0.25166666666666665,1,0,0,2
1,7,55.9,60,0.9316666666666666,1,0,1,0
12,3,22.7,80,0.28375,0,0,0,2
18,1,35.8,60,0.5966666666666666,0,1,0,1
11,3,57.5,60,0.9583333333333334,0,0,0,0
8,2,46.8,100,0.46799999999999997,0,1,0,1
17,5,18.7,30,0.6233333333333333,0,1,0,1
9,5,8.4,30,0.28,0,1,0,2
15,3,65.1,80,0.81375,0,0,0,0
18,5,52.8,80,0.6599999999999999,0,1,0,1
4,1,41.7,60,0.6950000000000001,0,0,1,1
13,3,44.1,80,0.55125,0,0,0,1
23,4,94.2,100,0.9420000000000001,0,0,1,0
13,6,37.6,80,0.47000000000000003,1,0,0,1
12,6,35.9,50,0.718,1,0,0,1
1,3,50.1,60,0.8350000000000001,0,0,1,0
22,1,42.0,50,0.84,0,0,1,0
0,7,64.6,80,0.8074999999999999,1,0,1,0
20,3,22.8,30,0.76,0,0,0,0
17,7,27.4,80,0.34249999999999997,1,1,0,2
19,6,55.7,100,0.557,1,1,0,1
9,4,9.4,50,0.188,0,1,0,2
17,2,49.1,50,0.982,0,1,0,0
15,1,62.7,80,0.7837500000000001,0,0,0,0
7,1,23.0,50,0.46,0,1,0,1
0,3,48.1,60,0.8016666666666666,0,0,1,0
19,2,19.8,30,0.66,0,1,0,1
19,3,11.1,50,0.222,0,1,0,2
2,6,39.2,50,0.784,1,0,1,0
13,1,51.0,60,0.85,0,0,0,0
9,4,21.2,60,0.35333333333333333,0,1,0,2
20,2,58.6,60,0.9766666666666667,0,0,0,0
5,5,66.5,80,0.83125,0,0,1,0
8,1,25.4,60,0.4233333333333333,0,1,0,2
5,7,53.4,60,0.89,1,0,1,0
12,3,23.6,60,0.39333333333333337,0,0,0,2
16,1,37.0,50,0.74,0,0,0,1
23,3,23.5,100,0.235,0,0,1,2
13,2,29.7,60,0.495,0,0,0,1
18,5,12.5,30,0.4166666666666667,0,1,0,2
5,6,4.4,30,0.14666666666666667,1,0,1,2
16,5,49.6,80,0.62,0,0,0,1
18,6,53.6,60,0.8933333333333333,1,1,0,0
14,5,13.4,60,0.22333333333333333,0,0,0,2
12,7,40.3,80,0.5037499999999999,1,0,0,1
6,7,20.7,100,0.207,1,0,0,2
3,7,62.9,100,0.629,1,0,1,1
2,3,78.9,80,0.9862500000000001,0,0,1,0
6,3,52.1,60,0.8683333333333334,0,0,0,0
22,5,55.7,60,0.9283333333333333,0,0,1,0
8,5,13.8,60,0.23,0,1,0,2
21,6,25.0,30,0.8333333333333334,1,0,0,0
5,4,56.3,60,0.9383333333333332,0,0,1,0
12,7,14.3,30,0.4766666666666667,1,0,0,1
6,4,86.8,100,0.868,0,0,0,0
12,2,13.5,100,0.135,0,0,0,2
15,5,24.4,100,0.244,0,0,0,2
23,7,7.4,60,0.12333333333333334,1,0,1,2
4,6,69.0,80,0.8625,1,0,1,0
23,3,41.4,50,0.828,0,0,1,0
16,5,44.7,50,0.894,0,0,0,0
8,2,28.1,100,0.281,0,1,0,2
1,3,75.6,80,0.945,0,0,1,0
22,4,7.5,50,0.15,0,0,1,2
2,3,52.5,60,0.875,0,0,1,0
19,6,24.1,60,0.40166666666666667,1,1,0,2
8,3,12.7,30,0.4233333333333333,0,1,0,2
10,5,55.3,60,0.9216666666666666,0,0,0,0
8,6,27.3,60,0.455,1,1,0,1
4,5,61.5,80,0.76875,0,0,1,0
17,3,4.0,30,0.13333333333333333,0,1,0,2
6,3,57.7,60,0.9616666666666667,0,0,0,0
5,7,50.6,60,0.8433333333333334,1,0,1,0
15,6,44.3,60,0.7383333333333333,1,0,0,1
19,6,31.1,50,0.622,1,1,0,1
14,7,33.0,80,0.4125,1,0,0,2
0,7,50.7,60,0.8450000000000001,1,0,1,0
10,2,73.2,80,0.915,0,0,0,0
11,1,16.1,60,0.26833333333333337,0,0,0,2
21,1,45.5,100,0.455,0,0,0,1
3,6,64.6,80,0.8074999999999999,1,0,1,0
23,5,34.1,60,0.5683333333333334,0,0,1,1
14,3,19.7,80,0.24625,0,0,0,2
15,7,32.3,60,0.5383333333333333,1,0,0,1
7,3,20.4,60,0.33999999999999997,0,1,0,2
14,5,9.2,30,0.30666666666666664,0,0,0,2
9,1,17.0,60,0.2833333333333333,0,1,0,2
8,2,30.5,60,0.5083333333333333,0,1,0,1
2,3,39.7,50,0.794,0,0,1,0
9,4,36.6,80,0.4575,0,1,0,1
22,1,40.3,50,0.8059999999999999,0,0,1,0
12,7,93.7,100,0.937,1,0,0,0
6,2,60.1,80,0.75125,0,0,0,0
3,3,39.2,80,0.49000000000000005,0,0,1,1
22,4,58.9,60,0.9816666666666667,0,0,1,0
14,2,39.0,50,0.78,0,0,0,0
8,2,16.9,60,0.2816666666666666,0,1,0,2
3,5,47.8,50,0.956,0,0,1,0
14,3,75.6,80,0.945,0,0,0,0
10,4,53.6,60,0.8933333333333333,0,0,0,0
23,2,45.6,60,0.76,0,0,1,0
21,5,59.2,60,0.9866666666666667,0,0,0,0
16,5,34.1,50,0.682,0,0,0,1
22,5,46.6,60,0.7766666666666667,0,0,1,0
9,3,17.3,60,0.28833333333333333,0,1,0,2
21,5,22.7,50,0.45399999999999996,0,0,0,1
11,6,18.8,30,0.6266666666666667,1,0,0,1
2,2,38.5,60,0.6416666666666667,0,0,1,1
19,4,37.9,50,0.758,0,1,0,0
2,3,56.3,60,0.9383333333333332,0,0,1,0
5,7,43.3,60,0.7216666666666666,1,0,1,1
7,7,78.3,80,0.97875,1,1,0,0
14,4,98.0,100,0.98,0,0,0,0
17,3,34.9,50,0.698,0,1,0,1
8,2,57.0,100,0.57,0,1,0,1
8,2,9.2,60,0.15333333333333332,0,1,0,2
3,6,45.9,60,0.765,1,0,1,0
15,3,27.2,60,0.4533333333333333,0,0,0,1
4,2,38.2,60,0.6366666666666667,0,0,1,1
19,4,22.7,100,0.22699999999999998,0,1,0,2
10,3,64.9,100,0.649,0,0,0,1
17,2,42.6,60,0.7100000000000001,0,1,0,1
19,7,8.4,50,0.168,1,1,0,2
2,4,41.5,60,0.6916666666666667,0,0,1,1
19,5,25.3,60,0.4216666666666667,0,1,0,2
10,1,63.7,80,0.79625,0,0,0,0
17,1,11.9,30,0.39666666666666667,0,1,0,2
16,6,54.8,80,0.6849999999999999,1,0,0,1
21,4,45.4,50,0.9079999999999999,0,0,0,0
10,5,23.3,60,0.38833333333333336,0,0,0,2
19,5,18.3,80,0.22875,0,1,0,2
21,2,45.1,50,0.902,0,0,0,0
8,1,7.1,30,0.23666666666666666,0,1,0,2
4,5,86.6,100,0.866,0,0,1,0
20,5,78.0,80,0.975,0,0,0,0
12,6,49.0,60,0.8166666666666667,1,0,0,0
22,3,98.2,100,0.982,0,0,1,0
11,2,28.8,60,0.48000000000000004,0,0,0,1
1,3,40.8,50,0.816,0,0,1,0
3,1,64.4,80,0.805,0,0,1,0
13,7,25.2,30,0.84,1,0,0,0
22,2,53.9,60,0.8983333333333333,0,0,1,0
22,2,43.6,60,0.7266666666666667,0,0,1,1
20,5,23.9,30,0.7966666666666666,0,0,0,0
9,6,23.7,50,0.474,1,1,0,1
14,7,42.1,60,0.7016666666666667,1,0,0,1
16,1,16.4,100,0.16399999999999998,0,0,0,2
10,1,41.4,80,0.5175,0,0,0,1
4,2,63.8,80,0.7975,0,0,1,0
23,6,28.2,50,0.564,1,0,1,1
0,5,58.3,60,0.9716666666666666,0,0,1,0
1,6,53.7,60,0.895,1,0,1,0
4,1,49.1,60,0.8183333333333334,0,0,1,0
14,2,18.4,50,0.368,0,0,0,2
9,4,70.2,100,0.7020000000000001,0,1,0,1
1,7,39.8,50,0.7959999999999999,1,0,1,0
23,1,90.3,100,0.903,0,0,1,0
8,6,35.1,60,0.5850000000000001,1,1,0,1
0,1,40.9,60,0.6816666666666666,0,0,1,1
22,6,58.6,60,0.9766666666666667,1,0,1,0
22,6,42.1,50,0.8420000000000001,1,0,1,0
12,5,46.6,80,0.5825,0,0,0,1
22,3,43.3,50,0.866,0,0,1,0
13,1,55.4,60,0.9233333333333333,0,0,0,0
3,7,17.6,30,0.5866666666666667,1,0,1,1
1,7,53.0,60,0.8833333333333333,1,0,1,0
13,6,48.9,60,0.815,1,0,0,0
13,2,30.2,60,0.5033333333333333,0,0,0,1
15,6,69.8,100,0.698,1,0,0,1
17,6,31.3,60,0.5216666666666667,1,1,0,1
15,7,50.9,60,0.8483333333333333,1,0,0,0
20,2,48.3,80,0.60375,0,0,0,1
9,7,44.0,50,0.88,1,1,0,0
5,2,44.7,80,0.5587500000000001,0,0,1,1
19,4,27.4,80,0.34249999999999997,0,1,0,2
12,4,25.3,50,0.506,0,0,0,1
10,4,24.4,30,0.8133333333333332,0,0,0,0
11,4,47.4,60,0.7899999999999999,0,0,0,0
18,2,20.6,80,0.2575,0,1,0,2
18,1,58.0,100,0.58,0,1,0,1
8,3,25.4,80,0.3175,0,1,0,2
8,2,3.6,30,0.12000000000000001,0,1,0,2
4,3,58.6,60,0.9766666666666667,0,0,1,0
0,4,96.8,100,0.968,0,0,1,0
9,2,55.8,80,0.6975,0,1,0,1
17,2,15.3,80,0.19125,0,1,0,2
3,5,43.5,50,0.87,0,0,1,0
19,5,16.6,50,0.332,0,1,0,2
17,7,55.7,80,0.69625,1,1,0,1
2,3,37.9,50,0.758,0,0,1,0
23,3,85.3,100,0.853,0,0,1,0
12,4,57.8,80,0.7224999999999999,0,0,0,1
22,5,26.0,60,0.43333333333333335,0,0,1,2
9,6,31.9,60,0.5316666666666666,1,1,0,1
11,4,8.0,60,0.13333333333333333,0,0,0,2
19,1,10.5,60,0.175,0,1,0,2
17,2,28.9,80,0.36124999999999996,0,1,0,2
17,6,38.9,50,0.778,1,1,0,0
2,6,28.3,30,0.9433333333333334,1,0,1,0
16,1,46.6,80,0.5825,0,0,0,1
7,3,38.5,80,0.48125,0,1,0,1
2,6,54.7,100,0.547,1,0,1,1
8,3,28.1,50,0.562,0,1,0,1
19,1,13.0,60,0.21666666666666667,0,1,0,2
14,2,49.2,80,0.615,0,0,0,1
8,6,40.3,50,0.8059999999999999,1,1,0,0
7,6,47.9,50,0.958,1,1,0,0
20,6,48.6,60,0.81,1,0,0,0
6,2,8.2,60,0.13666666666666666,0,0,0,2
12,7,59.5,60,0.9916666666666667,1,0,0,0
2,3,75.1,100,0.7509999999999999,0,0,1,0
13,3,29.5,30,0.9833333333333333,0,0,0,0
18,5,13.6,60,0.22666666666666666,0,1,0,2
22,7,25.1,30,0.8366666666666667,1,0,1,0
13,2,28.5,60,0.475,0,0,0,1
21,6,22.4,80,0.27999999999999997,1,0,0,2
5,4,41.4,100,0.414,0,0,1,2
3,3,21.8,30,0.7266666666666667,0,0,1,1
20,6,42.7,80,0.5337500000000001,1,0,0,1
9,7,71.8,80,0.8975,1,1,0,0
9,1,13.7,50,0.27399999999999997,0,1,0,2
1,6,9.5,80,0.11875,1,0,1,2
17,7,33.5,60,0.5583333333333333,1,1,0,1
22,4,49.5,60,0.825,0,0,1,0
4,7,50.3,60,0.8383333333333333,1,0,1,0
12,7,18.5,60,0.30833333333333335,1,0,0,2
5,5,58.6,60,0.9766666666666667,0,0,1,0
14,3,12.4,80,0.155,0,0,0,2
12,2,45.1,60,0.7516666666666667,0,0,0,0
19,5,18.1,50,0.36200000000000004,0,1,0,2
17,2,9.4,50,0.188,0,1,0,2
18,7,46.5,80,0.58125,1,1,0,1
1,3,45.7,60,0.7616666666666667,0,0,1,0
3,3,39.3,50,0.7859999999999999,0,0,1,0
6,1,42.3,50,0.846,0,0,0,0
7,1,6.0,60,0.1,0,1,0,2
21,2,28.9,60,0.48166666666666663,0,0,0,1
6,2,45.2,60,0.7533333333333334,0,0,0,0
11,7,18.1,80,0.22625,1,0,0,2
3,3,78.0,80,0.975,0,0,1,0
3,2,59.5,60,0.9916666666666667,0,0,1,0
5,7,22.8,60,0.38,1,0,1,2
16,7,24.2,60,0.4033333333333333,1,0,0,2
1,5,86.0,100,0.86,0,0,1,0
0,3,34.0,60,0.5666666666666667,0,0,1,1
8,3,20.4,60,0.33999999999999997,0,1,0,2
20,3,53.0,60,0.8833333333333333,0,0,0,0
14,4,57.8,60,0.9633333333333333,0,0,0,0
11,4,38.4,60,0.64,0,0,0,1
20,6,44.5,80,0.55625,1,0,0,1
15,2,22.2,100,0.222,0,0,0,2
7,2,7.9,50,0.158,0,1,0,2
6,7,77.3,100,0.773,1,0,0,0
12,4,38.7,50,0.774,0,0,0,0
8,6,54.2,100,0.542,1,1,0,1
4,1,45.6,50,0.912,0,0,1,0
13,4,7.0,60,0.11666666666666667,0,0,0,2
16,4,18.7,30,0.6233333333333333,0,0,0,1
6,7,26.1,30,0.87,1,0,0,0
21,3,24.8,80,0.31,0,0,0,2
5,4,27.6,30,0.92,0,0,1,0
0,3,46.0,50,0.92,0,0,1,0
15,6,25.4,50,0.508,1,0,0,1
20,2,48.6,60,0.81,0,0,0,0
17,1,3.2,30,0.10666666666666667,0,1,0,2
3,5,24.5,50,0.49,0,0,1,1
11,1,45.6,80,0.5700000000000001,0,0,0,1
21,1,53.8,60,0.8966666666666666,0,0,0,0
20,6,18.5,50,0.37,1,0,0,2
20,3,36.9,60,0.615,0,0,0,1
5,4,48.0,60,0.8,0,0,1,0
0,5,87.9,100,0.879,0,0,1,0
18,7,67.5,80,0.84375,1,1,0,0
6,1,28.9,30,0.9633333333333333,0,0,0,0
11,4,18.8,60,0.31333333333333335,0,0,0,2
16,7,43.6,60,0.7266666666666667,1,0,0,1
23,4,37.7,50,0.754,0,0,1,0
5,4,45.9,80,0.57375,0,0,1,1
14,7,54.7,60,0.9116666666666667,1,0,0,0
18,5,45.1,60,0.7516666666666667,0,1,0,0
6,3,51.9,100,0.519,0,0,0,1
9,5,28.5,100,0.285,0,1,0,2
9,3,19.8,80,0.2475,0,1,0,2
11,1,20.9,60,0.34833333333333333,0,0,0,2
0,6,46.6,50,0.932,1,0,1,0
22,6,46.0,50,0.92,1,0,1,0
2,5,76.8,80,0.96,0,0,1,0
23,2,50.9,60,0.8483333333333333,0,0,1,0
7,6,38.4,50,0.768,1,1,0,0
15,7,19.4,30,0.6466666666666666,1,0,0,1
12,4,77.8,100,0.778,0,0,0,0
16,5,53.5,60,0.8916666666666667,0,0,0,0
7,2,24.0,80,0.3,0,1,0,2
18,7,18.3,30,0.61,1,1,0,1
16,4,54.8,60,0.9133333333333333,0,0,0,0
5,6,72.5,80,0.90625,1,0,1,0
12,7,9.2,30,0.30666666666666664,1,0,0,2
14,7,43.5,100,0.435,1,0,0,2
7,3,32.5,60,0.5416666666666666,0,1,0,1
14,1,53.8,60,0.8966666666666666,0,0,0,0
21,6,45.4,60,0.7566666666666666,1,0,0,0
18,4,17.4,60,0.29,0,1,0,2
9,3,31.2,60,0.52,0,1,0,1
23,1,53.9,60,0.8983333333333333,0,0,1,0
20,7,27.0,80,0.3375,1,0,0,2
13,6,17.1,60,0.28500000000000003,1,0,0,2
11,6,66.3,80,0.82875,1,0,0,0
9,2,68.9,80,0.8612500000000001,0,1,0,0
9,3,9.9,60,0.165,0,1,0,2
12,1,49.6,50,0.992,0,0,0,0
19,3,3.7,30,0.12333333333333334,0,1,0,2
0,3,48.0,60,0.8,0,0,1,0
19,2,6.4,60,0.10666666666666667,0,1,0,2
21,7,23.3,80,0.29125,1,0,0,2
15,1,16.3,60,0.27166666666666667,0,0,0,2
3,7,38.6,50,0.772,1,0,1,0
20,5,56.0,80,0.7,0,0,0,1
10,1,35.4,50,0.708,0,0,0,1
22,7,67.1,100,0.6709999999999999,1,0,1,1
15,2,28.9,80,0.36124999999999996,0,0,0,2
18,6,18.7,50,0.374,1,1,0,2
18,7,46.0,50,0.92,1,1,0,0
12,2,15.1,50,0.302,0,0,0,2
23,4,59.6,60,0.9933333333333334,0,0,1,0
17,7,9.6,60,0.16,1,1,0,2
9,2,9.1,50,0.182,0,1,0,2
18,1,38.8,60,0.6466666666666666,0,1,0,1
22,1,71.5,80,0.89375,0,0,1,0
2,1,29.6,30,0.9866666666666667,0,0,1,0
13,3,39.5,60,0.6583333333333333,0,0,0,1
9,6,43.2,50,0.8640000000000001,1,1,0,0
2,4,48.9,50,0.978,0,0,1,0
12,6,50.7,60,0.8450000000000001,1,0,0,0
22,7,50.5,100,0.505,1,0,1,1
17,2,21.7,50,0.434,0,1,0,2
3,3,54.4,60,0.9066666666666666,0,0,1,0
16,5,47.5,60,0.7916666666666666,0,0,0,0
17,5,12.8,30,0.4266666666666667,0,1,0,2
8,3,18.6,50,0.37200000000000005,0,1,0,2
4,4,54.6,60,0.91,0,0,1,0
7,6,24.9,30,0.83,1,1,0,0
13,4,55.8,100,0.5579999999999999,0,0,0,1
19,3,21.9,60,0.365,0,1,0,2
4,1,42.4,50,0.848,0,0,1,0
16,4,45.4,50,0.9079999999999999,0,0,0,0
1,1,66.1,80,0.8262499999999999,0,0,1,0
2,3,57.1,60,0.9516666666666667,0,0,1,0
18,7,19.0,60,0.31666666666666665,1,1,0,2
13,6,33.6,60,0.56,1,0,0,1
4,7,31.8,50,0.636,1,0,1,1
22,7,23.9,30,0.7966666666666666,1,0,1,0
4,7,57.5,60,0.9583333333333334,1,0,1,0
0,2,58.2,60,0.9700000000000001,0,0,1,0
12,3,56.7,60,0.9450000000000001,0,0,0,0
10,7,29.7,60,0.495,1,0,0,1
0,2,92.6,100,0.9259999999999999,0,0,1,0
5,1,77.3,100,0.773,0,0,1,0
0,7,43.2,50,0.8640000000000001,1,0,1,0
15,3,46.1,60,0.7683333333333333,0,0,0,0
14,2,43.3,60,0.7216666666666666,0,0,0,1
4,1,68.2,80,0.8525,0,0,1,0
22,1,56.9,60,0.9483333333333334,0,0,1,0
10,6,18.5,30,0.6166666666666667,1,0,0,1
14,7,44.9,50,0.898,1,0,0,0
13,6,25.3,30,0.8433333333333334,1,0,0,0
3,2,49.7,60,0.8283333333333334,0,0,1,0
3,1,49.0,60,0.8166666666666667,0,0,1,0
20,1,45.2,60,0.7533333333333334,0,0,0,0
3,6,24.2,30,0.8066666666666666,1,0,1,0
5,2,55.9,60,0.9316666666666666,0,0,1,0
15,3,25.7,30,0.8566666666666667,0,0,0,0
7,7,53.8,60,0.8966666666666666,1,1,0,0
1,3,28.7,60,0.47833333333333333,0,0,1,1
21,1,23.9,50,0.478,0,0,0,1
13,1,56.5,80,0.70625,0,0,0,1
12,5,92.4,100,0.924,0,0,0,0
15,3,58.9,60,0.9816666666666667,0,0,0,0
19,7,21.8,80,0.2725,1,1,0,2
12,2,26.8,50,0.536,0,0,0,1
21,4,72.8,80,0.9099999999999999,0,0,0,0
10,6,44.4,80,0.5549999999999999,1,0,0,1
2,6,47.6,50,0.9520000000000001,1,0,1,0
5,4,88.5,100,0.885,0,0,1,0
4,2,75.9,80,0.9487500000000001,0,0,1,0
20,1,59.9,60,0.9983333333333333,0,0,0,0
5,5,23.6,30,0.7866666666666667,0,0,1,0
1,1,23.5,30,0.7833333333333333,0,0,1,0
8,5,11.9,30,0.39666666666666667,0,1,0,2
19,5,42.8,60,0.7133333333333333,0,1,0,1
1,2,36.6,60,0.61,0,0,1,1
0,2,89.6,100,0.8959999999999999,0,0,1,0
17,4,67.7,100,0.677,0,1,0,1
10,2,53.4,60,0.89,0,0,0,0
5,6,40.6,50,0.812,1,0,1,0
0,3,53.0,60,0.8833333333333333,0,0,1,0
14,2,8.0,60,0.13333333333333333,0,0,0,2
4,6,52.8,60,0.88,1,0,1,0
3,1,45.7,60,0.7616666666666667,0,0,1,0
19,3,13.9,80,0.17375000000000002,0,1,0,2
1,4,23.8,30,0.7933333333333333,0,0,1,0
13,5,49.9,50,0.998,0,0,0,0
6,6,43.6,50,0.872,1,0,0,0
20,2,49.9,60,0.8316666666666667,0,0,0,0
11,5,14.1,80,0.17625,0,0,0,2
10,3,42.6,60,0.7100000000000001,0,0,0,1
3,4,69.8,80,0.8724999999999999,0,0,1,0
23,5,67.3,80,0.8412499999999999,0,0,1,0
14,4,3.9,30,0.13,0,0,0,2
14,3,54.6,80,0.6825,0,0,0,1
1,5,27.7,30,0.9233333333333333,0,0,1,0
13,6,33.1,60,0.5516666666666666,1,0,0,1
4,3,60.8,100,0.608,0,0,1,1
5,7,77.6,80,0.97,1,0,1,0
1,1,69.8,100,0.698,0,0,1,1
8,2,7.7,60,0.12833333333333333,0,1,0,2
5,4,81.7,100,0.8170000000000001,0,0,1,0
4,6,34.8,50,0.696,1,0,1,1
9,1,25.6,50,0.512,0,1,0,1
23,6,17.6,30,0.5866666666666667,1,0,1,1
19,6,8.0,30,0.26666666666666666,1,1,0,2
12,2,55.8,60,0.9299999999999999,0,0,0,0
18,6,29.3,30,0.9766666666666667,1,1,0,0
9,6,48.9,60,0.815,1,1,0,0
8,5,18.2,60,0.30333333333333334,0,1,0,2
6,2,15.2,30,0.5066666666666666,0,0,0,1
9,3,14.9,50,0.298,0,1,0,2
12,2,49.5,60,0.825,0,0,0,0
4,1,58.0,60,0.9666666666666667,0,0,1,0
4,5,54.4,60,0.9066666666666666,0,0,1,0
21,3,48.3,60,0.8049999999999999,0,0,0,0
10,5,96.2,100,0.9620000000000001,0,0,0,0
10,7,13.4,50,0.268,1,0,0,2
7,2,7.2,30,0.24000000000000002,0,1,0,2
15,6,7.0,60,0.11666666666666667,1,0,0,2
11,7,29.6,60,0.49333333333333335,1,0,0,1
11,7,31.8,80,0.3975,1,0,0,2
23,5,51.9,60,0.865,0,0,1,0
0,3,58.3,60,0.9716666666666666,0,0,1,0
3,5,49.8,50,0.996,0,0,1,0
23,3,53.5,100,0.535,0,0,1,1
21,2,25.5,30,0.85,0,0,0,0
2,5,34.7,60,0.5783333333333334,0,0,1,1
5,6,48.0,50,0.96,1,0,1,0
8,4,11.9,80,0.14875,0,1,0,2
17,1,11.0,30,0.36666666666666664,0,1,0,2
21,3,9.0,50,0.18,0,0,0,2
2,4,35.8,60,0.5966666666666666,0,0,1,1
8,4,15.9,100,0.159,0,1,0,2
9,3,13.6,100,0.136,0,1,0,2
7,1,20.0,50,0.4,0,1,0,2
14,3,32.6,50,0.652,0,0,0,1
7,7,7.2,60,0.12000000000000001,1,1,0,2
17,4,8.0,60,0.13333333333333333,0,1,0,2
23,4,28.6,60,0.4766666666666667,0,0,1,1
1,5,56.1,60,0.935,0,0,1,0
2,7,42.1,50,0.8420000000000001,1,0,1,0
21,2,69.3,80,0.86625,0,0,0,0
9,5,42.2,60,0.7033333333333334,0,1,0,1
20,1,58.2,60,0.9700000000000001,0,0,0,0
0,7,64.7,80,0.8087500000000001,1,0,1,0
2,2,49.6,50,0.992,0,0,1,0
12,6,25.2,50,0.504,1,0,0,1
18,6,11.1,30,0.37,1,1,0,2
23,1,54.8,60,0.9133333333333333,0,0,1,0
4,6,82.2,100,0.8220000000000001,1,0,1,0
5,3,78.6,80,0.9824999999999999,0,0,1,0
15,7,63.8,80,0.7975,1,0,0,0
12,5,58.4,80,0.73,0,0,0,1
14,1,47.7,60,0.795,0,0,0,0
16,1,42.6,80,0.5325,0,0,0,1
5,1,18.6,30,0.62,0,0,1,1
15,7,19.1,50,0.382,1,0,0,2
21,5,57.9,100,0.579,0,0,0,1
10,3,71.8,80,0.8975,0,0,0,0
14,6,13.6,100,0.136,1,0,0,2
20,7,55.1,60,0.9183333333333333,1,0,0,0
18,3,10.5,100,0.105,0,1,0,2
9,6,71.9,80,0.89875,1,1,0,0
4,6,58.6,60,0.9766666666666667,1,0,1,0
4,7,53.4,60,0.89,1,0,1,0
9,7,45.8,60,0.7633333333333333,1,1,0,0
16,1,40.8,50,0.816,0,0,0,0
11,3,38.1,80,0.47625,0,0,0,1
13,4,36.5,60,0.6083333333333333,0,0,0,1
8,6,79.7,80,0.9962500000000001,1,1,0,0
18,5,42.1,60,0.7016666666666667,0,1,0,1
7,6,23.8,30,0.7933333333333333,1,1,0,0
19,3,9.5,50,0.19,0,1,0,2
11,6,65.2,80,0.8150000000000001,1,0,0,0
15,6,35.6,60,0.5933333333333334,1,0,0,1
17,1,23.3,60,0.38833333333333336,0,1,0,2
4,3,46.8,60,0.7799999999999999,0,0,1,0
13,4,73.7,80,0.92125,0,0,0,0
6,3,38.1,60,0.635,0,0,0,1
12,7,29.8,30,0.9933333333333334,1,0,0,0
4,4,46.8,60,0.7799999999999999,0,0,1,0
23,3,24.8,30,0.8266666666666667,0,0,1,0
15,3,18.6,60,0.31,0,0,0,2
20,3,15.2,30,0.5066666666666666,0,0,0,1
4,1,78.1,100,0.7809999999999999,0,0,1,0
4,2,50.9,60,0.8483333333333333,0,0,1,0
15,7,57.0,60,0.95,1,0,0,0
16,6,31.1,60,0.5183333333333333,1,0,0,1
4,3,69.5,80,0.86875,0,0,1,0
12,4,26.5,50,0.53,0,0,0,1
11,1,39.8,60,0.6633333333333333,0,0,0,1
7,3,14.5,50,0.29,0,1,0,2
2,5,50.0,50,1.0,0,0,1,0
18,4,70.8,100,0.708,0,1,0,1
13,7,50.2,80,0.6275000000000001,1,0,0,1
8,1,51.5,80,0.64375,0,1,0,1
22,7,59.7,60,0.995,1,0,1,0
22,3,47.7,60,0.795,0,0,1,0
8,5,14.5,100,0.145,0,1,0,2
17,4,29.1,60,0.48500000000000004,0,1,0,1
10,5,45.5,60,0.7583333333333333,0,0,0,0
16,4,53.8,60,0.8966666666666666,0,0,0,0
11,4,68.7,80,0.85875,0,0,0,0
21,2,38.6,60,0.6433333333333333,0,0,0,1
4,2,58.3,60,0.9716666666666666,0,0,1,0
23,1,56.8,60,0.9466666666666667,0,0,1,0
11,5,6.8,50,0.136,0,0,0,2
8,2,8.9,60,0.14833333333333334,0,1,0,2
1,2,59.1,60,0.985,0,0,1,0
12,7,27.7,80,0.34625,1,0,0,2
9,2,18.3,60,0.305,0,1,0,2
14,4,43.9,60,0.7316666666666667,0,0,0,1
15,2,21.9,60,0.365,0,0,0,2
2,7,23.8,30,0.7933333333333333,1,0,1,0
10,4,52.7,60,0.8783333333333334,0,0,0,0
1,3,94.0,100,0.94,0,0,1,0
20,2,51.9,80,0.6487499999999999,0,0,0,1
4,5,26.9,30,0.8966666666666666,0,0,1,0
4,6,82.3,100,0.823,1,0,1,0
22,7,9.4,50,0.188,1,0,1,2
5,5,57.6,60,0.9600000000000001,0,0,1,0
6,5,19.5,60,0.325,0,0,0,2
9,2,44.4,60,0.74,0,1,0,1
13,2,29.8,100,0.298,0,0,0,2
6,7,56.8,60,0.9466666666666667,1,0,0,0
8,4,26.2,60,0.43666666666666665,0,1,0,2
1,6,69.2,80,0.865,1,0,1,0
0,5,78.5,100,0.785,0,0,1,0
6,5,46.9,60,0.7816666666666666,0,0,0,0
10,4,28.6,80,0.35750000000000004,0,0,0,2
6,5,65.4,80,0.8175000000000001,0,0,0,0
19,7,59.3,60,0.9883333333333333,1,1,0,0
12,3,42.9,80,0.53625,0,0,0,1
7,2,21.7,100,0.217,0,1,0,2
17,7,49.6,60,0.8266666666666667,1,1,0,0
17,7,56.9,60,0.9483333333333334,1,1,0,0
3,6,54.5,100,0.545,1,0,1,1
7,5,84.1,100,0.841,0,1,0,0
17,3,39.3,80,0.49124999999999996,0,1,0,1
1,3,67.3,80,0.8412499999999999,0,0,1,0
23,3,48.2,50,0.9640000000000001,0,0,1,0
2,3,18.7,80,0.23374999999999999,0,0,1,2
6,3,7.9,60,0.13166666666666668,0,0,0,2
14,5,16.3,80,0.20375000000000001,0,0,0,2
4,5,45.4,60,0.7566666666666666,0,0,1,0
4,7,47.2,60,0.7866666666666667,1,0,1,0
0,5,64.1,80,0.8012499999999999,0,0,1,0
21,5,17.8,30,0.5933333333333334,0,0,0,1
4,3,55.1,60,0.9183333333333333,0,0,1,0
7,7,51.2,80,0.64,1,1,0,1
21,6,54.1,80,0.67625,1,0,0,1
6,2,79.6,100,0.7959999999999999,0,0,0,0
9,1,92.8,100,0.9279999999999999,0,1,0,0
23,1,47.5,60,0.7916666666666666,0,0,1,0
1,1,98.6,100,0.986,0,0,1,0
14,5,56.5,60,0.9416666666666667,0,0,0,0
17,3,17.7,50,0.354,0,1,0,2
1,5,59.2,60,0.9866666666666667,0,0,1,0
20,1,14.2,60,0.23666666666666666,0,0,0,2
14,2,28.2,30,0.94,0,0,0,0
8,2,71.1,100,0.711,0,1,0,1
0,7,50.5,60,0.8416666666666667,1,0,1,0
6,5,39.3,60,0.6549999999999999,0,0,0,1
5,2,50.0,60,0.8333333333333334,0,0,1,0
15,3,48.7,60,0.8116666666666668,0,0,0,0
21,2,54.9,60,0.9149999999999999,0,0,0,0
14,7,33.0,50,0.66,1,0,0,1
14,2,25.6,60,0.4266666666666667,0,0,0,2
13,2,58.1,60,0.9683333333333334,0,0,0,0
1,7,58.3,60,0.9716666666666666,1,0,1,0
12,1,61.2,80,0.765,0,0,0,0
21,5,73.4,80,0.9175000000000001,0,0,0,0
21,7,43.9,60,0.7316666666666667,1,0,0,1
9,5,24.8,60,0.41333333333333333,0,1,0,2
16,2,42.2,60,0.7033333333333334,0,0,0,1
23,3,28.1,50,0.562,0,0,1,1
5,1,40.5,50,0.81,0,0,1,0
1,2,57.9,60,0.965,0,0,1,0
23,4,58.4,60,0.9733333333333333,0,0,1,0
18,4,18.9,100,0.18899999999999997,0,1,0,2
22,6,52.6,60,0.8766666666666667,1,0,1,0
0,4,42.6,50,0.852,0,0,1,0
21,1,42.5,50,0.85,0,0,0,0
10,6,20.4,60,0.33999999999999997,1,0,0,2
12,1,32.0,50,0.64,0,0,0,1
12,3,40.8,50,0.816,0,0,0,0
15,7,19.2,80,0.24,1,0,0,2
1,2,27.3,30,0.91,0,0,1,0
6,2,59.9,60,0.9983333333333333,0,0,0,0
16,4,48.6,60,0.81,0,0,0,0
16,2,42.9,50,0.858,0,0,0,0
21,7,55.6,60,0.9266666666666666,1,0,0,0
8,5,26.3,60,0.43833333333333335,0,1,0,2
13,1,50.3,60,0.8383333333333333,0,0,0,0
19,4,29.8,50,0.596,0,1,0,1
19,5,41.1,60,0.685,0,1,0,1
4,3,41.8,50,0.836,0,0,1,0
6,7,58.2,60,0.9700000000000001,1,0,0,0
20,3,39.7,50,0.794,0,0,0,0
5,4,46.2,50,0.924,0,0,1,0
5,6,58.5,60,0.975,1,0,1,0
20,2,48.3,60,0.8049999999999999,0,0,0,0
15,3,42.6,50,0.852,0,0,0,0
17,6,8.5,50,0.17,1,1,0,2
13,5,76.2,80,0.9525,0,0,0,0
0,2,64.7,80,0.8087500000000001,0,0,1,0
2,5,25.5,50,0.51,0,0,1,1
7,6,35.4,50,0.708,1,1,0,1
23,5,47.0,60,0.7833333333333333,0,0,1,0
8,3,7.5,30,0.25,0,1,0,2
6,4,74.0,80,0.925,0,0,0,0
16,2,37.6,50,0.752,0,0,0,0
6,2,56.2,80,0.7025,0,0,0,1
20,2,22.5,30,0.75,0,0,0,0
3,1,51.7,60,0.8616666666666667,0,0,1,0
8,5,45.7,80,0.57125,0,1,0,1
14,2,49.9,60,0.8316666666666667,0,0,0,0
9,5,8.0,30,0.26666666666666666,0,1,0,2
0,5,64.7,80,0.8087500000000001,0,0,1,0
7,3,21.0,50,0.42,0,1,0,2
4,4,95.2,100,0.9520000000000001,0,0,1,0
18,4,31.1,60,0.5183333333333333,0,1,0,1
22,7,48.6,60,0.81,1,0,1,0
2,2,46.7,60,0.7783333333333334,0,0,1,0
9,4,20.9,60,0.34833333333333333,0,1,0,2
23,2,68.6,80,0.8574999999999999,0,0,1,0
18,4,59.1,60,0.985,0,1,0,0
23,1,45.2,50,0.904,0,0,1,0
2,7,10.4,80,0.13,1,0,1,2
5,5,49.4,50,0.988,0,0,1,0
19,4,9.5,50,0.19,0,1,0,2
6,2,49.1,60,0.8183333333333334,0,0,0,0
9,7,12.5,30,0.4166666666666667,1,1,0,2
23,5,45.9,60,0.765,0,0,1,0
2,1,29.8,30,0.9933333333333334,0,0,1,0
14,4,19.9,30,0.6633333333333333,0,0,0,1
2,3,23.5,30,0.7833333333333333,0,0,1,0
22,3,58.0,60,0.9666666666666667,0,0,1,0
23,2,59.1,60,0.985,0,0,1,0
23,1,20.4,30,0.6799999999999999,0,0,1,1
10,5,37.1,60,0.6183333333333334,0,0,0,1
4,3,29.0,60,0.48333333333333334,0,0,1,1
18,7,16.1,60,0.26833333333333337,1,1,0,2
1,7,17.3,80,0.21625,1,0,1,2
2,6,16.6,50,0.332,1,0,1,2
8,3,65.5,80,0.81875,0,1,0,0
10,3,36.2,50,0.7240000000000001,0,0,0,1
6,5,25.4,30,0.8466666666666666,0,0,0,0
11,5,29.2,30,0.9733333333333333,0,0,0,0
11,6,69.7,80,0.8712500000000001,1,0,0,0
15,3,46.3,60,0.7716666666666666,0,0,0,0
13,4,16.8,30,0.56,0,0,0,1
2,2,53.4,60,0.89,0,0,1,0
9,5,58.2,60,0.9700000000000001,0,1,0,0
14,6,39.1,60,0.6516666666666667,1,0,0,1
0,4,91.4,100,0.914,0,0,1,0
17,5,17.4,100,0.174,0,1,0,2
14,2,66.8,80,0.835,0,0,0,0
16,3,64.1,80,0.8012499999999999,0,0,0,0
23,5,90.2,100,0.902,0,0,1,0
10,3,28.0,30,0.9333333333333333,0,0,0,0
10,7,63.8,80,0.7975,1,0,0,0
14,1,48.4,50,0.968,0,0,0,0
16,1,3.8,30,0.12666666666666665,0,0,0,2
0,3,47.0,50,0.94,0,0,1,0
8,2,7.4,60,0.12333333333333334,0,1,0,2
5,4,67.5,80,0.84375,0,0,1,0
10,5,43.8,60,0.73,0,0,0,1
2,6,53.9,60,0.8983333333333333,1,0,1,0
15,5,30.6,60,0.51,0,0,0,1
20,1,47.7,80,0.5962500000000001,0,0,0,1
8,4,25.6,60,0.4266666666666667,0,1,0,2
2,6,86.1,100,0.861,1,0,1,0
1,5,57.5,60,0.9583333333333334,0,0,1,0
11,4,33.8,60,0.5633333333333332,0,0,0,1
22,2,46.5,60,0.775,0,0,1,0
7,5,10.5,60,0.175,0,1,0,2
10,4,46.0,60,0.7666666666666667,0,0,0,0
20,1,7.1,60,0.11833333333333333,0,0,0,2
18,6,16.6,50,0.332,1,1,0,2
8,2,16.8,60,0.28,0,1,0,2
6,2,55.9,100,0.5589999999999999,0,0,0,1
10,1,46.7,100,0.467,0,0,0,1
9,5,13.5,100,0.135,0,1,0,2
7,2,11.6,60,0.19333333333333333,0,1,0,2
3,1,25.4,30,0.8466666666666666,0,0,1,0
22,5,55.4,60,0.9233333333333333,0,0,1,0
18,3,31.3,60,0.5216666666666667,0,1,0,1
3,4,85.3,100,0.853,0,0,1,0
0,3,40.4,80,0.505,0,0,1,1
22,6,61.8,80,0.7725,1,0,1,0
22,3,48.9,50,0.978,0,0,1,0
21,2,31.7,80,0.39625,0,0,0,2
15,6,41.4,80,0.5175,1,0,0,1
21,6,47.7,60,0.795,1,0,0,0
1,3,85.2,100,0.852,0,0,1,0
12,1,34.8,50,0.696,0,0,0,1
5,6,28.0,30,0.9333333333333333,1,0,1,0
21,2,27.6,30,0.92,0,0,0,0
11,6,63.8,80,0.7975,1,0,0,0
17,3,40.1,100,0.401,0,1,0,2
18,7,24.0,30,0.8,1,1,0,0
1,7,14.6,80,0.1825,1,0,1,2
6,1,46.4,50,0.9279999999999999,0,0,0,0
14,7,27.6,50,0.552,1,0,0,1
19,5,18.8,60,0.31333333333333335,0,1,0,2
10,3,9.4,30,0.31333333333333335,0,0,0,2
11,2,37.6,80,0.47000000000000003,0,0,0,1
6,6,39.0,50,0.78,1,0,0,0
9,3,8.5,30,0.2833333333333333,0,1,0,2
8,1,20.5,30,0.6833333333333333,0,1,0,1
16,3,42.2,80,0.5275000000000001,0,0,0,1
15,2,77.8,100,0.778,0,0,0,0
11,4,45.3,50,0.9059999999999999,0,0,0,0
2,5,83.7,100,0.8370000000000001,0,0,1,0
12,6,28.4,60,0.47333333333333333,1,0,0,1
12,4,37.4,80,0.46749999999999997,0,0,0,1
16,6,33.3,100,0.33299999999999996,1,0,0,2
7,7,45.1,50,0.902,1,1,0,0
14,2,7.4,60,0.12333333333333334,0,0,0,2
5,7,56.4,60,0.94,1,0,1,0
0,4,24.3,30,0.81,0,0,1,0
16,5,38.1,50,0.762,0,0,0,0
20,4,20.8,30,0.6933333333333334,0,0,0,1
17,2,40.1,80,0.50125,0,1,0,1
0,6,49.2,60,0.8200000000000001,1,0,1,0
7,2,30.7,80,0.38375,0,1,0,2
8,7,44.6,50,0.892,1,1,0,0
14,1,10.0,80,0.125,0,0,0,2
14,7,18.4,60,0.30666666666666664,1,0,0,2
3,4,28.4,60,0.47333333333333333,0,0,1,1
1,1,20.1,60,0.335,0,0,1,2
6,7,36.4,60,0.6066666666666667,1,0,0,1
20,2,24.2,30,0.8066666666666666,0,0,0,0
22,1,59.3,60,0.9883333333333333,0,0,1,0
5,6,52.5,60,0.875,1,0,1,0
5,5,55.3,60,0.9216666666666666,0,0,1,0
18,7,21.1,50,0.42200000000000004,1,1,0,2
21,1,32.7,50,0.654,0,0,0,1
11,3,30.0,60,0.5,0,0,0,1
23,1,71.5,80,0.89375,0,0,1,0
7,4,16.3,50,0.326,0,1,0,2
0,1,43.5,60,0.725,0,0,1,1
8,6,78.6,100,0.7859999999999999,1,1,0,0
15,2,38.1,80,0.47625,0,0,0,1
12,6,42.9,60,0.715,1,0,0,1
6,3,79.1,100,0.7909999999999999,0,0,0,0
23,1,62.6,80,0.7825,0,0,1,0
2,4,53.3,60,0.8883333333333333,0,0,1,0
20,2,46.3,60,0.7716666666666666,0,0,0,0
21,5,71.8,80,0.8975,0,0,0,0
3,5,40.0,50,0.8,0,0,1,0
11,2,23.5,80,0.29375,0,0,0,2
5,7,72.2,80,0.9025000000000001,1,0,1,0
10,4,35.9,60,0.5983333333333333,0,0,0,1
5,6,6.5,50,0.13,1,0,1,2
18,7,32.4,60,0.5399999999999999,1,1,0,1
7,4,41.9,80,0.5237499999999999,0,1,0,1
19,2,32.8,50,0.6559999999999999,0,1,0,1
17,4,33.7,60,0.5616666666666668,0,1,0,1
13,6,35.5,50,0.71,1,0,0,1
8,5,33.6,80,0.42000000000000004,0,1,0,2
19,4,52.3,60,0.8716666666666666,0,1,0,0
7,1,30.0,60,0.5,0,1,0,2
8,1,25.0,60,0.4166666666666667,0,1,0,2
9,1,40.0,60,0.6666666666666666,0,1,0,1
12,1,50.0,60,0.8333333333333334,0,0,0,0
14,1,45.0,60,0.75,0,0,0,1
17,1,28.0,60,0.4666666666666667,0,1,0,2
18,1,22.0,60,0.36666666666666664,0,1,0,2
20,1,40.0,60,0.6666666666666666,0,0,0,1
22,1,55.0,60,0.9166666666666666,0,0,1,0
7,5,32.0,60,0.5333333333333333,0,1,0,2
8,5,28.0,60,0.4666666666666667,0,1,0,2
10,5,45.0,60,0.75,0,0,0,1
13,5,50.0,60,0.8333333333333334,0,0,0,0
16,5,38.0,60,0.6333333333333333,0,0,0,1
19,5,30.0,60,0.5,0,1,0,2
22,5,55.0,60,0.9166666666666666,0,0,1,0
